{
	"format_version": "1.8.0",
	"animations": {
		"static": {
			"loop": true,
			"bones": {
				"R": {
					"rotation": [85.16972, -345.03769, -178.98447],
					"position": [-6.85, -15, 11],
					"scale": [1, 1.5, 1]
				},
				"l": {
					"rotation": [83.10427, -393.05246, -113.67117],
					"position": [7, -14.6, -3],
					"scale": [1, 1.5, 1]
				}
			}
		},
		"static_idle": {
			"loop": true,
			"bones": {
				"R": {
					"rotation": [85.16972, -345.03769, -178.98447],
					"position": [-6.85, -15, 11],
					"scale": [1, 1.5, 1]
				},
				"l": {
					"rotation": [83.10427, -393.05246, -113.67117],
					"position": [7, -14.6, -3],
					"scale": [1, 1.5, 1]
				},
				"kar98_bullet2": {
					"scale": 1
				},
				"clip": {
					"scale": 0
				},
				"792x3": {
					"scale": 0
				},
				"bullet3": {
					"scale": 0
				},
				"bullet4": {
					"scale": 0
				},
				"bullet5": {
					"scale": 0
				},
				"bullet": {
					"scale": 0
				},
				"constraint": {
					"rotation": [0.2, 0.15, 0.2],
					"position": [0.1, 0.1, 0.4]
				}
			}
		},
		"draw": {
			"animation_length": 1.1,
			"bones": {
				"R": {
					"rotation": {
						"0.55": {
							"pre": [82.74111, -341.35383, -230.54077],
							"post": [82.74111, -341.35383, -230.54077],
							"lerp_mode": "catmullrom"
						},
						"0.7": {
							"post": [75.01993, -353.72302, -223.597],
							"lerp_mode": "catmullrom"
						},
						"0.8": {
							"post": [78.66121, -349.06057, -207.43908],
							"lerp_mode": "catmullrom"
						},
						"0.9": {
							"post": [85.16972, -345.03769, -178.98447],
							"lerp_mode": "catmullrom"
						}
					},
					"position": {
						"0.55": {
							"pre": [-7.15, -13.2, -4.8],
							"post": [-7.15, -13.2, -4.8],
							"lerp_mode": "catmullrom"
						},
						"0.7": {
							"post": [-8.96887, -15.78146, 4.69247],
							"lerp_mode": "catmullrom"
						},
						"0.8": {
							"post": [-7.65, -14.00153, 12.1],
							"lerp_mode": "catmullrom"
						},
						"0.9": {
							"post": [-6.85, -15, 11],
							"lerp_mode": "catmullrom"
						}
					},
					"scale": [1, 1.5, 1]
				},
				"l": {
					"rotation": {
						"0.15": [73.77556, -407.08208, -144.31549],
						"0.5": [83.10427, -393.05246, -113.67117]
					},
					"position": {
						"0.15": [14.9619, -19.97616, -6.01659],
						"0.5": [7, -14.6, -3]
					},
					"scale": [1, 1.5, 1]
				},
				"root": {
					"rotation": {
						"0.05": {
							"pre": [37.71943, 6.27154, -9.28004],
							"post": [37.71943, 6.27154, -9.28004],
							"lerp_mode": "catmullrom"
						},
						"0.3": {
							"post": [22.27, -4.26, -9.18],
							"lerp_mode": "catmullrom"
						},
						"0.5": {
							"post": [7.42, -1.245, -8.81],
							"lerp_mode": "catmullrom"
						},
						"0.6": {
							"post": [3.71, -0.95, -0.355],
							"lerp_mode": "catmullrom"
						},
						"0.7": {
							"post": [0.98, 0.715, 0.73],
							"lerp_mode": "catmullrom"
						},
						"0.75": {
							"post": [0, 1.15, -0.9],
							"lerp_mode": "catmullrom"
						},
						"0.8": {
							"post": [-0.27, 0.3, 0.27],
							"lerp_mode": "catmullrom"
						},
						"0.9": {
							"post": [0, -0.2, -0.375],
							"lerp_mode": "catmullrom"
						},
						"1.0": {
							"post": [0, 0, 0.075],
							"lerp_mode": "catmullrom"
						},
						"1.1": {
							"post": [0, 0, 0],
							"lerp_mode": "catmullrom"
						}
					},
					"position": {
						"0.05": {
							"pre": [-6.725, 1.4, 14.675],
							"post": [-6.725, 1.4, 14.675],
							"lerp_mode": "catmullrom"
						},
						"0.25": {
							"post": [-6.725, 2.2, 11.625],
							"lerp_mode": "catmullrom"
						},
						"0.5": {
							"post": [-1.92, 0.34, 3.32],
							"lerp_mode": "catmullrom"
						},
						"0.65": {
							"post": [-0.445, -0.1, -0.22],
							"lerp_mode": "catmullrom"
						},
						"0.75": {
							"post": [-0.2, -0.15, -0.55],
							"lerp_mode": "catmullrom"
						},
						"0.8": {
							"post": [0, 0.02, 0.15],
							"lerp_mode": "catmullrom"
						},
						"0.9": {
							"post": [0, 0, -0.25],
							"lerp_mode": "catmullrom"
						},
						"1.05": {
							"post": [0, 0, 0],
							"lerp_mode": "catmullrom"
						}
					}
				},
				"camera": {
					"rotation": {
						"0.0": {
							"post": [0, 0, 0],
							"lerp_mode": "catmullrom"
						},
						"0.2": {
							"post": [0.05, 0.115, -0.13],
							"lerp_mode": "catmullrom"
						},
						"0.3": {
							"post": [1.01, 0.885, -1.055],
							"lerp_mode": "catmullrom"
						},
						"0.35": {
							"post": [1.275, 1.175, -0.775],
							"lerp_mode": "catmullrom"
						},
						"0.45": {
							"post": [1.44, 1.325, -0.88],
							"lerp_mode": "catmullrom"
						},
						"0.55": {
							"post": [1.3, 1.15, -0.85],
							"lerp_mode": "catmullrom"
						},
						"0.6": {
							"post": [1.38, 0.685, -0.72],
							"lerp_mode": "catmullrom"
						},
						"0.65": {
							"post": [1.03, 0.32, -0.62],
							"lerp_mode": "catmullrom"
						},
						"0.75": {
							"post": [0.7, 0.1, -0.8],
							"lerp_mode": "catmullrom"
						},
						"0.9": {
							"post": [-0.15, 0, 0],
							"lerp_mode": "catmullrom"
						},
						"0.95": {
							"post": [0.09, -0.01, -0.24],
							"lerp_mode": "catmullrom"
						},
						"1.0": {
							"post": [-0.03, -0.01, 0.11],
							"lerp_mode": "catmullrom"
						},
						"1.1": {
							"post": [0, 0, 0],
							"lerp_mode": "catmullrom"
						}
					}
				},
				"clip": {
					"scale": 0
				},
				"bullet2": {
					"scale": 0
				},
				"bullet3": {
					"scale": 0
				},
				"bullet4": {
					"scale": 0
				},
				"kar98_bullet6": {
					"scale": 0
				},
				"bullet": {
					"scale": 0
				}
			}
		},
		"bolt": {
			"animation_length": 0.95,
			"bones": {
				"R": {
					"rotation": {
						"0.0": [85.16972, -345.03769, -178.98447],
						"0.05": [85.17, -345.04, -178.98],
						"0.15": [102.57869, -322.55444, -241.47378],
						"0.25": [103.82112, -339.68713, -203.0058],
						"0.35": [103.82112, -339.68713, -203.0058],
						"0.55": [103.82112, -339.68713, -203.0058],
						"0.6": [103.82112, -339.68713, -203.0058],
						"0.65": [103.82112, -339.68713, -203.0058],
						"0.7": [89.89759, -320.79384, -261.7887],
						"0.9": [85.17, -345.04, -178.98]
					},
					"position": {
						"0.0": [-6.85, -15, 11],
						"0.05": [-6.85, -15, 11],
						"0.15": [-9.25, -13.3, 7.9],
						"0.25": [-8.95, -10.3, 8.8],
						"0.35": [-8.95, -10.3, 12.6],
						"0.55": [-8.95, -10.3, 12.6],
						"0.6": [-8.95, -10.3, 8.5],
						"0.65": [-8.95, -10.3, 8.5],
						"0.7": [-9.65, -16.1, 7.9],
						"0.8": [-8.25, -16.45, 11.15],
						"0.9": [-6.85, -15, 11]
					},
					"scale": [1, 1.5, 1]
				},
				"l": {
					"rotation": [83.10427, -393.05246, -113.67117],
					"position": [7, -14.6, -3],
					"scale": [1, 1.5, 1]
				},
				"root": {
					"rotation": {
						"0.0": [0, 0, 0],
						"0.05": [1, 0, 0.5],
						"0.1": [0, 0, 1],
						"0.2": [-2.59939, -0.0349, 0.7003],
						"0.3": {
							"pre": [-3.60015, 0.05239, 7.79893],
							"post": [-3.60015, 0.05239, 7.79893],
							"lerp_mode": "catmullrom"
						},
						"0.35": {
							"post": [-2.53582, 0.05106, 5.54953],
							"lerp_mode": "catmullrom"
						},
						"0.4": {
							"post": [-2.00022, 0.01494, 6.84988],
							"lerp_mode": "catmullrom"
						},
						"0.45": {
							"post": [-2.08454, -0.02935, 2.27953],
							"lerp_mode": "catmullrom"
						},
						"0.55": {
							"post": [-2.45396, -0.01199, 4.04605],
							"lerp_mode": "catmullrom"
						},
						"0.6": {
							"post": [-2.60035, -0.02, 3.8],
							"lerp_mode": "catmullrom"
						},
						"0.65": {
							"post": [-2.56011, 0.01351, 5.60972],
							"lerp_mode": "catmullrom"
						},
						"0.7": {
							"post": [-2.04989, -0.03309, 2.80009],
							"lerp_mode": "catmullrom"
						},
						"0.8": {
							"post": [-0.81, -0.02, 1.68],
							"lerp_mode": "catmullrom"
						},
						"0.85": {
							"post": [-0.10035, -0.02, 1.4],
							"lerp_mode": "catmullrom"
						},
						"0.95": [0, 0, 0]
					},
					"position": {
						"0.0": [0, 0, 0],
						"0.1": [0, 0.1, 0],
						"0.2": [0, -0.4, 0],
						"0.35": {
							"pre": [0, -0.6, 0.4],
							"post": [0, -0.6, 0.4],
							"lerp_mode": "catmullrom"
						},
						"0.4": {
							"post": [0, -0.6, 0.5],
							"lerp_mode": "catmullrom"
						},
						"0.45": {
							"post": [0, -0.59, 0.23],
							"lerp_mode": "catmullrom"
						},
						"0.6": {
							"post": [0, -0.6, 0.4],
							"lerp_mode": "catmullrom"
						},
						"0.65": {
							"post": [0, -0.4, 0.6],
							"lerp_mode": "catmullrom"
						},
						"0.75": {
							"post": [0, 0.01, 0.24],
							"lerp_mode": "catmullrom"
						},
						"0.85": {
							"post": [0, 0.08, 0.04],
							"lerp_mode": "catmullrom"
						},
						"0.95": {
							"post": [0, 0, 0],
							"lerp_mode": "catmullrom"
						}
					}
				},
				"kar98_bolt_fixed": {
					"position": {
						"0.25": [0, 0, 0],
						"0.35": [0, 0, 3.9],
						"0.55": [0, 0, 3.9],
						"0.6": [0, 0, 0]
					}
				},
				"kar98_bolt_rotate": {
					"rotation": {
						"0.15": [0, 0, 0],
						"0.25": [0, 0, 90],
						"0.65": [0, 0, 90],
						"0.7": [0, 0, 0]
					}
				},
				"kar98_bullet2": {
					"rotation": {
						"0.3": [0, 0, 0],
						"0.45": [-205.17205, -52.4121, -208.72524],
						"0.75": [-513.42466, -60.34607, -106.4241]
					},
					"position": {
						"0.3": [0, 0, 0],
						"0.35": {
							"pre": [-3.44336, 1.55179, 0.23447],
							"post": [-3.44336, 1.55179, 0.23447],
							"lerp_mode": "catmullrom"
						},
						"0.4": {
							"post": [-7.79, 1.575, 0.135],
							"lerp_mode": "catmullrom"
						},
						"0.45": {
							"post": [-11.60901, 2.0433, 0.05176],
							"lerp_mode": "catmullrom"
						},
						"0.5": {
							"post": [-15.87193, 1.42456, 0.0041],
							"lerp_mode": "catmullrom"
						},
						"0.6": {
							"post": [-24.25, -2.405, 0.025],
							"lerp_mode": "catmullrom"
						},
						"0.75": {
							"post": [-33.2, -18.475, 0.025],
							"lerp_mode": "catmullrom"
						}
					}
				},
				"camera": {
					"rotation": {
						"0.0": {
							"post": [0, 0, 0],
							"lerp_mode": "catmullrom"
						},
						"0.15": {
							"post": [0.2, 0, 0.1],
							"lerp_mode": "catmullrom"
						},
						"0.2": {
							"post": [-0.3003, 0.01745, -0.69992],
							"lerp_mode": "catmullrom"
						},
						"0.3": {
							"post": [-0.24963, -0.73249, 0.49025],
							"lerp_mode": "catmullrom"
						},
						"0.45": {
							"post": [0.69808, 0.09595, 0.05144],
							"lerp_mode": "catmullrom"
						},
						"0.5": {
							"post": [0.7003, 0.01745, 0.40008],
							"lerp_mode": "catmullrom"
						},
						"0.7": {
							"post": [0.00008, 0.0349, 0.00038],
							"lerp_mode": "catmullrom"
						},
						"0.85": {
							"post": [0, 0, 0],
							"lerp_mode": "catmullrom"
						}
					}
				}
			}
		},
		"reload_norm_all": {
			"animation_length": 3.25,
			"bones": {
				"R": {
					"rotation": {
						"0.0": [85.16972, -345.03769, -178.98447],
						"0.2": [85.16972, -345.03769, -178.98447],
						"0.35": [88.25915, -331.01873, -243.78793],
						"0.45": [121.20261, -340.66218, -191.91199],
						"0.5": [121.20261, -340.66218, -191.91199],
						"0.6": [151.20261, -340.66218, -191.91199],
						"0.7": [151.20261, -340.66218, -191.91199],
						"0.85": [85.17, -345.04, -178.98],
						"0.9": [118.42263, -342.37484, -143.34149],
						"1.1": [118.42, -342.37, -143.34],
						"1.25": [118.42263, -342.37484, -143.34149],
						"1.35": [118.42263, -342.37484, -143.34149],
						"1.75": [118.42263, -342.37484, -143.34149],
						"1.85": [118.42263, -342.37484, -143.34149],
						"2.1": [118.42, -342.37, -143.34],
						"2.2": [118.42263, -342.37484, -143.34149],
						"2.25": [95.87, -380.77, -129.83],
						"2.3": [106.56199, -416.49647, -80.67323],
						"2.4": [106.56199, -416.49647, -80.67323],
						"2.45": [106.56199, -416.49647, -80.67323],
						"2.6": {
							"pre": [106.56199, -416.49647, -80.67323],
							"post": [106.56199, -416.49647, -80.67323],
							"lerp_mode": "catmullrom"
						},
						"2.65": {
							"post": [110.28654, -379.80992, -118.87212],
							"lerp_mode": "catmullrom"
						},
						"2.7": {
							"post": [91.44495, -350.92053, -157.75827],
							"lerp_mode": "catmullrom"
						},
						"2.8": {
							"post": [85.16972, -345.03769, -178.98447],
							"lerp_mode": "catmullrom"
						}
					},
					"position": {
						"0.0": [-6.85, -15, 11],
						"0.2": [-6.85, -15, 11],
						"0.35": [-9.05, -14, 8.1],
						"0.45": [-8.65, -10.5, 8.4],
						"0.5": [-8.65, -10.5, 8.4],
						"0.6": [-8.65, -10.8, 12.5],
						"0.7": [-8.65, -10.8, 12.5],
						"0.85": [-9.45, -20.1, 11],
						"0.9": [-8.25, -7.5, 20.5],
						"1.1": [-8.25, -7.5, 20.5],
						"1.25": [-8.25, -7.5, 20.5],
						"1.35": [-8.25, -7.5, 20.5],
						"1.75": [-8.25, -7.5, 20.5],
						"1.85": [-8.25, -7.5, 20.5],
						"2.1": [-8.25, -7.5, 20.5],
						"2.2": [-8.25, -7.5, 20.5],
						"2.25": [-8.4, -18, 16.25],
						"2.3": [-9.06, -16.01, 15.3],
						"2.4": [-8.17397, -9.81496, 12.6407],
						"2.45": [-8.17397, -9.81496, 12.6407],
						"2.55": [-8.17, -9.81, 8.74],
						"2.6": {
							"pre": [-8.17, -9.81, 8.74],
							"post": [-8.17, -9.81, 8.74],
							"lerp_mode": "catmullrom"
						},
						"2.7": {
							"post": [-8.87, -14.41, 10.69],
							"lerp_mode": "catmullrom"
						},
						"2.75": {
							"post": [-7.9, -14.99, 10.62],
							"lerp_mode": "catmullrom"
						},
						"2.8": {
							"post": [-6.85, -15, 11],
							"lerp_mode": "catmullrom"
						}
					},
					"scale": {
						"0.0": [1, 1.5, 1],
						"1.1": [1, 1.5, 1],
						"2.1": [1, 1.5, 1]
					}
				},
				"l": {
					"rotation": {
						"0.0": [83.10427, -393.05246, -113.67117],
						"0.2": [19.30127, -369.10246, -37.89262],
						"0.5": [19.3, -369.1, -37.89],
						"0.6": [18.29103, -371.03582, -32.12237],
						"0.75": [18.29103, -371.03582, -32.12237],
						"0.95": [29.85579, -386.41247, -46.16004],
						"1.1": [29.85579, -386.41247, -46.16004],
						"2.1": [29.85579, -386.41247, -46.16004],
						"2.85": [29.85579, -386.41247, -46.16004],
						"2.95": {
							"pre": [64.98003, -389.73246, -79.91561],
							"post": [64.98003, -389.73246, -79.91561],
							"lerp_mode": "catmullrom"
						},
						"3.05": {
							"post": [84.10427, -393.05246, -113.67117],
							"lerp_mode": "catmullrom"
						},
						"3.15": {
							"post": [83.10427, -393.05246, -113.67117],
							"lerp_mode": "catmullrom"
						}
					},
					"position": {
						"0.0": [7, -14.6, -3],
						"0.1": [6.3, -14.9, 0.05],
						"0.2": [5.6, -14, 3.1],
						"0.75": [5.6, -14, 3.1],
						"0.85": [5.4, -14.35, 2.95],
						"0.95": [5.8, -15.1, 2.8],
						"1.1": [5.8, -15.1, 2.8],
						"2.1": [5.8, -15.1, 2.8],
						"2.85": [5.8, -15.1, 2.8],
						"2.95": {
							"pre": [6.6, -14.93, -1.07],
							"post": [6.6, -14.93, -1.07],
							"lerp_mode": "catmullrom"
						},
						"3.05": {
							"post": [7, -14.6, -3],
							"lerp_mode": "catmullrom"
						}
					},
					"scale": {
						"0.0": [1, 1.5, 1],
						"1.1": [1, 1.5, 1],
						"2.1": [1, 1.5, 1]
					}
				},
				"kar98_bolt_fixed": {
					"rotation": {
						"1.1": [0, 0, 0],
						"2.1": [0, 0, 0]
					},
					"position": {
						"0.5": [0, 0, 0],
						"0.6": [0, 0, 3.875],
						"1.1": [0, 0, 3.87],
						"2.1": [0, 0, 3.87],
						"2.45": [0, 0, 3.875],
						"2.55": [0, 0, 0]
					}
				},
				"kar98_bolt_rotate": {
					"rotation": {
						"0.35": [0, 0, 0],
						"0.45": [0, 0, 90],
						"1.1": [0, 0, 90],
						"2.1": [0, 0, 90],
						"2.6": [0, 0, 90],
						"2.7": [0, 0, 0]
					},
					"position": {
						"1.1": [0, 0, 0],
						"2.1": [0, 0, 0]
					}
				},
				"kar98_bullet2": {
					"rotation": {
						"1.1": [0, 0, 0],
						"1.6": [0, 0, 0]
					},
					"position": {
						"1.1": [0, 0, 0],
						"1.3": [0, 0, 0],
						"1.4": [0, -1, 0],
						"1.45": [0, 0, 0],
						"1.6": [0, 0, 0],
						"1.8": [0, 0, 0],
						"1.9": [0, -1, 0],
						"1.95": [0, 0, 0]
					}
				},
				"kar98_bullet3": {
					"rotation": {
						"0.85": [0, 0, 0],
						"0.9": [-8.66852, 22.87182, -42.1751],
						"1.05": {
							"pre": [14.41338, 7.72282, -27.82072],
							"post": [14.41338, 7.72282, -27.82072],
							"lerp_mode": "catmullrom"
						},
						"1.1": {
							"post": [21.01338, 2.02282, -25.02072],
							"lerp_mode": "catmullrom"
						},
						"1.25": {
							"post": [-8.54827, -15.93187, -25.26424],
							"lerp_mode": "catmullrom"
						},
						"1.3": {
							"post": [-12.70504, -2.84052, -18.04092],
							"lerp_mode": "catmullrom"
						},
						"1.35": {
							"post": [0, 0, -10],
							"lerp_mode": "catmullrom"
						},
						"1.4": [0, 0, 0],
						"1.45": [0, 0, 0],
						"1.6": {
							"pre": [21.01338, 2.02282, -25.02072],
							"post": [21.01338, 2.02282, -25.02072],
							"lerp_mode": "catmullrom"
						},
						"1.75": {
							"post": [-8.54827, -15.93187, -25.26424],
							"lerp_mode": "catmullrom"
						},
						"1.8": {
							"post": [-12.70504, -2.84052, -18.04092],
							"lerp_mode": "catmullrom"
						},
						"1.85": {
							"post": [0, 0, -10],
							"lerp_mode": "catmullrom"
						},
						"1.9": [0, 0, 0],
						"1.95": [0, 0, 0],
						"2.1": [21.01338, 2.02282, -25.02072],
						"2.3": {
							"pre": [18.9223, 1.77293, 16.38346],
							"post": [18.9223, 1.77293, 16.38346],
							"lerp_mode": "catmullrom"
						},
						"2.35": [0, 0, 0]
					},
					"position": {
						"0.85": [0, 0, 0],
						"0.9": [-6.8, -16.6, -6.6],
						"1.05": [-3.345, -7.83, -12.17],
						"1.1": {
							"pre": [-2.445, -5.43, -13.17],
							"post": [-2.445, -5.43, -13.17],
							"lerp_mode": "catmullrom"
						},
						"1.25": {
							"post": [-1.36, -3.49, -15],
							"lerp_mode": "catmullrom"
						},
						"1.3": {
							"post": [-0.6, -3.325, -15.06],
							"lerp_mode": "catmullrom"
						},
						"1.35": {
							"post": [0, -4.3, -15.1],
							"lerp_mode": "catmullrom"
						},
						"1.4": [0, -4.9, -14.7],
						"1.45": [0, -4.9, -14.7],
						"1.6": {
							"pre": [-2.445, -5.43, -13.17],
							"post": [-2.445, -5.43, -13.17],
							"lerp_mode": "catmullrom"
						},
						"1.75": {
							"post": [-1.36, -3.49, -15],
							"lerp_mode": "catmullrom"
						},
						"1.8": {
							"post": [-0.6, -3.325, -15.06],
							"lerp_mode": "catmullrom"
						},
						"1.85": {
							"post": [0, -4.3, -15.1],
							"lerp_mode": "catmullrom"
						},
						"1.9": [0, -4.9, -14.7],
						"1.95": [0, -4.9, -14.7],
						"2.1": [-2.445, -5.43, -13.17],
						"2.3": {
							"pre": [-0.96, -12.64, -5],
							"post": [-0.96, -12.64, -5],
							"lerp_mode": "catmullrom"
						},
						"2.35": [0, 0, 0]
					}
				},
				"root": {
					"rotation": {
						"0.0": {
							"post": [0, 0, 0],
							"lerp_mode": "catmullrom"
						},
						"0.1": {
							"post": [-0.18, -0.71, 1.13],
							"lerp_mode": "catmullrom"
						},
						"0.25": {
							"post": [-1.99835, -1.89413, 3.0679],
							"lerp_mode": "catmullrom"
						},
						"0.4": {
							"post": [-2.96, -1.92, 3.63],
							"lerp_mode": "catmullrom"
						},
						"0.45": {
							"post": [-3.09302, -1.9115, 5.3025],
							"lerp_mode": "catmullrom"
						},
						"0.55": {
							"post": [-2.40314, -2.17246, -0.17409],
							"lerp_mode": "catmullrom"
						},
						"0.65": {
							"post": [-2.7, -3.2, 2.27],
							"lerp_mode": "catmullrom"
						},
						"0.75": {
							"post": [-3.29, -4.26, 0.575],
							"lerp_mode": "catmullrom"
						},
						"0.85": {
							"post": [-4.78515, -4.76955, -2.82554],
							"lerp_mode": "catmullrom"
						},
						"1.0": {
							"post": [-6.05, -5.16, -4.82],
							"lerp_mode": "catmullrom"
						},
						"1.1": {
							"post": [-6.48842, -5.38023, -6.41524],
							"lerp_mode": "catmullrom"
						},
						"1.3": {
							"post": [-7.26342, -5.60523, -7.31524],
							"lerp_mode": "catmullrom"
						},
						"1.35": {
							"post": [-8.07395, -5.54375, -7.00315],
							"lerp_mode": "catmullrom"
						},
						"1.4": {
							"post": [-7.38606, -5.41964, -6.49218],
							"lerp_mode": "catmullrom"
						},
						"1.5": {
							"post": [-6.61309, -5.31079, -5.78068],
							"lerp_mode": "catmullrom"
						},
						"1.6": {
							"post": [-6.48842, -5.38023, -6.41524],
							"lerp_mode": "catmullrom"
						},
						"1.8": {
							"post": [-7.26342, -5.60523, -7.31524],
							"lerp_mode": "catmullrom"
						},
						"1.85": {
							"post": [-8.07395, -5.54375, -7.00315],
							"lerp_mode": "catmullrom"
						},
						"1.9": {
							"post": [-7.38606, -5.41964, -6.49218],
							"lerp_mode": "catmullrom"
						},
						"2.0": {
							"post": [-6.61309, -5.31079, -5.78068],
							"lerp_mode": "catmullrom"
						},
						"2.1": {
							"post": [-6.48842, -5.38023, -6.41524],
							"lerp_mode": "catmullrom"
						},
						"2.2": {
							"post": [-5.83842, -4.68023, -4.16524],
							"lerp_mode": "catmullrom"
						},
						"2.3": {
							"post": [-5.42, -2.77, 0.33],
							"lerp_mode": "catmullrom"
						},
						"2.45": {
							"post": [-5.08013, -1.37609, 1.55153],
							"lerp_mode": "catmullrom"
						},
						"2.5": {
							"post": [-4.26552, -0.13621, 6.8797],
							"lerp_mode": "catmullrom"
						},
						"2.6": {
							"post": [-4.83948, -1.27721, 1.16197],
							"lerp_mode": "catmullrom"
						},
						"2.65": {
							"post": [-4.97, -1.11, 1.74],
							"lerp_mode": "catmullrom"
						},
						"2.7": {
							"post": [-4.90402, -1.18464, -1.87301],
							"lerp_mode": "catmullrom"
						},
						"2.8": {
							"post": [-4.55513, -0.52609, -1.44847],
							"lerp_mode": "catmullrom"
						},
						"2.9": {
							"post": [-2.82684, -0.15776, 0.71171],
							"lerp_mode": "catmullrom"
						},
						"3.0": {
							"post": [-0.77288, -0.0466, -2.14514],
							"lerp_mode": "catmullrom"
						},
						"3.05": {
							"post": [-0.26, -0.02, 2.07],
							"lerp_mode": "catmullrom"
						},
						"3.15": {
							"post": [0, 0, -0.175],
							"lerp_mode": "catmullrom"
						},
						"3.25": {
							"post": [0, 0, 0],
							"lerp_mode": "catmullrom"
						}
					},
					"position": {
						"0.0": {
							"post": [0, 0, 0],
							"lerp_mode": "catmullrom"
						},
						"0.1": {
							"post": [-0.24, -0.275, 0.03],
							"lerp_mode": "catmullrom"
						},
						"0.25": {
							"post": [-0.7, -0.525, 0.075],
							"lerp_mode": "catmullrom"
						},
						"0.5": {
							"post": [-1.12, -0.57, -0.045],
							"lerp_mode": "catmullrom"
						},
						"0.55": {
							"post": [-1.17, -0.63, 0.18],
							"lerp_mode": "catmullrom"
						},
						"0.65": {
							"post": [-1.2, -0.77, -0.215],
							"lerp_mode": "catmullrom"
						},
						"0.75": {
							"post": [-1.2, -1.03, -0.22],
							"lerp_mode": "catmullrom"
						},
						"0.9": {
							"post": [-1.195, -1.345, -0.45],
							"lerp_mode": "catmullrom"
						},
						"1.0": {
							"post": [-1.17, -1.295, -0.555],
							"lerp_mode": "catmullrom"
						},
						"1.1": {
							"post": [-1.145, -1.275, -0.6],
							"lerp_mode": "catmullrom"
						},
						"1.3": {
							"post": [-1.145, -1.35, -0.675],
							"lerp_mode": "catmullrom"
						},
						"1.35": {
							"post": [-1.015, -1.495, -0.67],
							"lerp_mode": "catmullrom"
						},
						"1.4": {
							"post": [-1.08, -1.465, -0.66],
							"lerp_mode": "catmullrom"
						},
						"1.5": {
							"post": [-1.045, -1.365, -0.62],
							"lerp_mode": "catmullrom"
						},
						"1.6": {
							"post": [-1.145, -1.275, -0.6],
							"lerp_mode": "catmullrom"
						},
						"1.8": {
							"post": [-1.145, -1.35, -0.675],
							"lerp_mode": "catmullrom"
						},
						"1.85": {
							"post": [-1.015, -1.495, -0.67],
							"lerp_mode": "catmullrom"
						},
						"1.9": {
							"post": [-1.08, -1.465, -0.66],
							"lerp_mode": "catmullrom"
						},
						"2.0": {
							"post": [-1.045, -1.365, -0.62],
							"lerp_mode": "catmullrom"
						},
						"2.1": {
							"post": [-1.145, -1.275, -0.6],
							"lerp_mode": "catmullrom"
						},
						"2.2": {
							"post": [-1.07, -1.275, -0.725],
							"lerp_mode": "catmullrom"
						},
						"2.4": {
							"post": [-0.795, -1.58, -1.37],
							"lerp_mode": "catmullrom"
						},
						"2.55": {
							"post": [-0.71, -1.56, -1.43],
							"lerp_mode": "catmullrom"
						},
						"2.65": {
							"post": [-0.66, -1.52, -1.42],
							"lerp_mode": "catmullrom"
						},
						"2.75": {
							"post": [-0.57, -1.23, -1.37],
							"lerp_mode": "catmullrom"
						},
						"3.0": {
							"post": [-0.13, -0.665, -1.06],
							"lerp_mode": "catmullrom"
						},
						"3.1": {
							"post": [0, -0.05, 0.05],
							"lerp_mode": "catmullrom"
						},
						"3.15": {
							"post": [0.01, 0.01, -0.045],
							"lerp_mode": "catmullrom"
						},
						"3.25": {
							"post": [0, 0, 0],
							"lerp_mode": "catmullrom"
						}
					}
				},
				"792x3": {
					"position": {
						"1.1": [-2.3, 0, 0],
						"1.2": [0, 0, 0],
						"1.5": [0, 0, 0],
						"1.55": [-2.3, 0, 0],
						"1.6": [-2.3, 0, 0],
						"1.7": [0, 0, 0],
						"2.0": [0, 0, 0],
						"2.05": [-2.3, 0, 0]
					}
				},
				"camera": {
					"rotation": {
						"0.0": {
							"post": [0, 0, 0],
							"lerp_mode": "catmullrom"
						},
						"0.1": {
							"post": [0.68, 0.05, -0.23],
							"lerp_mode": "catmullrom"
						},
						"0.2": {
							"post": [1.25981, 0.1334, -0.88375],
							"lerp_mode": "catmullrom"
						},
						"0.35": {
							"post": [0.49, 0.47, -1.61],
							"lerp_mode": "catmullrom"
						},
						"0.4": {
							"post": [-0.19, 0.6, -1.62],
							"lerp_mode": "catmullrom"
						},
						"0.45": {
							"post": [0.15975, 0.71055, -0.28206],
							"lerp_mode": "catmullrom"
						},
						"0.55": {
							"post": [-0.175, 0.87, -2.205],
							"lerp_mode": "catmullrom"
						},
						"0.6": {
							"post": [1.005, 0.95, -0.83],
							"lerp_mode": "catmullrom"
						},
						"0.7": {
							"post": [0.18473, 1.0627, -2.05236],
							"lerp_mode": "catmullrom"
						},
						"0.8": {
							"post": [-0.085, 1.03, -1.34],
							"lerp_mode": "catmullrom"
						},
						"0.95": {
							"post": [0.58, 0.97, -1.57],
							"lerp_mode": "catmullrom"
						},
						"1.1": {
							"post": [0.73469, 0.83767, -1.53377],
							"lerp_mode": "catmullrom"
						},
						"1.2": {
							"post": [0.92, 0.82, -1.435],
							"lerp_mode": "catmullrom"
						},
						"1.35": {
							"post": [0.94423, 0.82112, -1.0089],
							"lerp_mode": "catmullrom"
						},
						"1.4": {
							"post": [1.38, 0.82, -1.955],
							"lerp_mode": "catmullrom"
						},
						"1.5": {
							"post": [0.8, 0.83, -1.485],
							"lerp_mode": "catmullrom"
						},
						"1.6": {
							"post": [0.73469, 0.83767, -1.75877],
							"lerp_mode": "catmullrom"
						},
						"1.7": {
							"post": [0.92, 0.82, -1.435],
							"lerp_mode": "catmullrom"
						},
						"1.85": {
							"post": [0.94423, 0.82112, -1.0089],
							"lerp_mode": "catmullrom"
						},
						"1.9": {
							"post": [1.38, 0.82, -1.955],
							"lerp_mode": "catmullrom"
						},
						"2.0": {
							"post": [0.8, 0.83, -1.485],
							"lerp_mode": "catmullrom"
						},
						"2.1": {
							"post": [0.73469, 0.83767, -1.75877],
							"lerp_mode": "catmullrom"
						},
						"2.2": {
							"post": [0.86, 0.87, -1.615],
							"lerp_mode": "catmullrom"
						},
						"2.35": {
							"post": [1.03121, 0.81984, -0.75425],
							"lerp_mode": "catmullrom"
						},
						"2.5": {
							"post": [-0.01, 0.11, -1.8],
							"lerp_mode": "catmullrom"
						},
						"2.55": {
							"post": [-0.035, -0.14, -0.5],
							"lerp_mode": "catmullrom"
						},
						"2.65": {
							"post": [-0.48779, -0.29008, -2.03122],
							"lerp_mode": "catmullrom"
						},
						"2.7": {
							"post": [-0.355, -0.26, -1.155],
							"lerp_mode": "catmullrom"
						},
						"2.8": {
							"post": [0.07612, -0.12345, -0.6991],
							"lerp_mode": "catmullrom"
						},
						"2.95": {
							"post": [-0.2, -0.01, 0.235],
							"lerp_mode": "catmullrom"
						},
						"3.0": {
							"post": [0.25, 0.025, -0.55],
							"lerp_mode": "catmullrom"
						},
						"3.1": {
							"post": [-0.035, 0.01, 0.06],
							"lerp_mode": "catmullrom"
						},
						"3.25": {
							"post": [0, 0, 0],
							"lerp_mode": "catmullrom"
						}
					}
				},
				"clip": {
					"scale": 0
				},
				"bullet3": {
					"scale": 0
				},
				"bullet4": {
					"scale": 0
				},
				"bullet5": {
					"scale": 0
				},
				"bullet": {
					"scale": 0
				}
			}
		},
		"reload_intro": {
			"animation_length": 1.05,
			"bones": {
				"R": {
					"rotation": {
						"0.0": [85.16972, -345.03769, -178.98447],
						"0.2": [85.16972, -345.03769, -178.98447],
						"0.35": [88.25915, -331.01873, -243.78793],
						"0.45": [121.20261, -340.66218, -191.91199],
						"0.5": [121.20261, -340.66218, -191.91199],
						"0.6": [151.20261, -340.66218, -191.91199],
						"0.7": [151.20261, -340.66218, -191.91199],
						"0.85": [85.17, -345.04, -178.98],
						"0.9": [118.42263, -342.37484, -143.34149],
						"1.05": [118.42, -342.37, -143.34]
					},
					"position": {
						"0.0": [-6.85, -15, 11],
						"0.2": [-6.85, -15, 11],
						"0.35": [-9.05, -14, 8.1],
						"0.45": [-8.65, -10.5, 8.4],
						"0.5": [-8.65, -10.5, 8.4],
						"0.6": [-8.65, -10.8, 12.5],
						"0.7": [-8.65, -10.8, 12.5],
						"0.85": [-9.45, -20.1, 11],
						"0.9": [-8.25, -7.5, 20.5],
						"1.05": [-8.25, -7.5, 20.5]
					},
					"scale": [1, 1.5, 1]
				},
				"l": {
					"rotation": {
						"0.0": [83.10427, -393.05246, -113.67117],
						"0.2": [19.30127, -369.10246, -37.89262],
						"0.5": [19.3, -369.1, -37.89],
						"0.6": [18.29103, -371.03582, -32.12237],
						"0.75": [18.29103, -371.03582, -32.12237],
						"0.95": [29.85579, -386.41247, -46.16004],
						"1.05": [29.86, -386.41, -46.16]
					},
					"position": {
						"0.0": [7, -14.6, -3],
						"0.1": [6.3, -14.9, 0.05],
						"0.2": [5.6, -14, 3.1],
						"0.75": [5.6, -14, 3.1],
						"0.85": [5.4, -14.35, 2.95],
						"0.95": [5.8, -14.7, 2.8],
						"1.05": [5.8, -14.97, 2.8]
					},
					"scale": [1, 1.5, 1]
				},
				"kar98_bolt_fixed": {
					"rotation": [0, 0, 0],
					"position": {
						"0.5": [0, 0, 0],
						"0.6": [0, 0, 3.875],
						"1.05": [0, 0, 3.87]
					}
				},
				"kar98_bolt_rotate": {
					"rotation": {
						"0.35": [0, 0, 0],
						"0.45": [0, 0, 90],
						"1.05": [0, 0, 90]
					},
					"position": [0, 0, 0]
				},
				"kar98_bullet2": {
					"rotation": [0, 0, 0],
					"position": [0, 0, 0]
				},
				"kar98_bullet3": {
					"rotation": {
						"0.85": [0, 0, 0],
						"0.9": [-8.66852, 22.87182, -42.1751],
						"1.05": {
							"pre": [21.01338, 2.02282, -25.02072],
							"post": [21.01338, 2.02282, -25.02072],
							"lerp_mode": "catmullrom"
						}
					},
					"position": {
						"0.85": [0, 0, 0],
						"0.9": [-6.8, -16.6, -6.6],
						"1.05": {
							"pre": [-2.445, -5.43, -13.17],
							"post": [-2.445, -5.43, -13.17],
							"lerp_mode": "catmullrom"
						}
					}
				},
				"root": {
					"rotation": {
						"0.0": {
							"post": [0, 0, 0],
							"lerp_mode": "catmullrom"
						},
						"0.1": {
							"post": [-0.18, -0.71, 1.13],
							"lerp_mode": "catmullrom"
						},
						"0.25": {
							"post": [-1.99835, -1.89413, 3.0679],
							"lerp_mode": "catmullrom"
						},
						"0.4": {
							"post": [-2.96, -1.92, 3.63],
							"lerp_mode": "catmullrom"
						},
						"0.45": {
							"post": [-3.09302, -1.9115, 5.3025],
							"lerp_mode": "catmullrom"
						},
						"0.55": {
							"post": [-2.40314, -2.17246, -0.17409],
							"lerp_mode": "catmullrom"
						},
						"0.65": {
							"post": [-2.7, -3.2, 2.27],
							"lerp_mode": "catmullrom"
						},
						"0.75": {
							"post": [-3.29, -4.26, 0.575],
							"lerp_mode": "catmullrom"
						},
						"0.85": {
							"post": [-4.78515, -4.76955, -2.82554],
							"lerp_mode": "catmullrom"
						},
						"1.0": {
							"post": [-6.05, -5.16, -4.82],
							"lerp_mode": "catmullrom"
						},
						"1.05": {
							"post": [-6.35, -5.29, -5.74],
							"lerp_mode": "catmullrom"
						}
					},
					"position": {
						"0.0": {
							"post": [0, 0, 0],
							"lerp_mode": "catmullrom"
						},
						"0.1": {
							"post": [-0.24, -0.275, 0.03],
							"lerp_mode": "catmullrom"
						},
						"0.25": {
							"post": [-0.7, -0.525, 0.075],
							"lerp_mode": "catmullrom"
						},
						"0.5": {
							"post": [-1.12, -0.57, -0.045],
							"lerp_mode": "catmullrom"
						},
						"0.55": {
							"post": [-1.17, -0.63, 0.18],
							"lerp_mode": "catmullrom"
						},
						"0.65": {
							"post": [-1.2, -0.77, -0.215],
							"lerp_mode": "catmullrom"
						},
						"0.75": {
							"post": [-1.2, -1.03, -0.22],
							"lerp_mode": "catmullrom"
						},
						"0.9": {
							"post": [-1.195, -1.345, -0.45],
							"lerp_mode": "catmullrom"
						},
						"1.0": {
							"post": [-1.17, -1.295, -0.555],
							"lerp_mode": "catmullrom"
						},
						"1.05": {
							"post": [-1.16, -1.28, -0.58],
							"lerp_mode": "catmullrom"
						}
					}
				},
				"792x3": {
					"position": {
						"0.85": [0, 0, 0],
						"0.95": [-2.3, 0, 0]
					}
				},
				"camera": {
					"rotation": {
						"0.0": {
							"post": [0, 0, 0],
							"lerp_mode": "catmullrom"
						},
						"0.1": {
							"post": [0.68, 0.05, -0.23],
							"lerp_mode": "catmullrom"
						},
						"0.2": {
							"post": [1.25981, 0.1334, -0.88375],
							"lerp_mode": "catmullrom"
						},
						"0.35": {
							"post": [0.49, 0.47, -1.61],
							"lerp_mode": "catmullrom"
						},
						"0.4": {
							"post": [-0.19, 0.6, -1.62],
							"lerp_mode": "catmullrom"
						},
						"0.45": {
							"post": [0.15975, 0.71055, -0.28206],
							"lerp_mode": "catmullrom"
						},
						"0.55": {
							"post": [-0.175, 0.87, -2.205],
							"lerp_mode": "catmullrom"
						},
						"0.6": {
							"post": [1.005, 0.95, -0.83],
							"lerp_mode": "catmullrom"
						},
						"0.7": {
							"post": [0.18473, 1.0627, -2.05236],
							"lerp_mode": "catmullrom"
						},
						"0.8": {
							"post": [-0.085, 1.03, -1.34],
							"lerp_mode": "catmullrom"
						},
						"0.95": {
							"post": [0.58, 0.97, -1.57],
							"lerp_mode": "catmullrom"
						},
						"1.05": {
							"post": [0.71, 0.87, -1.55],
							"lerp_mode": "catmullrom"
						}
					}
				},
				"clip": {
					"scale": 0
				},
				"bullet2": {
					"scale": 0
				},
				"bullet3": {
					"scale": 0
				},
				"bullet4": {
					"scale": 0
				},
				"bullet5": {
					"scale": 0
				},
				"bullet": {
					"scale": 0
				},
				"constraint": {
					"rotation": {
						"0.0": [0.2, 0.15, 0.2],
						"0.3": [0.05, 0.05, 0.05]
					},
					"position": {
						"0.0": [0.1, 0.1, 0.4],
						"0.3": [0.05, 0.05, 0.05]
					}
				}
			},
			"sound_effects": {
				"0.0": {
					"effect": "maxstuff:kar98/kar98_reload_norm_intro"
				}
			}
		},
		"reload_loop": {
			"animation_length": 0.5,
			"bones": {
				"R": {
					"rotation": {
						"0.0": [118.42, -342.37, -143.34],
						"0.15": [118.42263, -342.37484, -143.34149],
						"0.25": [118.42263, -342.37484, -143.34149]
					},
					"position": {
						"0.0": [-8.25, -7.5, 20.5],
						"0.15": [-8.25, -7.5, 20.5],
						"0.25": [-8.25, -7.5, 20.5]
					},
					"scale": [1, 1.5, 1]
				},
				"l": {
					"rotation": [29.85579, -386.41247, -46.16004],
					"position": [5.8, -15.1, 2.8],
					"scale": [1, 1.5, 1]
				},
				"kar98_bolt_fixed": {
					"rotation": [0, 0, 0],
					"position": [0, 0, 3.87]
				},
				"kar98_bolt_rotate": {
					"rotation": [0, 0, 90],
					"position": [0, 0, 0]
				},
				"kar98_bullet2": {
					"rotation": [0, 0, 0],
					"position": {
						"0.0": [0, 0, 0],
						"0.2": [0, 0, 0],
						"0.3": [0, -1, 0],
						"0.4": [0, 0, 0]
					}
				},
				"kar98_bullet3": {
					"rotation": {
						"0.0": {
							"post": [21.01338, 2.02282, -25.02072],
							"lerp_mode": "catmullrom"
						},
						"0.15": {
							"post": [-8.54827, -15.93187, -25.26424],
							"lerp_mode": "catmullrom"
						},
						"0.2": {
							"post": [-12.70504, -2.84052, -18.04092],
							"lerp_mode": "catmullrom"
						},
						"0.25": {
							"post": [0, 0, -10],
							"lerp_mode": "catmullrom"
						},
						"0.3": [0, 0, 0],
						"0.35": [0, 0, 0],
						"0.5": {
							"pre": [21.01338, 2.02282, -25.02072],
							"post": [21.01338, 2.02282, -25.02072],
							"lerp_mode": "catmullrom"
						}
					},
					"position": {
						"0.0": {
							"post": [-2.445, -5.43, -13.17],
							"lerp_mode": "catmullrom"
						},
						"0.15": {
							"post": [-1.36, -3.49, -15],
							"lerp_mode": "catmullrom"
						},
						"0.2": {
							"post": [-0.6, -3.325, -15.06],
							"lerp_mode": "catmullrom"
						},
						"0.25": {
							"post": [0, -4.3, -15.1],
							"lerp_mode": "catmullrom"
						},
						"0.3": [0, -4.9, -14.7],
						"0.35": [0, -4.9, -14.7],
						"0.5": {
							"pre": [-2.445, -5.43, -13.17],
							"post": [-2.445, -5.43, -13.17],
							"lerp_mode": "catmullrom"
						}
					}
				},
				"root": {
					"rotation": {
						"0.0": {
							"post": [-6.48842, -5.38023, -6.41524],
							"lerp_mode": "catmullrom"
						},
						"0.2": {
							"post": [-7.26342, -5.60523, -7.31524],
							"lerp_mode": "catmullrom"
						},
						"0.25": {
							"post": [-8.07395, -5.54375, -7.00315],
							"lerp_mode": "catmullrom"
						},
						"0.3": {
							"post": [-7.38606, -5.41964, -6.49218],
							"lerp_mode": "catmullrom"
						},
						"0.4": {
							"post": [-6.61309, -5.31079, -5.78068],
							"lerp_mode": "catmullrom"
						},
						"0.5": {
							"post": [-6.48842, -5.38023, -6.41524],
							"lerp_mode": "catmullrom"
						}
					},
					"position": {
						"0.0": {
							"post": [-1.145, -1.275, -0.6],
							"lerp_mode": "catmullrom"
						},
						"0.2": {
							"post": [-1.145, -1.35, -0.675],
							"lerp_mode": "catmullrom"
						},
						"0.25": {
							"post": [-1.015, -1.495, -0.67],
							"lerp_mode": "catmullrom"
						},
						"0.3": {
							"post": [-1.08, -1.465, -0.66],
							"lerp_mode": "catmullrom"
						},
						"0.4": {
							"post": [-1.045, -1.365, -0.62],
							"lerp_mode": "catmullrom"
						},
						"0.5": {
							"post": [-1.145, -1.275, -0.6],
							"lerp_mode": "catmullrom"
						}
					}
				},
				"792x3": {
					"rotation": {
						"0.0": {
							"post": [0.73469, 0.83767, -1.53377],
							"lerp_mode": "catmullrom"
						},
						"0.1": {
							"post": [0.92, 0.82, -1.435],
							"lerp_mode": "catmullrom"
						},
						"0.25": {
							"post": [0.94423, 0.82112, -1.0089],
							"lerp_mode": "catmullrom"
						},
						"0.3": {
							"post": [1.38, 0.82, -1.955],
							"lerp_mode": "catmullrom"
						},
						"0.4": {
							"post": [0.8, 0.83, -1.485],
							"lerp_mode": "catmullrom"
						},
						"0.5": {
							"post": [0.73469, 0.83767, -1.75877],
							"lerp_mode": "catmullrom"
						}
					},
					"position": {
						"0.0": [-2.3, 0, 0],
						"0.1": [0, 0, 0],
						"0.4": [0, 0, 0],
						"0.45": [-2.3, 0, 0]
					},
					"scale": 1
				},
				"camera": {
					"rotation": {
						"0.0": {
							"post": [0.73469, 0.83767, -1.53377],
							"lerp_mode": "catmullrom"
						},
						"0.1": {
							"post": [0.92, 0.82, -1.435],
							"lerp_mode": "catmullrom"
						},
						"0.25": {
							"post": [0.94423, 0.82112, -1.0089],
							"lerp_mode": "catmullrom"
						},
						"0.3": {
							"post": [1.38, 0.82, -1.955],
							"lerp_mode": "catmullrom"
						},
						"0.4": {
							"post": [0.8, 0.83, -1.485],
							"lerp_mode": "catmullrom"
						},
						"0.5": {
							"post": [0.73469, 0.83767, -1.75877],
							"lerp_mode": "catmullrom"
						}
					}
				},
				"clip": {
					"scale": 0
				},
				"bullet2": {
					"scale": 1
				},
				"bullet3": {
					"scale": 0
				},
				"bullet4": {
					"scale": 0
				},
				"bullet5": {
					"scale": 0
				},
				"bullet": {
					"scale": 0
				},
				"constraint": {
					"rotation": {
						"0.05": [0.05, 0.05, 0.05],
						"0.45": [0.05, 0.05, 0.05]
					},
					"position": {
						"0.05": [0.05, 0.05, 0.05],
						"0.45": [0.05, 0.05, 0.05]
					}
				}
			},
			"sound_effects": {
				"0.25": {
					"effect": "maxstuff:kar98/kar98_reload_norm_loop"
				}
			}
		},
		"reload_end": {
			"animation_length": 1.15,
			"bones": {
				"R": {
					"rotation": {
						"0.0": [118.42, -342.37, -143.34],
						"0.1": [118.42263, -342.37484, -143.34149],
						"0.15": [95.87, -380.77, -129.83],
						"0.2": [106.56199, -416.49647, -80.67323],
						"0.3": [106.56199, -416.49647, -80.67323],
						"0.35": [106.56199, -416.49647, -80.67323],
						"0.5": {
							"pre": [106.56199, -416.49647, -80.67323],
							"post": [106.56199, -416.49647, -80.67323],
							"lerp_mode": "catmullrom"
						},
						"0.55": {
							"post": [110.28654, -379.80992, -118.87212],
							"lerp_mode": "catmullrom"
						},
						"0.6": {
							"post": [91.44495, -350.92053, -157.75827],
							"lerp_mode": "catmullrom"
						},
						"0.7": {
							"post": [85.16972, -345.03769, -178.98447],
							"lerp_mode": "catmullrom"
						}
					},
					"position": {
						"0.0": [-8.25, -7.5, 20.5],
						"0.1": [-8.25, -7.5, 20.5],
						"0.15": [-8.4, -18, 16.25],
						"0.2": [-9.06, -16.01, 15.3],
						"0.3": [-8.17397, -9.81496, 12.6407],
						"0.35": [-8.17397, -9.81496, 12.6407],
						"0.45": [-8.17, -9.81, 8.74],
						"0.5": {
							"pre": [-8.17, -9.81, 8.74],
							"post": [-8.17, -9.81, 8.74],
							"lerp_mode": "catmullrom"
						},
						"0.6": {
							"post": [-8.87, -14.41, 10.69],
							"lerp_mode": "catmullrom"
						},
						"0.65": {
							"post": [-7.9, -14.99, 10.62],
							"lerp_mode": "catmullrom"
						},
						"0.7": {
							"post": [-6.85, -15, 11],
							"lerp_mode": "catmullrom"
						}
					},
					"scale": [1, 1.5, 1]
				},
				"l": {
					"rotation": {
						"0.0": [29.85579, -386.41247, -46.16004],
						"0.75": [29.85579, -386.41247, -46.16004],
						"0.85": {
							"pre": [64.98003, -389.73246, -79.91561],
							"post": [64.98003, -389.73246, -79.91561],
							"lerp_mode": "catmullrom"
						},
						"0.95": {
							"post": [84.10427, -393.05246, -113.67117],
							"lerp_mode": "catmullrom"
						},
						"1.05": {
							"post": [83.10427, -393.05246, -113.67117],
							"lerp_mode": "catmullrom"
						}
					},
					"position": {
						"0.0": [5.8, -15.1, 2.8],
						"0.75": [5.8, -15.1, 2.8],
						"0.85": {
							"pre": [6.6, -14.93, -1.07],
							"post": [6.6, -14.93, -1.07],
							"lerp_mode": "catmullrom"
						},
						"0.95": {
							"post": [7, -14.6, -3],
							"lerp_mode": "catmullrom"
						}
					},
					"scale": [1, 1.5, 1]
				},
				"kar98_bolt_fixed": {
					"rotation": [0, 0, 0],
					"position": {
						"0.0": [0, 0, 3.87],
						"0.35": [0, 0, 3.875],
						"0.45": [0, 0, 0]
					}
				},
				"kar98_bolt_rotate": {
					"rotation": {
						"0.0": [0, 0, 90],
						"0.5": [0, 0, 90],
						"0.6": [0, 0, 0]
					},
					"position": [0, 0, 0]
				},
				"kar98_bullet2": {
					"rotation": [0, 0, 0],
					"position": [0, 0, 0]
				},
				"kar98_bullet3": {
					"rotation": {
						"0.0": [21.01338, 2.02282, -25.02072],
						"0.2": {
							"pre": [18.9223, 1.77293, 16.38346],
							"post": [18.9223, 1.77293, 16.38346],
							"lerp_mode": "catmullrom"
						},
						"0.25": [0, 0, 0]
					},
					"position": {
						"0.0": [-2.445, -5.43, -13.17],
						"0.2": {
							"pre": [-0.96, -12.64, -5],
							"post": [-0.96, -12.64, -5],
							"lerp_mode": "catmullrom"
						},
						"0.25": [0, 0, 0]
					}
				},
				"root": {
					"rotation": {
						"0.0": {
							"post": [-6.48842, -5.38023, -6.41524],
							"lerp_mode": "catmullrom"
						},
						"0.1": {
							"post": [-5.83842, -4.68023, -4.16524],
							"lerp_mode": "catmullrom"
						},
						"0.2": {
							"post": [-5.42, -2.77, 0.33],
							"lerp_mode": "catmullrom"
						},
						"0.35": {
							"post": [-5.08013, -1.37609, 1.55153],
							"lerp_mode": "catmullrom"
						},
						"0.4": {
							"post": [-4.26552, -0.13621, 6.8797],
							"lerp_mode": "catmullrom"
						},
						"0.5": {
							"post": [-4.83948, -1.27721, 1.16197],
							"lerp_mode": "catmullrom"
						},
						"0.55": {
							"post": [-4.97, -1.11, 1.74],
							"lerp_mode": "catmullrom"
						},
						"0.6": {
							"post": [-4.90402, -1.18464, -1.87301],
							"lerp_mode": "catmullrom"
						},
						"0.7": {
							"post": [-4.55513, -0.52609, -1.44847],
							"lerp_mode": "catmullrom"
						},
						"0.8": {
							"post": [-2.82684, -0.15776, 0.71171],
							"lerp_mode": "catmullrom"
						},
						"0.9": {
							"post": [-0.77288, -0.0466, -0.32014],
							"lerp_mode": "catmullrom"
						},
						"0.95": {
							"post": [-0.26, -0.02, 1.045],
							"lerp_mode": "catmullrom"
						},
						"1.05": {
							"post": [0, 0, -0.175],
							"lerp_mode": "catmullrom"
						},
						"1.15": {
							"post": [0, 0, 0],
							"lerp_mode": "catmullrom"
						}
					},
					"position": {
						"0.0": {
							"post": [-1.145, -1.275, -0.6],
							"lerp_mode": "catmullrom"
						},
						"0.1": {
							"post": [-1.07, -1.275, -0.725],
							"lerp_mode": "catmullrom"
						},
						"0.3": {
							"post": [-0.795, -1.58, -1.37],
							"lerp_mode": "catmullrom"
						},
						"0.45": {
							"post": [-0.71, -1.56, -1.43],
							"lerp_mode": "catmullrom"
						},
						"0.55": {
							"post": [-0.66, -1.52, -1.42],
							"lerp_mode": "catmullrom"
						},
						"0.65": {
							"post": [-0.57, -1.23, -1.37],
							"lerp_mode": "catmullrom"
						},
						"0.9": {
							"post": [-0.13, -0.665, -1.06],
							"lerp_mode": "catmullrom"
						},
						"1.0": {
							"post": [0, -0.05, 0.05],
							"lerp_mode": "catmullrom"
						},
						"1.05": {
							"post": [0.01, 0.01, -0.045],
							"lerp_mode": "catmullrom"
						},
						"1.15": {
							"post": [0, 0, 0],
							"lerp_mode": "catmullrom"
						}
					}
				},
				"792x3": {
					"rotation": {
						"0.0": {
							"post": [0.73469, 0.83767, -1.75877],
							"lerp_mode": "catmullrom"
						},
						"0.1": {
							"post": [0.86, 0.87, -1.615],
							"lerp_mode": "catmullrom"
						},
						"0.25": {
							"post": [1.03121, 0.81984, -0.75425],
							"lerp_mode": "catmullrom"
						},
						"0.4": {
							"post": [-0.01, 0.11, -1.8],
							"lerp_mode": "catmullrom"
						},
						"0.45": {
							"post": [-0.035, -0.14, -0.5],
							"lerp_mode": "catmullrom"
						},
						"0.55": {
							"post": [-0.48779, -0.29008, -2.03122],
							"lerp_mode": "catmullrom"
						},
						"0.6": {
							"post": [-0.355, -0.26, -1.155],
							"lerp_mode": "catmullrom"
						},
						"0.7": {
							"post": [0.07612, -0.12345, -0.6991],
							"lerp_mode": "catmullrom"
						},
						"0.85": {
							"post": [-0.2, -0.01, 0.235],
							"lerp_mode": "catmullrom"
						},
						"0.9": {
							"post": [0.25, 0.025, -0.55],
							"lerp_mode": "catmullrom"
						},
						"1.0": {
							"post": [-0.035, 0.01, 0.06],
							"lerp_mode": "catmullrom"
						},
						"1.15": {
							"post": [0, 0, 0],
							"lerp_mode": "catmullrom"
						}
					},
					"position": {
						"0.65": [-2.3, 0, 0],
						"0.75": [0, 0, 0]
					},
					"scale": 1
				},
				"camera": {
					"rotation": {
						"0.0": {
							"post": [0.73469, 0.83767, -1.75877],
							"lerp_mode": "catmullrom"
						},
						"0.1": {
							"post": [0.86, 0.87, -1.615],
							"lerp_mode": "catmullrom"
						},
						"0.25": {
							"post": [1.03121, 0.81984, -0.75425],
							"lerp_mode": "catmullrom"
						},
						"0.4": {
							"post": [-0.01, 0.11, -1.8],
							"lerp_mode": "catmullrom"
						},
						"0.45": {
							"post": [-0.035, -0.14, -0.5],
							"lerp_mode": "catmullrom"
						},
						"0.55": {
							"post": [-0.48779, -0.29008, -2.03122],
							"lerp_mode": "catmullrom"
						},
						"0.6": {
							"post": [-0.355, -0.26, -1.155],
							"lerp_mode": "catmullrom"
						},
						"0.7": {
							"post": [0.07612, -0.12345, -0.6991],
							"lerp_mode": "catmullrom"
						},
						"0.85": {
							"post": [-0.2, -0.01, 0.235],
							"lerp_mode": "catmullrom"
						},
						"0.9": {
							"post": [0.25, 0.025, -0.55],
							"lerp_mode": "catmullrom"
						},
						"1.0": {
							"post": [-0.035, 0.01, 0.06],
							"lerp_mode": "catmullrom"
						},
						"1.15": {
							"post": [0, 0, 0],
							"lerp_mode": "catmullrom"
						}
					}
				},
				"clip": {
					"scale": 0
				},
				"bullet2": {
					"scale": 1
				},
				"bullet3": {
					"scale": 0
				},
				"bullet4": {
					"scale": 0
				},
				"bullet5": {
					"scale": 0
				},
				"bullet": {
					"scale": 0
				},
				"constraint": {
					"rotation": {
						"0.6": [0.05, 0.05, 0.05],
						"0.95": [0.2, 0.15, 0.2]
					},
					"position": {
						"0.6": [0.05, 0.05, 0.05],
						"0.95": [0.1, 0.1, 0.4]
					}
				}
			},
			"sound_effects": {
				"0.0": {
					"effect": "maxstuff:kar98/kar98_reload_norm_end"
				}
			}
		},
		"reload_intro_empty": {
			"animation_length": 3.2,
			"bones": {
				"R": {
					"rotation": {
						"0.0": [85.16972, -345.03769, -178.98447],
						"0.15": [99.16982, -345.03856, -178.98279],
						"0.25": [96.16017, -345.88958, -168.68745],
						"0.3": [96.16017, -345.88958, -168.68745],
						"0.4": [140.16017, -345.88958, -168.68745],
						"0.5": {
							"pre": [140.16017, -345.88958, -168.68745],
							"post": [140.16017, -345.88958, -168.68745],
							"lerp_mode": "catmullrom"
						},
						"0.6": {
							"post": [119.1094, -327.33689, -195.47537],
							"lerp_mode": "catmullrom"
						},
						"0.65": {
							"post": [111.29, -344.49, -165.93],
							"lerp_mode": "catmullrom"
						},
						"0.7": [65.36868, -340.40103, -163.8044],
						"0.8": [65.36868, -340.40103, -163.8044],
						"1.0": [106.36868, -340.40103, -163.8044],
						"1.2": [134.13835, -345.88727, -157.71394],
						"1.3": [129.21646, -346.24762, -157.34073],
						"1.4": [134.29456, -346.60797, -156.96752],
						"1.55": [129.70623, -344.67931, -159.33962],
						"1.6": [115.35573, -338.83851, -163.22237],
						"1.65": [102.05278, -339.04786, -150.08219],
						"1.7": [96.20836, -349.65998, -148.21539],
						"1.8": [96.34383, -349.74197, -147.45768],
						"1.85": [96.20836, -349.65998, -148.21539],
						"1.9": [94.42596, -350.49196, -141.15923],
						"2.0": [94.42596, -350.49196, -141.15923],
						"2.1": [96.20836, -349.65998, -148.21539],
						"2.15": [98.03556, -342.58568, -173.50233],
						"2.3": [101.82185, -417.51445, -94.14868],
						"2.4": [101.82185, -417.51445, -94.14868],
						"2.5": [98.2313, -399.77639, -89.42366],
						"2.55": [98.2313, -399.77639, -89.42366],
						"2.6": {
							"pre": [114.4969, -354.3486, -157.00416],
							"post": [114.4969, -354.3486, -157.00416],
							"lerp_mode": "catmullrom"
						},
						"2.9": {
							"post": [85.16972, -345.03769, -178.98447],
							"lerp_mode": "catmullrom"
						}
					},
					"position": {
						"0.0": [-6.85, -15, 11],
						"0.15": [-8.35, -14.4, 7.8],
						"0.25": [-8.45, -12.04, 8.48],
						"0.3": [-8.45, -12.04, 8.48],
						"0.4": [-8.45067, -12.04635, 11.28002],
						"0.5": {
							"pre": [-8.45067, -12.04635, 11.28002],
							"post": [-8.45067, -12.04635, 11.28002],
							"lerp_mode": "catmullrom"
						},
						"0.6": {
							"post": [-8.72867, -12.25397, 11.45142],
							"lerp_mode": "catmullrom"
						},
						"0.65": {
							"post": [-10.48996, -15.45091, 11.79709],
							"lerp_mode": "catmullrom"
						},
						"0.7": [-8.45, -8.74, 20.38],
						"0.8": [-8.45, -8.74, 20.38],
						"1.0": [-8.45, -8.74, 20.38],
						"1.2": [-8.55, -8.74, 19.48],
						"1.4": [-8.55, -8.74, 19.48],
						"1.55": [-8.55, -8.74, 19.48],
						"1.6": [-8.45, -8.39, 19.83],
						"1.65": [-8.56992, -7.46573, 20.17843],
						"1.7": [-8.66872, -7.2383, 20.16782],
						"1.85": [-8.66872, -7.2383, 20.16782],
						"1.9": [-8.6016, -7.10442, 20.13834],
						"2.0": [-8.6016, -7.10442, 20.13834],
						"2.1": [-8.68499, -7.55396, 20.08135],
						"2.2": {
							"pre": [-9.45355, -8.88623, 24.03486],
							"post": [-9.45355, -8.88623, 24.03486],
							"lerp_mode": "catmullrom"
						},
						"2.3": [-8.58081, -5.88735, 28.94776],
						"2.4": [-8.58081, -5.88735, 28.94776],
						"2.5": [-8.51638, -6.42782, 23.9701],
						"2.55": [-8.51638, -6.42782, 23.9701],
						"2.6": {
							"pre": [-9.34399, -9.89176, 22.48929],
							"post": [-9.34399, -9.89176, 22.48929],
							"lerp_mode": "catmullrom"
						},
						"2.7": {
							"post": [-9.51101, -11.60516, 23.70748],
							"lerp_mode": "catmullrom"
						},
						"2.8": {
							"post": [-7.87647, -11.78779, 25.02133],
							"lerp_mode": "catmullrom"
						},
						"2.9": {
							"post": [-6.865, -10.2, 26.095],
							"lerp_mode": "catmullrom"
						}
					},
					"scale": [1, 1.5, 1]
				},
				"l": {
					"rotation": {
						"0.0": [83.10427, -393.05246, -113.67117],
						"0.2": [81.10427, -393.05246, -113.67117],
						"0.4": [84.10427, -393.05246, -113.67117],
						"1.1": [85.10427, -393.05246, -113.67117],
						"1.25": [84.52157, -392.76021, -108.91909],
						"2.3": [83.52157, -392.76021, -108.91909],
						"2.5": [86.07173, -393.51815, -117.23202],
						"2.7": [83.10427, -393.05246, -113.67117]
					},
					"position": [7, -14.6, -3],
					"scale": [1, 1.5, 1]
				},
				"root": {
					"rotation": {
						"0.0": {
							"post": [0, 0, 0],
							"lerp_mode": "catmullrom"
						},
						"0.2": {
							"post": [-1.33, 1.43, 2.62],
							"lerp_mode": "catmullrom"
						},
						"0.25": {
							"post": [-0.57449, 1.9267, 4.76096],
							"lerp_mode": "catmullrom"
						},
						"0.35": {
							"post": [-0.33095, -0.03477, 4.15441],
							"lerp_mode": "catmullrom"
						},
						"0.4": {
							"post": [-1.60909, -1.35034, 0.32159],
							"lerp_mode": "catmullrom"
						},
						"0.45": {
							"post": [-1.08663, -1.28002, 4.41165],
							"lerp_mode": "catmullrom"
						},
						"0.55": {
							"post": [-0.46554, -1.10151, 2.32757],
							"lerp_mode": "catmullrom"
						},
						"0.65": {
							"post": [-0.67, -1.51, 2.455],
							"lerp_mode": "catmullrom"
						},
						"0.75": {
							"post": [-0.96585, -2.03339, 1.6858],
							"lerp_mode": "catmullrom"
						},
						"0.95": {
							"post": [-1.08929, -2.83825, 1.66959],
							"lerp_mode": "catmullrom"
						},
						"1.1": {
							"post": [-1.14796, -2.96097, 0.82174],
							"lerp_mode": "catmullrom"
						},
						"1.2": {
							"post": [-1.17, -3.24, -4.06],
							"lerp_mode": "catmullrom"
						},
						"1.3": {
							"post": [-1.18519, -3.52349, -5.11239],
							"lerp_mode": "catmullrom"
						},
						"1.35": {
							"post": [-1.26, -3.65, -6.25],
							"lerp_mode": "catmullrom"
						},
						"1.4": {
							"post": [-1.35, -3.74, -6.75],
							"lerp_mode": "catmullrom"
						},
						"1.45": {
							"post": [-1.42956, -3.82518, -6.99014],
							"lerp_mode": "catmullrom"
						},
						"1.55": {
							"post": [-1.23, -3.86, -6.645],
							"lerp_mode": "catmullrom"
						},
						"1.6": {
							"post": [-1.34568, -3.85545, -7.51759],
							"lerp_mode": "catmullrom"
						},
						"1.65": {
							"post": [-3.23784, -3.76429, -3.64408],
							"lerp_mode": "catmullrom"
						},
						"1.7": {
							"post": [-2.77372, -3.78847, -5.52082],
							"lerp_mode": "catmullrom"
						},
						"1.8": {
							"post": [-2.69005, -3.79845, -4.86572],
							"lerp_mode": "catmullrom"
						},
						"1.9": {
							"post": [-1.85456, -3.82518, -6.26514],
							"lerp_mode": "catmullrom"
						},
						"2.0": {
							"post": [-1.595, -3.77, -6.565],
							"lerp_mode": "catmullrom"
						},
						"2.05": {
							"post": [-1.72951, -3.63821, -3.8157],
							"lerp_mode": "catmullrom"
						},
						"2.15": {
							"post": [-1.47249, -3.48074, -3.45686],
							"lerp_mode": "catmullrom"
						},
						"2.35": {
							"post": [0.01037, -2.37365, -2.75555],
							"lerp_mode": "catmullrom"
						},
						"2.4": {
							"post": [-0.60423, -1.59064, -0.98964],
							"lerp_mode": "catmullrom"
						},
						"2.5": {
							"post": [3.29426, -0.21264, 4.54017],
							"lerp_mode": "catmullrom"
						},
						"2.55": {
							"post": [2.40632, -0.35423, 0.8808],
							"lerp_mode": "catmullrom"
						},
						"2.65": {
							"post": [0.95889, -0.58162, -1.54267],
							"lerp_mode": "catmullrom"
						},
						"2.75": {
							"post": [0.77, -0.63, -1.2],
							"lerp_mode": "catmullrom"
						},
						"2.9": {
							"post": [0.26955, -0.7432, 1.69989],
							"lerp_mode": "catmullrom"
						},
						"3.0": {
							"post": [0, 0, 1.3],
							"lerp_mode": "catmullrom"
						},
						"3.05": {
							"post": [-0.02, 0.05, -0.945],
							"lerp_mode": "catmullrom"
						},
						"3.1": {
							"post": [0, 0, 0.075],
							"lerp_mode": "catmullrom"
						},
						"3.2": {
							"post": [0, 0, 0],
							"lerp_mode": "catmullrom"
						}
					},
					"position": {
						"0.0": {
							"post": [0, 0, 0],
							"lerp_mode": "catmullrom"
						},
						"0.2": {
							"post": [-0.18, -0.28, 0],
							"lerp_mode": "catmullrom"
						},
						"0.35": {
							"post": [-0.43, -0.28, 0.05],
							"lerp_mode": "catmullrom"
						},
						"0.45": {
							"post": [-0.73, -0.505, 0.175],
							"lerp_mode": "catmullrom"
						},
						"0.6": {
							"post": [-0.8, -0.655, 0.165],
							"lerp_mode": "catmullrom"
						},
						"0.85": {
							"post": [-0.81, -0.755, 0.265],
							"lerp_mode": "catmullrom"
						},
						"1.0": {
							"post": [-0.81, -0.78, 0.32],
							"lerp_mode": "catmullrom"
						},
						"1.2": {
							"post": [-0.805, -0.9, 0.48],
							"lerp_mode": "catmullrom"
						},
						"1.45": {
							"post": [-0.815, -0.825, 0.45],
							"lerp_mode": "catmullrom"
						},
						"1.6": {
							"post": [-0.83, -0.845, 0.45],
							"lerp_mode": "catmullrom"
						},
						"1.65": {
							"post": [-0.83, -1.12, 0.46],
							"lerp_mode": "catmullrom"
						},
						"1.7": {
							"post": [-0.84, -1.18, 0.475],
							"lerp_mode": "catmullrom"
						},
						"1.85": {
							"post": [-0.86, -1.13, 0.48],
							"lerp_mode": "catmullrom"
						},
						"2.0": {
							"post": [-0.865, -1.225, 0.475],
							"lerp_mode": "catmullrom"
						},
						"2.15": {
							"post": [-0.805, -1.24, 0.475],
							"lerp_mode": "catmullrom"
						},
						"2.35": {
							"post": [-0.6, -0.715, 0.205],
							"lerp_mode": "catmullrom"
						},
						"2.5": {
							"post": [-0.21, 0.14, 0.25],
							"lerp_mode": "catmullrom"
						},
						"2.65": {
							"post": [-0.055, -0.355, -0.025],
							"lerp_mode": "catmullrom"
						},
						"2.8": {
							"post": [-0.03, -0.35, -0.1],
							"lerp_mode": "catmullrom"
						},
						"2.9": {
							"post": [0, -0.15, -0.25],
							"lerp_mode": "catmullrom"
						},
						"3.0": {
							"post": [0, -0.05, 0.175],
							"lerp_mode": "catmullrom"
						},
						"3.1": {
							"post": [0, 0, 0],
							"lerp_mode": "catmullrom"
						},
						"3.2": {
							"post": [0, 0, 0],
							"lerp_mode": "catmullrom"
						}
					}
				},
				"kar98_bolt_fixed": {
					"position": {
						"0.3": [0, 0, 0],
						"0.4": [0, 0, 3.9],
						"2.4": [0, 0, 3.9],
						"2.5": [0, 0, 0]
					}
				},
				"kar98_bolt_rotate": {
					"rotation": {
						"0.15": [0, 0, 0],
						"0.25": [0, 0, 90],
						"2.55": [0, 0, 90],
						"2.6": [0, 0, 0]
					}
				},
				"kar98_bullet2": {
					"position": {
						"0.0": [0, 0, 0],
						"0.05": [0, -1, 0]
					}
				},
				"kar98_clip": {
					"rotation": {
						"0.65": [0, 0, 0],
						"0.7": {
							"pre": [-1.36, -19.17, -31.36],
							"post": [-1.36, -19.17, -31.36],
							"lerp_mode": "catmullrom"
						},
						"1.0": {
							"post": [0, -16, -27],
							"lerp_mode": "catmullrom"
						},
						"1.2": {
							"post": [14.48022, -5.27862, -19.41089],
							"lerp_mode": "catmullrom"
						},
						"1.3": [0, 0, -4],
						"1.35": [0, 0, 0],
						"1.4": [0, 0, 0]
					},
					"position": {
						"0.65": [0, 0, 0],
						"0.7": {
							"pre": [-6.18, -14.73, -11.51],
							"post": [-6.18, -14.73, -11.51],
							"lerp_mode": "catmullrom"
						},
						"1.0": {
							"post": [-5.75, -8.56, -12.93],
							"lerp_mode": "catmullrom"
						},
						"1.2": {
							"post": [-1.92, -2.32, -15.24],
							"lerp_mode": "catmullrom"
						},
						"1.3": [-0.05, -1.6, -15.1],
						"1.4": [0, -2.3, -15.1]
					}
				},
				"clip": {
					"rotation": {
						"2.4": {
							"pre": [0, 0, 0],
							"post": [0, 0, 0],
							"lerp_mode": "catmullrom"
						},
						"2.45": [-48.86108, -8.91293, -14.53526],
						"2.55": [-116.61325, -19.25436, -17.55164],
						"2.65": [-73.31032, -8.36286, -44.18179],
						"2.75": [-87.41849, 5.99575, -166.43064],
						"2.85": [-101.84122, -5.87747, -343.91997],
						"2.9": [-101.84, -5.88, -343.92],
						"2.95": [-101.84, -5.88, -343.92]
					},
					"position": {
						"2.4": {
							"pre": [0, 0, 0],
							"post": [0, 0, 0],
							"lerp_mode": "catmullrom"
						},
						"2.45": {
							"post": [-0.4, 0.6, -0.3],
							"lerp_mode": "catmullrom"
						},
						"2.55": {
							"post": [-0.7, -0.4, -2.1],
							"lerp_mode": "catmullrom"
						},
						"2.65": {
							"post": [-1.15, -0.8, -2.6],
							"lerp_mode": "catmullrom"
						},
						"2.75": {
							"post": [-2, -2.6, -4.2],
							"lerp_mode": "catmullrom"
						},
						"2.85": {
							"post": [-3.1, -8.5, -6.5],
							"lerp_mode": "catmullrom"
						},
						"2.9": {
							"post": [-3.18, -11.96, -7.32],
							"lerp_mode": "catmullrom"
						},
						"2.95": {
							"post": [-3.15, -15.55, -8.06],
							"lerp_mode": "catmullrom"
						}
					},
					"scale": {
						"2.9": [1, 1, 1],
						"2.95": [0, 0, 0]
					}
				},
				"bullets": {
					"rotation": [0, 0, 0],
					"position": {
						"1.55": [0, 0, 0],
						"1.65": [0, -2, 0]
					}
				},
				"kar98_bullet3": {
					"position": {
						"1.55": [0, 0, 0],
						"1.65": [0, -0.25, 0],
						"1.85": [0, -0.25, 0],
						"1.9": [0, -0.5, 0]
					}
				},
				"camera": {
					"rotation": {
						"0.0": {
							"post": [0, 0, 0],
							"lerp_mode": "catmullrom"
						},
						"0.1": {
							"post": [0.68, 0.05, -0.23],
							"lerp_mode": "catmullrom"
						},
						"0.2": {
							"post": [1.25981, 0.1334, -0.88375],
							"lerp_mode": "catmullrom"
						},
						"0.35": {
							"post": [0.49, 0.47, -1.61],
							"lerp_mode": "catmullrom"
						},
						"0.4": {
							"post": [-0.19, 0.6, -1.62],
							"lerp_mode": "catmullrom"
						},
						"0.45": {
							"post": [0.15975, 0.71055, -0.28206],
							"lerp_mode": "catmullrom"
						},
						"0.55": {
							"post": [-0.175, 0.87, -2.205],
							"lerp_mode": "catmullrom"
						},
						"0.7": {
							"post": [0.18473, 1.0627, -2.05236],
							"lerp_mode": "catmullrom"
						},
						"0.8": {
							"post": [-0.085, 1.03, -1.34],
							"lerp_mode": "catmullrom"
						},
						"0.95": {
							"post": [0.58, 0.97, -1.57],
							"lerp_mode": "catmullrom"
						},
						"1.1": {
							"post": [0.73469, 0.83767, -1.53377],
							"lerp_mode": "catmullrom"
						},
						"1.2": {
							"post": [0.92, 0.82, -1.435],
							"lerp_mode": "catmullrom"
						},
						"1.35": {
							"post": [0.94423, 0.82112, -1.0089],
							"lerp_mode": "catmullrom"
						},
						"1.4": {
							"post": [1.38, 0.82, -1.955],
							"lerp_mode": "catmullrom"
						},
						"1.5": {
							"post": [0.8, 0.83, -1.485],
							"lerp_mode": "catmullrom"
						},
						"1.6": {
							"post": [0.73469, 0.83767, -1.75877],
							"lerp_mode": "catmullrom"
						},
						"1.7": {
							"post": [0.92, 0.82, -1.435],
							"lerp_mode": "catmullrom"
						},
						"1.85": {
							"post": [0.94423, 0.82112, -1.0089],
							"lerp_mode": "catmullrom"
						},
						"1.9": {
							"post": [1.38, 0.82, -1.955],
							"lerp_mode": "catmullrom"
						},
						"2.0": {
							"post": [0.8, 0.83, -1.485],
							"lerp_mode": "catmullrom"
						},
						"2.1": {
							"post": [0.73469, 0.83767, -1.75877],
							"lerp_mode": "catmullrom"
						},
						"2.2": {
							"post": [0.86, 0.87, -1.615],
							"lerp_mode": "catmullrom"
						},
						"2.35": {
							"post": [1.03121, 0.81984, -0.75425],
							"lerp_mode": "catmullrom"
						},
						"2.5": {
							"post": [-0.01, 0.11, -1.8],
							"lerp_mode": "catmullrom"
						},
						"2.55": {
							"post": [-0.035, -0.14, -0.5],
							"lerp_mode": "catmullrom"
						},
						"2.65": {
							"post": [-0.48779, -0.29008, -2.03122],
							"lerp_mode": "catmullrom"
						},
						"2.7": {
							"post": [-0.355, -0.26, -1.155],
							"lerp_mode": "catmullrom"
						},
						"2.8": {
							"post": [0.07612, -0.12345, -0.6991],
							"lerp_mode": "catmullrom"
						},
						"2.95": {
							"post": [-0.2, -0.01, 0.235],
							"lerp_mode": "catmullrom"
						},
						"3.0": {
							"post": [0.25, 0.025, -0.55],
							"lerp_mode": "catmullrom"
						},
						"3.1": {
							"post": [-0.035, 0.01, 0.06],
							"lerp_mode": "catmullrom"
						},
						"3.25": {
							"post": [0, 0, 0],
							"lerp_mode": "catmullrom"
						}
					}
				},
				"792x3": {
					"scale": 1
				},
				"bullet3": {
					"scale": 1
				},
				"bullet4": {
					"scale": 1
				},
				"bullet5": {
					"scale": 1
				},
				"bullet": {
					"scale": 1
				},
				"constraint": {
					"rotation": {
						"0.0": [0.2, 0.15, 0.2],
						"0.3": [0.05, 0.05, 0.05],
						"2.75": [0.05, 0.05, 0.05],
						"3.1": [0.2, 0.15, 0.2]
					},
					"position": {
						"0.0": [0.1, 0.1, 0.4],
						"0.3": [0.05, 0.05, 0.05],
						"2.75": [0.05, 0.05, 0.05],
						"3.1": [0.1, 0.1, 0.4]
					}
				}
			}
		},
		"inspect": {
			"animation_length": 4.7,
			"bones": {
				"R": {
					"rotation": [85.16972, -345.03769, -178.98447],
					"position": [-6.85, -15, 11],
					"scale": [1, 1.5, 1]
				},
				"l": {
					"rotation": {
						"0.0": [83.10427, -393.05246, -113.67117],
						"0.15": [83.1, -393.05, -113.67],
						"0.2": [83.3, -395.57, -119.48],
						"0.25": [83.6, -399.25, -127.97],
						"0.3": [83.94, -403.51, -137.81],
						"0.35": [84.28, -407.77, -147.64],
						"0.4": [84.58, -411.45, -156.14],
						"0.45": [84.78, -413.97, -161.95],
						"2.1": {
							"pre": [84.78362, -413.97158, -161.94831],
							"post": [84.78362, -413.97158, -161.94831],
							"lerp_mode": "catmullrom"
						},
						"2.4": [79.44529, -405.955, -145.74313],
						"4.1": [79.44529, -405.955, -145.74313],
						"4.3": [83.10427, -393.05246, -113.67117]
					},
					"position": {
						"0.0": [7, -14.6, -3],
						"0.15": [7, -14.6, -3],
						"0.2": [7.83, -17.77, -0.78],
						"0.25": [8.33, -21.27, 3.22],
						"0.3": [7.9, -22.27, 6.53],
						"0.35": [7.11, -22.99, 10.67],
						"0.4": [6.28, -23.5, 14.63],
						"0.45": [5.71, -23.87, 17.36],
						"2.1": {
							"pre": [5.71208, -23.87259, 17.35619],
							"post": [5.71208, -23.87259, 17.35619],
							"lerp_mode": "catmullrom"
						},
						"2.3": [11.41995, -16.08952, 6.49121],
						"2.35": [10.71604, -13.67998, 4.03387],
						"2.4": [7.7, -13.4, 2.2],
						"4.1": [7.7, -13.4, 2.2],
						"4.3": [7, -14.6, -3]
					},
					"scale": [1, 1.5, 1]
				},
				"root": {
					"rotation": {
						"0.0": {
							"post": [0, 0, 0],
							"lerp_mode": "catmullrom"
						},
						"0.15": {
							"post": [-2.33402, -2.26482, -10.8535],
							"lerp_mode": "catmullrom"
						},
						"0.35": {
							"post": [-13.04696, -20.80285, -42.00906],
							"lerp_mode": "catmullrom"
						},
						"0.45": {
							"post": [-14.19613, -34.94352, -62.3911],
							"lerp_mode": "catmullrom"
						},
						"0.7": {
							"post": [-13.725, -37.635, -66.14],
							"lerp_mode": "catmullrom"
						},
						"1.1": {
							"post": [-12.80919, -37.78545, -66.10573],
							"lerp_mode": "catmullrom"
						},
						"1.3": {
							"post": [-12.755, -37.985, -66.79],
							"lerp_mode": "catmullrom"
						},
						"1.55": {
							"post": [-12.755, -37.965, -67.26],
							"lerp_mode": "catmullrom"
						},
						"1.75": {
							"post": [-12.775, -37.905, -67.835],
							"lerp_mode": "catmullrom"
						},
						"2.0": {
							"post": [-12.80919, -37.78545, -66.10573],
							"lerp_mode": "catmullrom"
						},
						"2.15": {
							"post": [-12.80919, -37.78545, -55.10573],
							"lerp_mode": "catmullrom"
						},
						"2.35": {
							"post": [-24.9445, 7.90002, 43.15984],
							"lerp_mode": "catmullrom"
						},
						"2.5": {
							"post": [-24.9445, 7.90002, 59.65984],
							"lerp_mode": "catmullrom"
						},
						"2.65": {
							"post": [-24.95, 7.88, 61.47],
							"lerp_mode": "catmullrom"
						},
						"2.75": {
							"post": [-24.96, 7.86, 60.99],
							"lerp_mode": "catmullrom"
						},
						"3.0": {
							"post": [-25, 7.75, 61.77],
							"lerp_mode": "catmullrom"
						},
						"3.25": {
							"post": [-24.9445, 7.90002, 61.65984],
							"lerp_mode": "catmullrom"
						},
						"3.45": {
							"post": [-24.22873, 9.9815, 70.7622],
							"lerp_mode": "catmullrom"
						},
						"3.7": {
							"post": [-24.16, 10.35, 71.62],
							"lerp_mode": "catmullrom"
						},
						"3.95": {
							"post": [-23.86, 10.06, 70.09],
							"lerp_mode": "catmullrom"
						},
						"4.1": {
							"post": [-21.22873, 8.4815, 60.2622],
							"lerp_mode": "catmullrom"
						},
						"4.25": {
							"post": [-2.67436, -2.84081, 26.11685],
							"lerp_mode": "catmullrom"
						},
						"4.4": {
							"post": [2.37, -2.9, 0.4],
							"lerp_mode": "catmullrom"
						},
						"4.5": {
							"post": [0, 0, 1.25],
							"lerp_mode": "catmullrom"
						},
						"4.6": {
							"post": [0, 0, 0.5],
							"lerp_mode": "catmullrom"
						},
						"4.7": {
							"post": [0, 0, 0],
							"lerp_mode": "catmullrom"
						}
					},
					"position": {
						"0.0": {
							"post": [0, 0, 0],
							"lerp_mode": "catmullrom"
						},
						"0.05": {
							"post": [-0.12, -0.065, -0.65],
							"lerp_mode": "catmullrom"
						},
						"0.2": {
							"post": [-0.535, -0.625, -3.1],
							"lerp_mode": "catmullrom"
						},
						"0.35": {
							"post": [-0.20115, 0.425, -2.25],
							"lerp_mode": "catmullrom"
						},
						"0.5": {
							"post": [-0.20115, 0.675, -2.45],
							"lerp_mode": "catmullrom"
						},
						"0.6": {
							"post": [-0.2, 0.43, -2.46],
							"lerp_mode": "catmullrom"
						},
						"0.7": {
							"post": [-0.19, 0.2, -2.44],
							"lerp_mode": "catmullrom"
						},
						"0.9": {
							"post": [-0.18, 0.295, -2.41],
							"lerp_mode": "catmullrom"
						},
						"1.1": {
							"post": [-0.17, 0.25, -2.39],
							"lerp_mode": "catmullrom"
						},
						"1.45": {
							"post": [-0.15, 0.195, -2.35],
							"lerp_mode": "catmullrom"
						},
						"1.7": {
							"post": [-0.12, 0.16, -2.3],
							"lerp_mode": "catmullrom"
						},
						"1.9": {
							"post": [-0.1, 0.19, -2.26],
							"lerp_mode": "catmullrom"
						},
						"2.1": {
							"post": [-0.20115, -0.42614, -2.15],
							"lerp_mode": "catmullrom"
						},
						"2.5": {
							"post": [-1.07086, -0.3546, -1.4],
							"lerp_mode": "catmullrom"
						},
						"4.05": {
							"post": [-1.07086, -0.3546, -1.4],
							"lerp_mode": "catmullrom"
						},
						"4.4": {
							"post": [0, -0.3, -0.7],
							"lerp_mode": "catmullrom"
						},
						"4.55": {
							"post": [0.1, 0, 0.3],
							"lerp_mode": "catmullrom"
						},
						"4.65": {
							"post": [0, 0, 0],
							"lerp_mode": "catmullrom"
						}
					}
				},
				"clip": {
					"scale": 0
				},
				"bullet2": {
					"scale": 0
				},
				"bullet3": {
					"scale": 0
				},
				"bullet4": {
					"scale": 0
				},
				"bullet5": {
					"scale": 0
				},
				"bullet": {
					"scale": 0
				}
			}
		},
		"inspect_empty": {
			"animation_length": 4.7,
			"bones": {
				"R": {
					"rotation": [85.16972, -345.03769, -178.98447],
					"position": [-6.85, -15, 11],
					"scale": [1, 1.5, 1]
				},
				"l": {
					"rotation": {
						"0.0": [83.10427, -393.05246, -113.67117],
						"0.15": [83.1, -393.05, -113.67],
						"0.2": [83.3, -395.57, -119.48],
						"0.25": [83.6, -399.25, -127.97],
						"0.3": [83.94, -403.51, -137.81],
						"0.35": [84.28, -407.77, -147.64],
						"0.4": [84.58, -411.45, -156.14],
						"0.45": [84.78, -413.97, -161.95],
						"2.1": {
							"pre": [84.78362, -413.97158, -161.94831],
							"post": [84.78362, -413.97158, -161.94831],
							"lerp_mode": "catmullrom"
						},
						"2.4": [79.44529, -405.955, -145.74313],
						"4.1": [79.44529, -405.955, -145.74313],
						"4.3": [83.10427, -393.05246, -113.67117]
					},
					"position": {
						"0.0": [7, -14.6, -3],
						"0.15": [7, -14.6, -3],
						"0.2": [7.83, -17.77, -0.78],
						"0.25": [8.33, -21.27, 3.22],
						"0.3": [7.9, -22.27, 6.53],
						"0.35": [7.11, -22.99, 10.67],
						"0.4": [6.28, -23.5, 14.63],
						"0.45": [5.71, -23.87, 17.36],
						"2.1": {
							"pre": [5.71208, -23.87259, 17.35619],
							"post": [5.71208, -23.87259, 17.35619],
							"lerp_mode": "catmullrom"
						},
						"2.3": [11.41995, -16.08952, 6.49121],
						"2.35": [10.71604, -13.67998, 4.03387],
						"2.4": [7.7, -13.4, 2.2],
						"4.1": [7.7, -13.4, 2.2],
						"4.3": [7, -14.6, -3]
					},
					"scale": [1, 1.5, 1]
				},
				"root": {
					"rotation": {
						"0.0": {
							"post": [0, 0, 0],
							"lerp_mode": "catmullrom"
						},
						"0.15": {
							"post": [-2.33402, -2.26482, -10.8535],
							"lerp_mode": "catmullrom"
						},
						"0.35": {
							"post": [-13.04696, -20.80285, -42.00906],
							"lerp_mode": "catmullrom"
						},
						"0.45": {
							"post": [-14.19613, -34.94352, -62.3911],
							"lerp_mode": "catmullrom"
						},
						"0.7": {
							"post": [-13.725, -37.635, -66.14],
							"lerp_mode": "catmullrom"
						},
						"1.1": {
							"post": [-12.80919, -37.78545, -66.10573],
							"lerp_mode": "catmullrom"
						},
						"1.3": {
							"post": [-12.755, -37.985, -66.79],
							"lerp_mode": "catmullrom"
						},
						"1.55": {
							"post": [-12.755, -37.965, -67.26],
							"lerp_mode": "catmullrom"
						},
						"1.75": {
							"post": [-12.775, -37.905, -67.835],
							"lerp_mode": "catmullrom"
						},
						"2.0": {
							"post": [-12.80919, -37.78545, -66.10573],
							"lerp_mode": "catmullrom"
						},
						"2.15": {
							"post": [-12.80919, -37.78545, -55.10573],
							"lerp_mode": "catmullrom"
						},
						"2.35": {
							"post": [-24.9445, 7.90002, 43.15984],
							"lerp_mode": "catmullrom"
						},
						"2.5": {
							"post": [-24.9445, 7.90002, 59.65984],
							"lerp_mode": "catmullrom"
						},
						"2.65": {
							"post": [-24.95, 7.88, 61.47],
							"lerp_mode": "catmullrom"
						},
						"2.75": {
							"post": [-24.96, 7.86, 60.99],
							"lerp_mode": "catmullrom"
						},
						"3.0": {
							"post": [-25, 7.75, 61.77],
							"lerp_mode": "catmullrom"
						},
						"3.25": {
							"post": [-24.9445, 7.90002, 61.65984],
							"lerp_mode": "catmullrom"
						},
						"3.45": {
							"post": [-24.22873, 9.9815, 70.7622],
							"lerp_mode": "catmullrom"
						},
						"3.7": {
							"post": [-24.16, 10.35, 71.62],
							"lerp_mode": "catmullrom"
						},
						"3.95": {
							"post": [-23.86, 10.06, 70.09],
							"lerp_mode": "catmullrom"
						},
						"4.1": {
							"post": [-21.22873, 8.4815, 60.2622],
							"lerp_mode": "catmullrom"
						},
						"4.25": {
							"post": [-2.67436, -2.84081, 26.11685],
							"lerp_mode": "catmullrom"
						},
						"4.4": {
							"post": [2.37, -2.9, 0.4],
							"lerp_mode": "catmullrom"
						},
						"4.5": {
							"post": [0, 0, 1.25],
							"lerp_mode": "catmullrom"
						},
						"4.6": {
							"post": [0, 0, 0.5],
							"lerp_mode": "catmullrom"
						},
						"4.7": {
							"post": [0, 0, 0],
							"lerp_mode": "catmullrom"
						}
					},
					"position": {
						"0.0": {
							"post": [0, 0, 0],
							"lerp_mode": "catmullrom"
						},
						"0.05": {
							"post": [-0.12, -0.065, -0.65],
							"lerp_mode": "catmullrom"
						},
						"0.2": {
							"post": [-0.535, -0.625, -3.1],
							"lerp_mode": "catmullrom"
						},
						"0.35": {
							"post": [-0.20115, 0.425, -2.25],
							"lerp_mode": "catmullrom"
						},
						"0.5": {
							"post": [-0.20115, 0.675, -2.45],
							"lerp_mode": "catmullrom"
						},
						"0.6": {
							"post": [-0.2, 0.43, -2.46],
							"lerp_mode": "catmullrom"
						},
						"0.7": {
							"post": [-0.19, 0.2, -2.44],
							"lerp_mode": "catmullrom"
						},
						"0.9": {
							"post": [-0.18, 0.295, -2.41],
							"lerp_mode": "catmullrom"
						},
						"1.1": {
							"post": [-0.17, 0.25, -2.39],
							"lerp_mode": "catmullrom"
						},
						"1.45": {
							"post": [-0.15, 0.195, -2.35],
							"lerp_mode": "catmullrom"
						},
						"1.7": {
							"post": [-0.12, 0.16, -2.3],
							"lerp_mode": "catmullrom"
						},
						"1.9": {
							"post": [-0.1, 0.19, -2.26],
							"lerp_mode": "catmullrom"
						},
						"2.1": {
							"post": [-0.20115, -0.42614, -2.15],
							"lerp_mode": "catmullrom"
						},
						"2.5": {
							"post": [-1.07086, -0.3546, -1.4],
							"lerp_mode": "catmullrom"
						},
						"4.05": {
							"post": [-1.07086, -0.3546, -1.4],
							"lerp_mode": "catmullrom"
						},
						"4.4": {
							"post": [0, -0.3, -0.7],
							"lerp_mode": "catmullrom"
						},
						"4.55": {
							"post": [0.1, 0, 0.3],
							"lerp_mode": "catmullrom"
						},
						"4.65": {
							"post": [0, 0, 0],
							"lerp_mode": "catmullrom"
						}
					}
				},
				"clip": {
					"scale": 0
				},
				"bullet2": {
					"scale": 0
				},
				"bullet3": {
					"scale": 0
				},
				"bullet4": {
					"scale": 0
				},
				"bullet5": {
					"scale": 0
				},
				"bullet": {
					"scale": 0
				}
			}
		},
		"shoot": {
			"animation_length": 1,
			"bones": {
				"constraint": {
					"rotation": {
						"0.0": [0.5, 0.5, 0.65],
						"0.4667": [0, 0, 0]
					},
					"position": {
						"0.0": [0.5, 0.5, 0.8],
						"0.4667": [0, 0, 0]
					}
				},
				"camera": {
					"rotation": {
						"0.0": {
							"post": [0, 0, 0],
							"lerp_mode": "catmullrom"
						},
						"0.0333": {
							"post": [0, 0, 1],
							"lerp_mode": "catmullrom"
						},
						"0.0667": {
							"post": [0, 0, -0.85],
							"lerp_mode": "catmullrom"
						},
						"0.1333": {
							"post": [0, 0, 0.55],
							"lerp_mode": "catmullrom"
						},
						"0.2": {
							"post": [0, 0, -0.375],
							"lerp_mode": "catmullrom"
						},
						"0.3333": {
							"post": [0, 0, 0.2],
							"lerp_mode": "catmullrom"
						},
						"0.4667": {
							"post": [0, 0, 0],
							"lerp_mode": "catmullrom"
						}
					}
				},
				"root": {
					"rotation": {
						"0.0": {
							"post": [0, 0, 0],
							"lerp_mode": "catmullrom"
						},
						"0.0333": {
							"post": [-5.355, 0.91406, 5],
							"lerp_mode": "catmullrom"
						},
						"0.0667": {
							"post": [-3.275, 0.96, 5.82],
							"lerp_mode": "catmullrom"
						},
						"0.1333": {
							"post": [-3.94, 0.89, 5.8875],
							"lerp_mode": "catmullrom"
						},
						"0.2333": [-3.105, 0.85, 4.85],
						"0.4667": {
							"pre": [0.63844, -0.46, -0.02844],
							"post": [0.63844, -0.46, -0.02844],
							"lerp_mode": "catmullrom"
						},
						"0.6333": {
							"post": [0.125, 0, 0],
							"lerp_mode": "catmullrom"
						},
						"0.9667": {
							"post": [0, 0, 0],
							"lerp_mode": "catmullrom"
						}
					},
					"position": {
						"0.0": {
							"post": [0, 0, 0],
							"lerp_mode": "catmullrom"
						},
						"0.0333": {
							"post": [-0.14, 0.07, -1.0625],
							"lerp_mode": "catmullrom"
						},
						"0.0667": [-0.14, 0.095, 2.3125],
						"0.1333": [-0.09, -0.01, 2.3925],
						"0.3": {
							"pre": [0, -0.1625, 0.02],
							"post": [0, -0.1625, 0.02],
							"lerp_mode": "catmullrom"
						},
						"0.5333": {
							"post": [0, 0, 0],
							"lerp_mode": "catmullrom"
						}
					}
				},
				"clip": {
					"scale": 0
				},
				"bullet2": {
					"scale": 0
				},
				"bullet3": {
					"scale": 0
				},
				"bullet4": {
					"scale": 0
				},
				"bullet5": {
					"scale": 0
				},
				"bullet": {
					"scale": 0
				}
			}
		},
		"put_away": {
			"animation_length": 0.5,
			"bones": {
				"camera": {
					"rotation": {
						"0.0": {
							"post": [0, 0, 0],
							"lerp_mode": "catmullrom"
						},
						"0.1": {
							"post": [0.3, 0, -0.125],
							"lerp_mode": "catmullrom"
						},
						"0.2667": {
							"post": [0.64, 0, 0.3],
							"lerp_mode": "catmullrom"
						},
						"0.3333": {
							"post": [0.5, 0, 0.15],
							"lerp_mode": "catmullrom"
						},
						"0.4333": {
							"post": [0, 0, 0],
							"lerp_mode": "catmullrom"
						}
					}
				},
				"root": {
					"rotation": {
						"0.0": {
							"post": [0, 0, 0],
							"lerp_mode": "catmullrom"
						},
						"0.0667": {
							"post": [-0.51171, -3.6801, -4.19401],
							"lerp_mode": "catmullrom"
						},
						"0.1667": {
							"post": [4.36882, -11.73179, -10.29382],
							"lerp_mode": "catmullrom"
						},
						"0.2667": {
							"post": [16.99835, -17.70783, -19.61271],
							"lerp_mode": "catmullrom"
						},
						"0.3333": {
							"post": [22.5, -27.4, -9.02],
							"lerp_mode": "catmullrom"
						},
						"0.4333": {
							"post": [38.74, -37.82, -13.36],
							"lerp_mode": "catmullrom"
						}
					},
					"position": {
						"0.0": {
							"post": [0, 0, 0],
							"lerp_mode": "catmullrom"
						},
						"0.0667": {
							"post": [-0.45, -0.49, 0.28],
							"lerp_mode": "catmullrom"
						},
						"0.1667": {
							"post": [-0.67, -1.47, 0.34],
							"lerp_mode": "catmullrom"
						},
						"0.2667": {
							"post": [-0.435, -3.245, 0.06],
							"lerp_mode": "catmullrom"
						},
						"0.3333": {
							"post": [0.22, -5.38, -0.15],
							"lerp_mode": "catmullrom"
						},
						"0.4333": {
							"post": [1.49, -9.585, -0.36],
							"lerp_mode": "catmullrom"
						}
					}
				},
				"kar98_clip": {
					"scale": 1
				},
				"clip": {
					"scale": 0
				},
				"792x3": {
					"scale": 0
				},
				"R": {
					"rotation": [85.16972, -345.03769, -178.98447],
					"position": [-6.85, -15, 11],
					"scale": [1, 1.5, 1]
				},
				"kar98_bullet4": {
					"scale": 0
				},
				"kar98_bullet5": {
					"scale": 0
				},
				"kar98_bullet6": {
					"scale": 0
				},
				"kar98_bullet": {
					"scale": 0
				},
				"l": {
					"rotation": {
						"0.0": [83.10427, -393.05246, -113.67117],
						"0.1": [117.60183, -381.10324, -199.1223]
					},
					"position": {
						"0.0": [7, -14.6, -3],
						"0.1": [7.5, -11.6, -3]
					},
					"scale": [1, 1.5, 1]
				}
			},
			"sound_effects": {
				"0.0": {
					"effect": "tacz:sks/sks_drop"
				}
			}
		}
	}
}