{
	"format_version": "1.8.0",
	"animations": {
		"static_idle": {
			"animation_length": 3.05,
			"bones": {
				"R": {
					"rotation": [83.30129, 3.51484, -166.98725],
					"position": [-6.7, -12.9, 10.3],
					"scale": [1, 1.5, 1]
				},
				"l": {
					"rotation": [80.16815, -23.91853, -117.57546],
					"position": [7, -12.5, -4],
					"scale": [1, 1.5, 1]
				},
				"constraint": {
					"rotation": [0.2, 0.15, 0.2],
					"position": [0.1, 0.1, 0.4]
				}
			}
		},
		"static_bolt_caught": {
			"loop": true,
			"bones": {
				"R": {
					"rotation": [83.30129, 3.51484, -166.98725],
					"position": [-6.7, -12.9, 10.3],
					"scale": [1, 1.5, 1]
				},
				"l": {
					"rotation": [80.16815, -23.91853, -117.57546],
					"position": [7, -12.5, -4],
					"scale": [1, 1.5, 1]
				},
				"bolt": {
					"position": [0, -0.125, 6.25],
					"scale": [1, 1, 0.4125]
				},
				"bolt_group": {
					"position": [0, -0.125, 6.25]
				},
				"bullets": {
					"scale": 0
				},
				"constraint": {
					"rotation": [0.2, 0.15, 0.2],
					"position": [0.1, 0.1, 0.4]
				}
			}
		},
		"reload_tactical": {
			"animation_length": 3.25,
			"bones": {
				"R": {
					"rotation": {
						"0.0": {
							"post": [83.30129, 3.51484, -166.98725],
							"lerp_mode": "catmullrom"
						},
						"0.3": {
							"post": [83.30129, 3.51484, -166.98725],
							"lerp_mode": "catmullrom"
						},
						"0.4": [86.45198, 7.8374, -257.47167],
						"0.45": [86.45198, 7.8374, -257.47167],
						"0.55": [86.42132, 10.8316, -257.66061],
						"0.65": [86.42132, 10.8316, -257.66061],
						"0.75": [110.458, 1.55412, -211.32625],
						"0.85": [95.01185, 21.97395, -213.38255],
						"1.0": [139.7998, 1.61062, -83.73787],
						"1.8": [115.96139, 19.50264, -147.98088],
						"1.95": [115.96139, 19.50264, -147.98088],
						"2.1": [98.91388, 31.29221, -145.74381],
						"2.25": {
							"pre": [81.46831, 30.3478, -167.87788],
							"post": [81.46831, 30.3478, -167.87788],
							"lerp_mode": "catmullrom"
						},
						"2.35": {
							"post": [90.1368, -3.14128, -173.22083],
							"lerp_mode": "catmullrom"
						},
						"2.5": {
							"post": [82.64744, -0.66186, -173.54115],
							"lerp_mode": "catmullrom"
						},
						"2.6": {
							"post": [83.30129, 3.51484, -166.98725],
							"lerp_mode": "catmullrom"
						}
					},
					"position": {
						"0.0": [-6.7, -12.9, 10.3],
						"0.3": [-6.7, -12.9, 10.3],
						"0.4": [-9.70312, -10.44063, 3.6],
						"0.45": [-9.70312, -10.44063, 3.6],
						"0.55": [-9.60312, -10.61563, 9.125],
						"0.65": [-9.60312, -10.61563, 9.125],
						"0.8": [-16.52, -13.1, 6.43],
						"0.9": [-14.3, -14.92, 4.63],
						"1.0": [-9.9, -16.06, 11.31],
						"1.1": [-11.2, -17.2, 18],
						"1.35": [-13.05, -16.41, 17.13],
						"1.65": {
							"pre": [-11.28, -10.59, 8.38],
							"post": [-11.28, -10.59, 8.38],
							"lerp_mode": "catmullrom"
						},
						"1.75": {
							"post": [-9.76, -6.86, 6.41],
							"lerp_mode": "catmullrom"
						},
						"1.85": {
							"post": [-8.53, -6.93, 6.33],
							"lerp_mode": "catmullrom"
						},
						"1.9": {
							"post": [-8.42, -6.79, 6.56],
							"lerp_mode": "catmullrom"
						},
						"2.0": [-8.53, -7.23, 6.63],
						"2.05": [-8.145, -8.4, 6.68],
						"2.15": [-8.145, -8.4, 6.68],
						"2.2": {
							"pre": [-8.4, -8.22, 6.97],
							"post": [-8.4, -8.22, 6.97],
							"lerp_mode": "catmullrom"
						},
						"2.25": {
							"post": [-8.77, -8.4, 6.68],
							"lerp_mode": "catmullrom"
						},
						"2.35": {
							"post": [-9.77, -11.275, 5.18],
							"lerp_mode": "catmullrom"
						},
						"2.45": {
							"post": [-9.57, -11.275, 5.18],
							"lerp_mode": "catmullrom"
						},
						"2.6": {
							"post": [-6.7, -12.9, 10.3],
							"lerp_mode": "catmullrom"
						}
					},
					"scale": {
						"0.0": {
							"post": [1, 1.5, 1],
							"lerp_mode": "catmullrom"
						}
					}
				},
				"l": {
					"rotation": {
						"0.0": {
							"post": [80.16815, -23.91853, -117.57546],
							"lerp_mode": "catmullrom"
						},
						"0.2": [93.3852, -43.89158, -118.8414],
						"0.65": [93.3852, -43.89158, -118.8414],
						"0.8": [87.76714, -30.94334, -108.63712],
						"2.7": [87.76714, -30.94334, -108.63712],
						"2.95": {
							"pre": [80.16815, -23.91853, -117.57546],
							"post": [80.16815, -23.91853, -117.57546],
							"lerp_mode": "catmullrom"
						}
					},
					"position": {
						"0.0": {
							"post": [7, -12.5, -4],
							"lerp_mode": "catmullrom"
						},
						"0.1": {
							"post": [6.91, -13.15, 0.82],
							"lerp_mode": "catmullrom"
						},
						"0.2": [6.825, -12.15, 5.65],
						"0.65": [6.825, -12.15, 5.65],
						"0.8": [6.83, -12.6, 5.35],
						"2.7": [6.83, -12.6, 5.35],
						"2.8": [7.49, -12.91, 1.02],
						"2.9": {
							"pre": [7, -12.5, -4],
							"post": [7, -12.5, -4],
							"lerp_mode": "catmullrom"
						}
					},
					"scale": {
						"0.0": {
							"post": [1, 1.5, 1],
							"lerp_mode": "catmullrom"
						}
					}
				},
				"root": {
					"rotation": {
						"0.0": {
							"post": [0, 0, 0],
							"lerp_mode": "catmullrom"
						},
						"0.15": {
							"post": [3.16, -4.23, 2.31],
							"lerp_mode": "catmullrom"
						},
						"0.3": {
							"post": [1.31914, -5.78639, 1.62362],
							"lerp_mode": "catmullrom"
						},
						"0.5": {
							"post": [1.06, -3.55, 1.69],
							"lerp_mode": "catmullrom"
						},
						"0.55": {
							"post": [1.06, -3.31, -2.485],
							"lerp_mode": "catmullrom"
						},
						"0.6": {
							"post": [0.55724, -3.32703, 5.34015],
							"lerp_mode": "catmullrom"
						},
						"0.7": {
							"post": [-1.09, -3.33, 1.62],
							"lerp_mode": "catmullrom"
						},
						"0.8": {
							"post": [-1.85, -3.16, 1.62],
							"lerp_mode": "catmullrom"
						},
						"0.9": {
							"post": [-3.33, -1.73, -0.28],
							"lerp_mode": "catmullrom"
						},
						"1.1": {
							"post": [-10.12674, 0.91556, -8.02444],
							"lerp_mode": "catmullrom"
						},
						"1.3": {
							"post": [-9.72713, 2.67958, -7.19103],
							"lerp_mode": "catmullrom"
						},
						"1.5": {
							"post": [-10.45, 2.88, -7.49],
							"lerp_mode": "catmullrom"
						},
						"1.65": {
							"post": [-10.76, 2.86, -7.57],
							"lerp_mode": "catmullrom"
						},
						"1.8": {
							"post": [-9.7, 2.88, -9.13],
							"lerp_mode": "catmullrom"
						},
						"2.0": {
							"post": [-9.5, 2.91, -8.97],
							"lerp_mode": "catmullrom"
						},
						"2.05": {
							"post": [-10.5, 2.99, -8.96],
							"lerp_mode": "catmullrom"
						},
						"2.1": {
							"post": [-8.09364, 3.13533, -11.18564],
							"lerp_mode": "catmullrom"
						},
						"2.2": {
							"post": [-8.72, 3.12, -9.09],
							"lerp_mode": "catmullrom"
						},
						"2.25": {
							"post": [-9.13, 3.1, -8.855],
							"lerp_mode": "catmullrom"
						},
						"2.3": {
							"post": [-8.785, 3.08, -13.845],
							"lerp_mode": "catmullrom"
						},
						"2.35": {
							"post": [-9.25, 2.91, -4.045],
							"lerp_mode": "catmullrom"
						},
						"2.45": {
							"post": [-10.95, 2.2, -8.39],
							"lerp_mode": "catmullrom"
						},
						"2.55": {
							"post": [-10.33, 2.63, -8.19],
							"lerp_mode": "catmullrom"
						},
						"2.75": {
							"post": [-3.59, 1.05, -0.925],
							"lerp_mode": "catmullrom"
						},
						"2.9": {
							"post": [-0.2, 0, -0.975],
							"lerp_mode": "catmullrom"
						},
						"3.0": {
							"post": [0.11, -0.07, 1.985],
							"lerp_mode": "catmullrom"
						},
						"3.05": {
							"post": [0.07, -0.04, -1.11],
							"lerp_mode": "catmullrom"
						},
						"3.2": {
							"post": [0, 0, 0],
							"lerp_mode": "catmullrom"
						}
					},
					"position": {
						"0.05": {
							"pre": [0, 0, 0],
							"post": [0, 0, 0],
							"lerp_mode": "catmullrom"
						},
						"0.25": {
							"post": [0.41, -0.6, 0.75],
							"lerp_mode": "catmullrom"
						},
						"0.4": {
							"post": [0.425, -0.675, 0.75],
							"lerp_mode": "catmullrom"
						},
						"0.5": {
							"post": [0.43, -0.57, 0.74],
							"lerp_mode": "catmullrom"
						},
						"0.55": {
							"post": [0.43, -0.61, 2.04],
							"lerp_mode": "catmullrom"
						},
						"0.65": {
							"post": [0.37, -0.69, 1.89],
							"lerp_mode": "catmullrom"
						},
						"0.8": {
							"post": [0.23, -1.045, 1.35],
							"lerp_mode": "catmullrom"
						},
						"1.0": {
							"post": [0.05, -1.185, 1.12],
							"lerp_mode": "catmullrom"
						},
						"1.15": {
							"post": [-0.07, -1.355, 1],
							"lerp_mode": "catmullrom"
						},
						"1.4": {
							"post": [-0.15, -1.415, 0.98],
							"lerp_mode": "catmullrom"
						},
						"1.6": {
							"post": [-0.17, -1.29, 1],
							"lerp_mode": "catmullrom"
						},
						"1.7": {
							"post": [-0.16, -1.26, 1],
							"lerp_mode": "catmullrom"
						},
						"1.85": {
							"post": [-0.145, -1.395, 1],
							"lerp_mode": "catmullrom"
						},
						"2.0": {
							"post": [-0.145, -1.395, 1],
							"lerp_mode": "catmullrom"
						},
						"2.05": {
							"post": [-0.16, -1.69, 1],
							"lerp_mode": "catmullrom"
						},
						"2.15": {
							"post": [-0.195, -1.545, 1],
							"lerp_mode": "catmullrom"
						},
						"2.25": {
							"post": [-0.165, -1.57, 0.955],
							"lerp_mode": "catmullrom"
						},
						"2.3": {
							"post": [-0.145, -1.52, -0.19],
							"lerp_mode": "catmullrom"
						},
						"2.4": {
							"post": [-0.145, -1.77, 0.55],
							"lerp_mode": "catmullrom"
						},
						"2.55": {
							"post": [-0.195, -1.845, 0.75],
							"lerp_mode": "catmullrom"
						},
						"2.7": {
							"post": [0.275, -1.425, 0.75],
							"lerp_mode": "catmullrom"
						},
						"2.85": {
							"post": [0.125, -0.25, 0.425],
							"lerp_mode": "catmullrom"
						},
						"2.95": {
							"post": [0.04, -0.18, -0.38],
							"lerp_mode": "catmullrom"
						},
						"3.05": {
							"post": [0, 0.05, 0.2],
							"lerp_mode": "catmullrom"
						},
						"3.2": {
							"post": [0, 0, 0],
							"lerp_mode": "catmullrom"
						}
					}
				},
				"bolt": {
					"position": {
						"0.45": [0, 0, 0],
						"0.55": [0, -0.125, 5.375],
						"1.75": [0, -0.125, 5.375],
						"2.25": [0, -0.125, 5.375],
						"2.3": [0, 0, 0]
					},
					"scale": {
						"0.45": [1, 1, 1],
						"0.55": [1, 1, 0.4125],
						"1.75": [1, 1, 0.4125],
						"2.25": [1, 1, 0.4125],
						"2.3": [1, 1, 1]
					}
				},
				"mag_group": {
					"rotation": {
						"0.45": {
							"pre": [0, 0, 0],
							"post": [0, 0, 0],
							"lerp_mode": "catmullrom"
						},
						"0.55": {
							"post": [0, 0, 0],
							"lerp_mode": "catmullrom"
						},
						"0.7": {
							"post": [35.10381, 0.35585, 7.32787],
							"lerp_mode": "catmullrom"
						},
						"0.85": {
							"post": [136.84811, -20.19035, 39.37671],
							"lerp_mode": "catmullrom"
						},
						"1.0": {
							"post": [86.25257, 18.59537, 153.51093],
							"lerp_mode": "catmullrom"
						},
						"1.3": [-25, 0, 12.5],
						"1.65": {
							"pre": [-8.68699, 3.50094, 9.62222],
							"post": [-8.68699, 3.50094, 9.62222],
							"lerp_mode": "catmullrom"
						},
						"1.75": {
							"post": [1.77099, -0.54134, 16.06571],
							"lerp_mode": "catmullrom"
						},
						"1.85": {
							"post": [0, 0, -7],
							"lerp_mode": "catmullrom"
						},
						"1.9": {
							"post": [0, 0, 0],
							"lerp_mode": "catmullrom"
						},
						"2.0": {
							"post": [0, 0, 1.75],
							"lerp_mode": "catmullrom"
						},
						"2.05": {
							"post": [0, 0, 0],
							"lerp_mode": "catmullrom"
						}
					},
					"position": {
						"0.5": {
							"pre": [0, 0, 0],
							"post": [0, 0, 0],
							"lerp_mode": "catmullrom"
						},
						"0.55": {
							"post": [0, 1.6, 0],
							"lerp_mode": "catmullrom"
						},
						"0.65": {
							"post": [-2.58, 4.6, 0.03],
							"lerp_mode": "catmullrom"
						},
						"0.7": {
							"post": [-4.035, 4.83, 0],
							"lerp_mode": "catmullrom"
						},
						"0.75": {
							"post": [-5.09, 3.88, 0.26],
							"lerp_mode": "catmullrom"
						},
						"0.85": {
							"post": [-7.08, -2.53, -0.4],
							"lerp_mode": "catmullrom"
						},
						"1.0": [-3.63, -7.27, 5.6],
						"1.3": {
							"pre": [-2.645, -4.32, 6.475],
							"post": [-2.645, -4.32, 6.475],
							"lerp_mode": "catmullrom"
						},
						"1.35": {
							"post": [-5.25146, -7.48982, 10.94302],
							"lerp_mode": "catmullrom"
						},
						"1.65": {
							"post": [-3.01, -0.8, 3.04],
							"lerp_mode": "catmullrom"
						},
						"1.75": {
							"post": [-1.26, 3.09, 1.25],
							"lerp_mode": "catmullrom"
						},
						"1.85": [-0.01, 2.42, 0],
						"1.9": [0.09, 2.42, 0],
						"2.0": [0.09, 2.32, 0],
						"2.05": [0, 0, 0]
					},
					"scale": {
						"0.9": [1, 1, 1],
						"0.95": {
							"pre": [1, 1, 1],
							"post": [0, 0, 0]
						},
						"1.3": {
							"pre": [0, 0, 0],
							"post": [0, 0, 0]
						},
						"1.35": {
							"pre": [0, 0, 0],
							"post": [1, 1, 1]
						}
					}
				},
				"bolt_group": {
					"position": {
						"0.45": [0, 0, 0],
						"0.55": [0, -0.125, 5.375],
						"1.75": [0, -0.125, 5.375],
						"2.25": [0, -0.125, 5.375],
						"2.3": [0, 0, 0]
					}
				},
				"bone3": {
					"scale": {
						"1.15": [0, 0, 0],
						"1.2": {
							"pre": [0, 0, 0],
							"post": [1, 1, 1]
						}
					}
				},
				"bone4": {
					"scale": {
						"1.15": [0, 0, 0],
						"1.2": {
							"pre": [0, 0, 0],
							"post": [1, 1, 1]
						}
					}
				},
				"camera": {
					"rotation": {
						"0.0": {
							"post": [0, 0, 0],
							"lerp_mode": "catmullrom"
						},
						"0.3": {
							"post": [0.50002, -0.49998, -0.00436],
							"lerp_mode": "catmullrom"
						},
						"0.5": {
							"post": [0.79, -0.59, 0.36],
							"lerp_mode": "catmullrom"
						},
						"0.55": {
							"post": [1.41538, -0.57724, 1.98961],
							"lerp_mode": "catmullrom"
						},
						"0.65": {
							"post": [1.68509, -0.37798, -0.24969],
							"lerp_mode": "catmullrom"
						},
						"0.75": {
							"post": [0.99779, -0.25871, 0.49775],
							"lerp_mode": "catmullrom"
						},
						"1.0": {
							"post": [0.99247, -0.16835, -1.1051],
							"lerp_mode": "catmullrom"
						},
						"1.2": {
							"post": [1.40702, -0.21046, -1.73427],
							"lerp_mode": "catmullrom"
						},
						"1.45": {
							"post": [1.49, -0.32, -2.28],
							"lerp_mode": "catmullrom"
						},
						"1.65": {
							"post": [1.69, -0.23, -2.04],
							"lerp_mode": "catmullrom"
						},
						"1.95": {
							"post": [0.84, -0.12, -1.75],
							"lerp_mode": "catmullrom"
						},
						"2.05": {
							"post": [1.7893, -0.08912, -1.72313],
							"lerp_mode": "catmullrom"
						},
						"2.1": {
							"post": [1.74935, -0.07296, -0.72732],
							"lerp_mode": "catmullrom"
						},
						"2.2": {
							"post": [1.51211, 0.10275, -2.65977],
							"lerp_mode": "catmullrom"
						},
						"2.25": {
							"post": [2.15, 0.14, -2.37],
							"lerp_mode": "catmullrom"
						},
						"2.3": {
							"post": [2.73255, 0.09023, -0.60029],
							"lerp_mode": "catmullrom"
						},
						"2.4": {
							"post": [2.28486, 0.19206, -3.25099],
							"lerp_mode": "catmullrom"
						},
						"2.5": {
							"post": [1.82986, 0.13947, -1.89428],
							"lerp_mode": "catmullrom"
						},
						"2.65": {
							"post": [1.11136, 0.21421, -2.39381],
							"lerp_mode": "catmullrom"
						},
						"2.85": {
							"post": [0.28, -0.06, -0.47],
							"lerp_mode": "catmullrom"
						},
						"2.95": {
							"post": [0.5, 0, 0],
							"lerp_mode": "catmullrom"
						},
						"3.0": {
							"post": [0.36837, 0.01444, 0.7848],
							"lerp_mode": "catmullrom"
						},
						"3.1": {
							"post": [-0.03, 0, -0.31],
							"lerp_mode": "catmullrom"
						},
						"3.2": {
							"post": [0, 0, 0],
							"lerp_mode": "catmullrom"
						}
					}
				},
				"constraint": {
					"rotation": {
						"0.0": [0.2, 0.15, 0.2],
						"0.3": [0.05, 0.05, 0.05],
						"2.65": [0.05, 0.05, 0.05],
						"3.05": [0.2, 0.15, 0.2]
					},
					"position": {
						"0.0": [0.1, 0.1, 0.4],
						"0.3": [0.05, 0.05, 0.05],
						"2.65": [0.05, 0.05, 0.05],
						"3.05": [0.1, 0.1, 0.4]
					}
				}
			},
			"sound_effects": {
				"0.1": {
					"effect": "garand_gl_load2"
				},
				"0.25": {
					"effect": "garand_magrelease"
				},
				"0.45": {
					"effect": "garand_boltback"
				},
				"0.8": {
					"effect": "wfoly_pi_sykov_i_inspect_rotate"
				},
				"1.25": {
					"effect": "wfoly_sm_papa90_reload_fast_cloth02"
				},
				"1.9": {
					"effect": "garand_magin"
				},
				"1.95": {
					"effect": "garand_maghit"
				},
				"2.25": {
					"effect": "garand_fetchmag"
				},
				"2.35": {
					"effect": "garand_rattle"
				},
				"2.65": {
					"effect": "garand_shoulder"
				}
			}
		},
		"reload_empty": {
			"animation_length": 3.15,
			"bones": {
				"R": {
					"rotation": {
						"0.0": {
							"post": [83.30129, 3.51484, -166.98725],
							"lerp_mode": "catmullrom"
						},
						"0.65": [133.4021, 10.973, -160.14859],
						"0.75": [112.141, 11.78016, -159.37933],
						"0.85": [114.44868, 12.88508, -157.83717],
						"1.0": [123.5413, 13.75859, -152.49246],
						"1.1": [102.97462, 19.99829, -139.11204],
						"1.15": [102.17914, 20.16586, -144.51022],
						"1.2": [102.4919, 19.7037, -146.77319],
						"1.3": {
							"pre": [81.46831, 30.3478, -167.87788],
							"post": [81.46831, 30.3478, -167.87788],
							"lerp_mode": "catmullrom"
						},
						"1.4": {
							"post": [118.25556, 3.32556, -166.33761],
							"lerp_mode": "catmullrom"
						},
						"1.45": {
							"post": [117.94962, 5.77482, -187.7471],
							"lerp_mode": "catmullrom"
						},
						"1.55": {
							"post": [112.89362, 8.97298, -174.44455],
							"lerp_mode": "catmullrom"
						},
						"1.75": {
							"post": [83.30129, 3.51484, -166.98725],
							"lerp_mode": "catmullrom"
						}
					},
					"position": {
						"0.0": [-6.7, -12.9, 10.3],
						"0.35": [-19.185, -26.85, 22.49],
						"0.5": [-16.185, -13.25, 14.39],
						"0.65": {
							"pre": [-12.825, -7.3, 8.22],
							"post": [-12.825, -7.3, 8.22],
							"lerp_mode": "catmullrom"
						},
						"0.75": {
							"post": [-9.275, -6.65, 5.95],
							"lerp_mode": "catmullrom"
						},
						"0.85": [-8.735, -7.04, 5.75],
						"0.9": [-8.375, -7.45, 5.75],
						"1.0": [-8.375, -7.35, 5.75],
						"1.1": [-8.28, -8.84, 5.12],
						"1.2": [-8.28, -8.84, 5.12],
						"1.25": {
							"pre": [-9.64, -8.6, 8.17],
							"post": [-9.64, -8.6, 8.17],
							"lerp_mode": "catmullrom"
						},
						"1.3": {
							"post": [-8.57, -8.4, 11.305],
							"lerp_mode": "catmullrom"
						},
						"1.4": {
							"post": [-9.87, -8.775, 11.955],
							"lerp_mode": "catmullrom"
						},
						"1.45": {
							"post": [-9.37, -9.375, 9.205],
							"lerp_mode": "catmullrom"
						},
						"1.55": {
							"post": [-9.67, -10.275, 8.88],
							"lerp_mode": "catmullrom"
						},
						"1.65": {
							"post": [-10.1, -12.24, 10.11],
							"lerp_mode": "catmullrom"
						},
						"1.75": {
							"post": [-6.7, -12.9, 10.3],
							"lerp_mode": "catmullrom"
						}
					},
					"scale": {
						"0.0": {
							"post": [1, 1.5, 1],
							"lerp_mode": "catmullrom"
						}
					}
				},
				"l": {
					"rotation": {
						"0.0": {
							"post": [80.16815, -23.91853, -117.57546],
							"lerp_mode": "catmullrom"
						}
					},
					"position": {
						"0.0": {
							"post": [7, -12.5, -4],
							"lerp_mode": "catmullrom"
						}
					},
					"scale": {
						"0.0": {
							"post": [1, 1.5, 1],
							"lerp_mode": "catmullrom"
						}
					}
				},
				"root": {
					"rotation": {
						"0.0": {
							"post": [0, 0, 0],
							"lerp_mode": "catmullrom"
						},
						"0.1": {
							"post": [-0.94, -1.58, -0.45],
							"lerp_mode": "catmullrom"
						},
						"0.25": {
							"post": [-6.98086, -2.63639, 1.07362],
							"lerp_mode": "catmullrom"
						},
						"0.4": {
							"post": [-6.845, -3.06, 0.96],
							"lerp_mode": "catmullrom"
						},
						"0.6": {
							"post": [-6.30314, -3.48622, -1.54919],
							"lerp_mode": "catmullrom"
						},
						"0.75": {
							"post": [-6.4, -3.54, -4.08],
							"lerp_mode": "catmullrom"
						},
						"0.85": {
							"post": [-5.83, -3.5, -4.71],
							"lerp_mode": "catmullrom"
						},
						"0.95": {
							"post": [-5.83, -3.49, -5.25],
							"lerp_mode": "catmullrom"
						},
						"1.05": {
							"post": [-5.83, -3.47, -7.54],
							"lerp_mode": "catmullrom"
						},
						"1.1": {
							"post": [-7.02, -3.46, -4.35],
							"lerp_mode": "catmullrom"
						},
						"1.2": {
							"post": [-6, -3.45, -7.19],
							"lerp_mode": "catmullrom"
						},
						"1.3": {
							"post": [-6.04, -3.54, -6.08],
							"lerp_mode": "catmullrom"
						},
						"1.4": {
							"post": [-5.42, -3.94, -5.73],
							"lerp_mode": "catmullrom"
						},
						"1.45": {
							"post": [-4.195, -4.53, -2.05],
							"lerp_mode": "catmullrom"
						},
						"1.55": {
							"post": [-4.72, -5.02, -4.88],
							"lerp_mode": "catmullrom"
						},
						"1.65": {
							"post": [-4.45, -4.395, -2.285],
							"lerp_mode": "catmullrom"
						},
						"1.8": {
							"post": [-3.49848, -2.5786, 0.25544],
							"lerp_mode": "catmullrom"
						},
						"1.95": {
							"post": [0.05, -0.9, -0.275],
							"lerp_mode": "catmullrom"
						},
						"2.0": {
							"post": [0.16, -0.25, 0.42],
							"lerp_mode": "catmullrom"
						},
						"2.05": {
							"post": [-0.15, 0.17, -1.495],
							"lerp_mode": "catmullrom"
						},
						"2.15": {
							"post": [0, 0, 0.1],
							"lerp_mode": "catmullrom"
						},
						"2.25": {
							"post": [0, 0, 0],
							"lerp_mode": "catmullrom"
						}
					},
					"position": {
						"0.05": {
							"pre": [0, 0, 0],
							"post": [0, 0, 0],
							"lerp_mode": "catmullrom"
						},
						"0.2": {
							"post": [0.03, -1.13, -0.38],
							"lerp_mode": "catmullrom"
						},
						"0.4": {
							"post": [-0.56, -1.79, 1.19],
							"lerp_mode": "catmullrom"
						},
						"0.55": {
							"post": [-0.61, -1.89, 0.955],
							"lerp_mode": "catmullrom"
						},
						"0.7": {
							"post": [-0.57, -1.92, 1.025],
							"lerp_mode": "catmullrom"
						},
						"0.85": {
							"post": [-0.57, -1.92, 1.05],
							"lerp_mode": "catmullrom"
						},
						"1.05": {
							"post": [-0.56, -1.92, 1.05],
							"lerp_mode": "catmullrom"
						},
						"1.1": {
							"post": [-0.55, -2.245, 1.05],
							"lerp_mode": "catmullrom"
						},
						"1.2": {
							"post": [-0.57, -2.195, 1.05],
							"lerp_mode": "catmullrom"
						},
						"1.3": {
							"post": [-0.67, -1.835, 1.13],
							"lerp_mode": "catmullrom"
						},
						"1.4": {
							"post": [-0.77, -1.385, 1.05],
							"lerp_mode": "catmullrom"
						},
						"1.45": {
							"post": [-0.82, -1.345, 0.1],
							"lerp_mode": "catmullrom"
						},
						"1.55": {
							"post": [-0.98, -1.38, 0.335],
							"lerp_mode": "catmullrom"
						},
						"1.7": {
							"post": [-1.075, -1.35, -1.4],
							"lerp_mode": "catmullrom"
						},
						"1.8": {
							"post": [-0.71, -0.82, -1.6],
							"lerp_mode": "catmullrom"
						},
						"1.9": {
							"post": [-0.3, -0.275, -0.2],
							"lerp_mode": "catmullrom"
						},
						"2.0": {
							"post": [-0.06, -0.07, 0.35],
							"lerp_mode": "catmullrom"
						},
						"2.1": {
							"post": [0, 0, -0.05],
							"lerp_mode": "catmullrom"
						},
						"2.2": {
							"post": [0, 0, 0],
							"lerp_mode": "catmullrom"
						}
					}
				},
				"bolt": {
					"position": {
						"1.4": [0, -0.125, 6.25],
						"1.45": [0, 0, 0]
					},
					"scale": {
						"1.4": [1, 1, 0.4125],
						"1.45": [1, 1, 1]
					}
				},
				"mag_group": {
					"rotation": {
						"0.45": [-25, 0, 12.5],
						"0.65": {
							"pre": [-43.12872, -10.72677, -15.10904],
							"post": [-43.12872, -10.72677, -15.10904],
							"lerp_mode": "catmullrom"
						},
						"0.75": {
							"post": [-16.8485, -1.45192, -11.91312],
							"lerp_mode": "catmullrom"
						},
						"0.85": [-2.97086, -0.41733, -7.98918],
						"0.9": [-2.24967, -0.03919, 1.0028],
						"1.0": [0, 0, 0],
						"1.1": [0, 0, 0]
					},
					"position": {
						"0.35": [-10.81, -17.4, 16.74],
						"0.5": [-7.81, -3.8, 8.64],
						"0.65": {
							"pre": [-4.05, 2.65, 2.37],
							"post": [-4.05, 2.65, 2.37],
							"lerp_mode": "catmullrom"
						},
						"0.75": {
							"post": [-0.8, 2.8, 0.2],
							"lerp_mode": "catmullrom"
						},
						"0.85": [-0.16, 2.41, 0],
						"0.9": [0, 2, 0],
						"1.0": [0, 2.1, 0],
						"1.1": [0, 0, 0]
					},
					"scale": 1
				},
				"bolt_group": {
					"position": {
						"1.4": [0, -0.125, 6.25],
						"1.45": [0, 0, 0]
					}
				},
				"camera": {
					"rotation": {
						"0.0": {
							"post": [0, 0, 0],
							"lerp_mode": "catmullrom"
						},
						"0.1": {
							"post": [0.2, 0.05, -0.29],
							"lerp_mode": "catmullrom"
						},
						"0.3": {
							"post": [1.6592, 0.47029, -2.30855],
							"lerp_mode": "catmullrom"
						},
						"0.45": {
							"post": [1.12326, 0.61236, -1.10032],
							"lerp_mode": "catmullrom"
						},
						"0.65": {
							"post": [0.785, 0.8, -1.25],
							"lerp_mode": "catmullrom"
						},
						"0.85": {
							"post": [1.08666, 0.77347, -0.44772],
							"lerp_mode": "catmullrom"
						},
						"0.95": {
							"post": [1.2566, 0.73888, 0.51628],
							"lerp_mode": "catmullrom"
						},
						"1.05": {
							"post": [1.55, 0.77, -0.44],
							"lerp_mode": "catmullrom"
						},
						"1.1": {
							"post": [2.81944, 0.70647, 0.86832],
							"lerp_mode": "catmullrom"
						},
						"1.2": {
							"post": [2.29564, 0.92081, -3.55843],
							"lerp_mode": "catmullrom"
						},
						"1.4": {
							"post": [2.46961, 0.81467, -2.23279],
							"lerp_mode": "catmullrom"
						},
						"1.45": {
							"post": [3.48387, 0.45756, 2.16069],
							"lerp_mode": "catmullrom"
						},
						"1.55": {
							"post": [1.99525, 0.37614, -1.11956],
							"lerp_mode": "catmullrom"
						},
						"1.65": {
							"post": [2.13, 0.21, -0.21],
							"lerp_mode": "catmullrom"
						},
						"1.75": {
							"post": [1.72863, 0.16509, -0.61977],
							"lerp_mode": "catmullrom"
						},
						"1.95": {
							"post": [0.25961, 0.02453, -1.01999],
							"lerp_mode": "catmullrom"
						},
						"2.0": {
							"post": [0.3, 0, 0.26],
							"lerp_mode": "catmullrom"
						},
						"2.1": {
							"post": [0.16012, 0.0079, -0.51],
							"lerp_mode": "catmullrom"
						},
						"2.25": {
							"post": [0, 0, 0],
							"lerp_mode": "catmullrom"
						}
					}
				},
				"bullets": {
					"scale": 1
				},
				"constraint": {
					"rotation": {
						"0.0": [0.2, 0.15, 0.2],
						"0.3": [0.05, 0.05, 0.05],
						"2.65": [0.05, 0.05, 0.05],
						"3.05": [0.2, 0.15, 0.2]
					},
					"position": {
						"0.0": [0.1, 0.1, 0.4],
						"0.3": [0.05, 0.05, 0.05],
						"2.65": [0.05, 0.05, 0.05],
						"3.05": [0.1, 0.1, 0.4]
					}
				}
			},
			"sound_effects": {
				"0.0": {
					"effect": "wfoly_plr_sn_mike14_reload_empty_xmaglrg_charge_01"
				},
				"0.4": {
					"effect": "wfoly_sn_mike14_reload_empty_quick_mvmnt"
				},
				"1.0": {
					"effect": "garand_maghit"
				},
				"1.05": {
					"effect": "garand_magin"
				},
				"1.4": {
					"effect": "garand_boltrelease"
				},
				"1.45": {
					"effect": "garand_fetchmag"
				},
				"1.95": {
					"effect": "wfoly_plr_sn_mike14_reload_empty_fast_xmag_end"
				}
			}
		},
		"inspect": {
			"animation_length": 5,
			"bones": {
				"R": {
					"rotation": {
						"0.0": {
							"post": [83.30129, 3.51484, -166.98725],
							"lerp_mode": "catmullrom"
						}
					},
					"position": {
						"0.0": {
							"post": [-6.7, -12.9, 10.3],
							"lerp_mode": "catmullrom"
						}
					},
					"scale": {
						"0.0": {
							"post": [1, 1.5, 1],
							"lerp_mode": "catmullrom"
						}
					}
				},
				"l": {
					"rotation": {
						"0.0": {
							"post": [80.16815, -23.91853, -117.57546],
							"lerp_mode": "catmullrom"
						},
						"0.15": {
							"post": [80.16815, -23.91853, -117.57546],
							"lerp_mode": "catmullrom"
						},
						"0.3": {
							"post": [72.45413, -41.88796, -131.44937],
							"lerp_mode": "catmullrom"
						},
						"2.1": {
							"post": [80.16815, -23.91853, -117.57546],
							"lerp_mode": "catmullrom"
						},
						"2.45": [58.16815, -23.91853, -117.57546],
						"4.4": [58.16815, -23.91853, -117.57546],
						"4.65": {
							"pre": [80.16815, -23.91853, -117.57546],
							"post": [80.16815, -23.91853, -117.57546],
							"lerp_mode": "catmullrom"
						}
					},
					"position": {
						"0.0": {
							"post": [7, -12.5, -4],
							"lerp_mode": "catmullrom"
						},
						"0.15": {
							"post": [7, -12.5, -4],
							"lerp_mode": "catmullrom"
						},
						"0.25": [8.23, -15.67, -0.18],
						"0.4": [8.39058, -19.84762, 10.6578],
						"0.5": [10.8, -22.27, 22.83],
						"0.55": [11.41, -22.99, 28.17],
						"0.65": [10.88, -23.5, 27.13],
						"0.7": [11.11, -23.87, 25.26],
						"2.1": {
							"pre": [5.71208, -23.87259, 17.35619],
							"post": [5.71208, -23.87259, 17.35619],
							"lerp_mode": "catmullrom"
						},
						"2.35": [10.34904, -18.28545, 7.64057],
						"2.4": [10.54595, -15.17005, 4.59133],
						"2.45": [7.7, -13.4, 2.2],
						"4.4": [7.7, -13.4, 2.2],
						"4.65": {
							"pre": [7, -12.5, -4],
							"post": [7, -12.5, -4],
							"lerp_mode": "catmullrom"
						}
					},
					"scale": {
						"0.0": {
							"post": [1, 1.5, 1],
							"lerp_mode": "catmullrom"
						}
					}
				},
				"root": {
					"rotation": {
						"0.0": {
							"post": [0, 0, 0],
							"lerp_mode": "catmullrom"
						},
						"0.2": {
							"post": [-2.33402, -2.26482, -10.8535],
							"lerp_mode": "catmullrom"
						},
						"0.4": {
							"post": [-13.04696, -20.80285, -42.00906],
							"lerp_mode": "catmullrom"
						},
						"0.5": {
							"post": [-14.19613, -34.94352, -62.3911],
							"lerp_mode": "catmullrom"
						},
						"0.75": {
							"post": [-13.725, -37.635, -66.14],
							"lerp_mode": "catmullrom"
						},
						"1.15": {
							"post": [-12.80919, -37.78545, -66.10573],
							"lerp_mode": "catmullrom"
						},
						"1.35": {
							"post": [-12.755, -37.985, -66.79],
							"lerp_mode": "catmullrom"
						},
						"1.6": {
							"post": [-12.755, -37.965, -67.26],
							"lerp_mode": "catmullrom"
						},
						"1.8": {
							"post": [-12.775, -37.905, -67.835],
							"lerp_mode": "catmullrom"
						},
						"2.05": {
							"post": [-12.80919, -37.78545, -64.60573],
							"lerp_mode": "catmullrom"
						},
						"2.25": {
							"post": [-15.30919, -30.58545, -53.80573],
							"lerp_mode": "catmullrom"
						},
						"2.55": {
							"post": [-24.9445, 1.70002, 43.15984],
							"lerp_mode": "catmullrom"
						},
						"2.7": {
							"post": [-24.9445, 9.40002, 59.65984],
							"lerp_mode": "catmullrom"
						},
						"2.85": {
							"post": [-24.95, 7.88, 61.47],
							"lerp_mode": "catmullrom"
						},
						"2.95": {
							"post": [-24.96, 7.86, 60.99],
							"lerp_mode": "catmullrom"
						},
						"3.2": {
							"post": [-25, 7.75, 61.77],
							"lerp_mode": "catmullrom"
						},
						"3.5": {
							"post": [-24.9445, 7.90002, 61.65984],
							"lerp_mode": "catmullrom"
						},
						"3.75": {
							"post": [-24.22873, 9.9815, 70.7622],
							"lerp_mode": "catmullrom"
						},
						"4.0": {
							"post": [-24.16, 10.35, 71.62],
							"lerp_mode": "catmullrom"
						},
						"4.25": {
							"post": [-23.86, 10.06, 70.09],
							"lerp_mode": "catmullrom"
						},
						"4.4": {
							"post": [-21.22873, 8.4815, 60.2622],
							"lerp_mode": "catmullrom"
						},
						"4.55": {
							"post": [-2.67436, -2.84081, 26.11685],
							"lerp_mode": "catmullrom"
						},
						"4.7": {
							"post": [2.37, -2.9, 0.4],
							"lerp_mode": "catmullrom"
						},
						"4.8": {
							"post": [0, 0, 1.25],
							"lerp_mode": "catmullrom"
						},
						"4.9": {
							"post": [0, 0, 0.5],
							"lerp_mode": "catmullrom"
						},
						"5.0": {
							"post": [0, 0, 0],
							"lerp_mode": "catmullrom"
						}
					},
					"position": {
						"0.0": {
							"post": [0, 0, 0],
							"lerp_mode": "catmullrom"
						},
						"0.05": {
							"post": [-0.12, -0.065, -0.65],
							"lerp_mode": "catmullrom"
						},
						"0.25": {
							"post": [-0.535, -1.425, -3.1],
							"lerp_mode": "catmullrom"
						},
						"0.4": {
							"post": [-0.20115, -0.875, -2.25],
							"lerp_mode": "catmullrom"
						},
						"0.55": {
							"post": [-0.20115, -0.625, -2.45],
							"lerp_mode": "catmullrom"
						},
						"0.65": {
							"post": [-0.2, -0.87, -2.46],
							"lerp_mode": "catmullrom"
						},
						"0.75": {
							"post": [-0.19, -1.1, -2.44],
							"lerp_mode": "catmullrom"
						},
						"0.95": {
							"post": [-0.18, -1.005, -2.41],
							"lerp_mode": "catmullrom"
						},
						"1.15": {
							"post": [-0.17, -1.05, -2.39],
							"lerp_mode": "catmullrom"
						},
						"1.5": {
							"post": [-0.15, -1.105, -2.35],
							"lerp_mode": "catmullrom"
						},
						"1.75": {
							"post": [-0.12, -1.14, -2.3],
							"lerp_mode": "catmullrom"
						},
						"1.95": {
							"post": [-0.1, -1.11, -2.26],
							"lerp_mode": "catmullrom"
						},
						"2.2": {
							"post": [-0.20115, -1.72614, -2.15],
							"lerp_mode": "catmullrom"
						},
						"2.45": {
							"post": [-0.64, -2.08, -1.77],
							"lerp_mode": "catmullrom"
						},
						"2.7": {
							"post": [-1.07086, -0.4546, -1.4],
							"lerp_mode": "catmullrom"
						},
						"3.0": {
							"post": [-1.11, -0.46, -1.39],
							"lerp_mode": "catmullrom"
						},
						"4.35": {
							"post": [-1.07086, -0.5546, -1.4],
							"lerp_mode": "catmullrom"
						},
						"4.7": {
							"post": [0, -0.5, -0.7],
							"lerp_mode": "catmullrom"
						},
						"4.85": {
							"post": [0.1, 0, 0.3],
							"lerp_mode": "catmullrom"
						},
						"4.95": {
							"post": [0, 0, 0],
							"lerp_mode": "catmullrom"
						}
					}
				},
				"bone": {
					"rotation": {
						"0.55": [0, 0, 0],
						"0.8": [0, 0, -12.5],
						"1.8": [0, 0, -12.5],
						"2.1": [0, 0, 10],
						"2.65": [0, 0, 10],
						"2.9": [0, 0, 0]
					},
					"position": [0, 0, 0]
				},
				"camera": {
					"rotation": {
						"0.0": {
							"post": [0, 0, 0],
							"lerp_mode": "catmullrom"
						},
						"0.3": {
							"post": [2.03248, 2.09646, 1.54304],
							"lerp_mode": "catmullrom"
						},
						"0.4": {
							"post": [2.04347, 3.01445, 1.46047],
							"lerp_mode": "catmullrom"
						},
						"0.5": {
							"post": [1.94579, 3.04598, 2.1341],
							"lerp_mode": "catmullrom"
						},
						"1.05": {
							"post": [1.29824, 3.36963, 2.30406],
							"lerp_mode": "catmullrom"
						},
						"1.35": {
							"post": [3.26108, 3.44114, 1.85555],
							"lerp_mode": "catmullrom"
						},
						"2.05": {
							"post": [3.86108, 3.54114, 1.85555],
							"lerp_mode": "catmullrom"
						},
						"2.3": {
							"post": [4.83, 3.74, 3.15],
							"lerp_mode": "catmullrom"
						},
						"2.5": {
							"post": [4.63142, 3.92876, 4.21288],
							"lerp_mode": "catmullrom"
						},
						"2.8": {
							"post": [4.04822, 4.28815, 4.85952],
							"lerp_mode": "catmullrom"
						},
						"3.2": {
							"post": [5.49272, 3.9688, 4.75387],
							"lerp_mode": "catmullrom"
						},
						"3.45": {
							"post": [5.61888, 3.85424, 4.05594],
							"lerp_mode": "catmullrom"
						},
						"4.1": {
							"post": [4.58526, 1.70301, 4.00245],
							"lerp_mode": "catmullrom"
						},
						"4.55": {
							"post": [2.71, 0.39, 0.63],
							"lerp_mode": "catmullrom"
						},
						"4.65": {
							"post": [1.56299, 0.15226, 0.131],
							"lerp_mode": "catmullrom"
						},
						"4.75": {
							"post": [0.1912, 0.07481, 0.55547],
							"lerp_mode": "catmullrom"
						},
						"4.8": {
							"post": [0.09, 0.12, -0.2],
							"lerp_mode": "catmullrom"
						},
						"4.9": {
							"post": [-0.11, 0.05, -0.07],
							"lerp_mode": "catmullrom"
						},
						"5.0": {
							"post": [0, 0, 0],
							"lerp_mode": "catmullrom"
						}
					}
				}
			},
			"sound_effects": {
				"0.05": {
					"effect": "wfoly_sn_mike14_raise"
				},
				"2.0": {
					"effect": "wfoly_plr_sn_mike14_reload_empty_fast_xmag_start"
				},
				"4.25": {
					"effect": "wfoly_plr_sn_mike14_reload_xmaglrg_end"
				},
				"4.6": {
					"effect": "wfoly_plr_sn_mike14_reload_fast_xmag_end"
				}
			}
		},
		"inspect_empty": {
			"animation_length": 5,
			"bones": {
				"R": {
					"rotation": {
						"0.0": {
							"post": [83.30129, 3.51484, -166.98725],
							"lerp_mode": "catmullrom"
						}
					},
					"position": {
						"0.0": {
							"post": [-6.7, -12.9, 10.3],
							"lerp_mode": "catmullrom"
						}
					},
					"scale": {
						"0.0": {
							"post": [1, 1.5, 1],
							"lerp_mode": "catmullrom"
						}
					}
				},
				"l": {
					"rotation": {
						"0.0": {
							"post": [80.16815, -23.91853, -117.57546],
							"lerp_mode": "catmullrom"
						},
						"0.15": {
							"post": [80.16815, -23.91853, -117.57546],
							"lerp_mode": "catmullrom"
						},
						"0.3": {
							"post": [72.45413, -41.88796, -131.44937],
							"lerp_mode": "catmullrom"
						},
						"2.1": {
							"post": [80.16815, -23.91853, -117.57546],
							"lerp_mode": "catmullrom"
						},
						"2.45": [58.16815, -23.91853, -117.57546],
						"4.4": [58.16815, -23.91853, -117.57546],
						"4.65": {
							"pre": [80.16815, -23.91853, -117.57546],
							"post": [80.16815, -23.91853, -117.57546],
							"lerp_mode": "catmullrom"
						}
					},
					"position": {
						"0.0": {
							"post": [7, -12.5, -4],
							"lerp_mode": "catmullrom"
						},
						"0.15": {
							"post": [7, -12.5, -4],
							"lerp_mode": "catmullrom"
						},
						"0.25": [8.23, -15.67, -0.18],
						"0.4": [8.39058, -19.84762, 10.6578],
						"0.5": [10.8, -22.27, 22.83],
						"0.55": [11.41, -22.99, 28.17],
						"0.65": [10.88, -23.5, 27.13],
						"0.7": [11.11, -23.87, 25.26],
						"2.1": {
							"pre": [5.71208, -23.87259, 17.35619],
							"post": [5.71208, -23.87259, 17.35619],
							"lerp_mode": "catmullrom"
						},
						"2.35": [10.34904, -18.28545, 7.64057],
						"2.4": [10.54595, -15.17005, 4.59133],
						"2.45": [7.7, -13.4, 2.2],
						"4.4": [7.7, -13.4, 2.2],
						"4.65": {
							"pre": [7, -12.5, -4],
							"post": [7, -12.5, -4],
							"lerp_mode": "catmullrom"
						}
					},
					"scale": {
						"0.0": {
							"post": [1, 1.5, 1],
							"lerp_mode": "catmullrom"
						}
					}
				},
				"root": {
					"rotation": {
						"0.0": {
							"post": [0, 0, 0],
							"lerp_mode": "catmullrom"
						},
						"0.2": {
							"post": [-2.33402, -2.26482, -10.8535],
							"lerp_mode": "catmullrom"
						},
						"0.4": {
							"post": [-13.04696, -20.80285, -42.00906],
							"lerp_mode": "catmullrom"
						},
						"0.5": {
							"post": [-14.19613, -34.94352, -62.3911],
							"lerp_mode": "catmullrom"
						},
						"0.75": {
							"post": [-13.725, -37.635, -66.14],
							"lerp_mode": "catmullrom"
						},
						"1.15": {
							"post": [-12.80919, -37.78545, -66.10573],
							"lerp_mode": "catmullrom"
						},
						"1.35": {
							"post": [-12.755, -37.985, -66.79],
							"lerp_mode": "catmullrom"
						},
						"1.6": {
							"post": [-12.755, -37.965, -67.26],
							"lerp_mode": "catmullrom"
						},
						"1.8": {
							"post": [-12.775, -37.905, -67.835],
							"lerp_mode": "catmullrom"
						},
						"2.05": {
							"post": [-12.80919, -37.78545, -64.60573],
							"lerp_mode": "catmullrom"
						},
						"2.25": {
							"post": [-15.30919, -30.58545, -53.80573],
							"lerp_mode": "catmullrom"
						},
						"2.55": {
							"post": [-24.9445, 1.70002, 43.15984],
							"lerp_mode": "catmullrom"
						},
						"2.7": {
							"post": [-24.9445, 9.40002, 59.65984],
							"lerp_mode": "catmullrom"
						},
						"2.85": {
							"post": [-24.95, 7.88, 61.47],
							"lerp_mode": "catmullrom"
						},
						"2.95": {
							"post": [-24.96, 7.86, 60.99],
							"lerp_mode": "catmullrom"
						},
						"3.2": {
							"post": [-25, 7.75, 61.77],
							"lerp_mode": "catmullrom"
						},
						"3.5": {
							"post": [-24.9445, 7.90002, 61.65984],
							"lerp_mode": "catmullrom"
						},
						"3.75": {
							"post": [-24.22873, 9.9815, 70.7622],
							"lerp_mode": "catmullrom"
						},
						"4.0": {
							"post": [-24.16, 10.35, 71.62],
							"lerp_mode": "catmullrom"
						},
						"4.25": {
							"post": [-23.86, 10.06, 70.09],
							"lerp_mode": "catmullrom"
						},
						"4.4": {
							"post": [-21.22873, 8.4815, 60.2622],
							"lerp_mode": "catmullrom"
						},
						"4.55": {
							"post": [-2.67436, -2.84081, 26.11685],
							"lerp_mode": "catmullrom"
						},
						"4.7": {
							"post": [2.37, -2.9, 0.4],
							"lerp_mode": "catmullrom"
						},
						"4.8": {
							"post": [0, 0, 1.25],
							"lerp_mode": "catmullrom"
						},
						"4.9": {
							"post": [0, 0, 0.5],
							"lerp_mode": "catmullrom"
						},
						"5.0": {
							"post": [0, 0, 0],
							"lerp_mode": "catmullrom"
						}
					},
					"position": {
						"0.0": {
							"post": [0, 0, 0],
							"lerp_mode": "catmullrom"
						},
						"0.05": {
							"post": [-0.12, -0.065, -0.65],
							"lerp_mode": "catmullrom"
						},
						"0.25": {
							"post": [-0.535, -1.425, -3.1],
							"lerp_mode": "catmullrom"
						},
						"0.4": {
							"post": [-0.20115, -0.875, -2.25],
							"lerp_mode": "catmullrom"
						},
						"0.55": {
							"post": [-0.20115, -0.625, -2.45],
							"lerp_mode": "catmullrom"
						},
						"0.65": {
							"post": [-0.2, -0.87, -2.46],
							"lerp_mode": "catmullrom"
						},
						"0.75": {
							"post": [-0.19, -1.1, -2.44],
							"lerp_mode": "catmullrom"
						},
						"0.95": {
							"post": [-0.18, -1.005, -2.41],
							"lerp_mode": "catmullrom"
						},
						"1.15": {
							"post": [-0.17, -1.05, -2.39],
							"lerp_mode": "catmullrom"
						},
						"1.5": {
							"post": [-0.15, -1.105, -2.35],
							"lerp_mode": "catmullrom"
						},
						"1.75": {
							"post": [-0.12, -1.14, -2.3],
							"lerp_mode": "catmullrom"
						},
						"1.95": {
							"post": [-0.1, -1.11, -2.26],
							"lerp_mode": "catmullrom"
						},
						"2.2": {
							"post": [-0.20115, -1.72614, -2.15],
							"lerp_mode": "catmullrom"
						},
						"2.45": {
							"post": [-0.64, -2.08, -1.77],
							"lerp_mode": "catmullrom"
						},
						"2.7": {
							"post": [-1.07086, -0.4546, -1.4],
							"lerp_mode": "catmullrom"
						},
						"3.0": {
							"post": [-1.11, -0.46, -1.39],
							"lerp_mode": "catmullrom"
						},
						"4.35": {
							"post": [-1.07086, -0.5546, -1.4],
							"lerp_mode": "catmullrom"
						},
						"4.7": {
							"post": [0, -0.5, -0.7],
							"lerp_mode": "catmullrom"
						},
						"4.85": {
							"post": [0.1, 0, 0.3],
							"lerp_mode": "catmullrom"
						},
						"4.95": {
							"post": [0, 0, 0],
							"lerp_mode": "catmullrom"
						}
					}
				},
				"bone": {
					"rotation": {
						"0.55": [0, 0, 0],
						"0.8": [0, 0, -12.5],
						"1.8": [0, 0, -12.5],
						"2.1": [0, 0, 10],
						"2.65": [0, 0, 10],
						"2.9": [0, 0, 0]
					},
					"position": [0, 0, 0]
				},
				"camera": {
					"rotation": {
						"0.0": {
							"post": [0, 0, 0],
							"lerp_mode": "catmullrom"
						},
						"0.3": {
							"post": [2.03248, 2.09646, 1.54304],
							"lerp_mode": "catmullrom"
						},
						"0.4": {
							"post": [2.04347, 3.01445, 1.46047],
							"lerp_mode": "catmullrom"
						},
						"0.5": {
							"post": [1.94579, 3.04598, 2.1341],
							"lerp_mode": "catmullrom"
						},
						"1.05": {
							"post": [1.29824, 3.36963, 2.30406],
							"lerp_mode": "catmullrom"
						},
						"1.35": {
							"post": [3.26108, 3.44114, 1.85555],
							"lerp_mode": "catmullrom"
						},
						"2.05": {
							"post": [3.86108, 3.54114, 1.85555],
							"lerp_mode": "catmullrom"
						},
						"2.3": {
							"post": [4.83, 3.74, 3.15],
							"lerp_mode": "catmullrom"
						},
						"2.5": {
							"post": [4.63142, 3.92876, 4.21288],
							"lerp_mode": "catmullrom"
						},
						"2.8": {
							"post": [4.04822, 4.28815, 4.85952],
							"lerp_mode": "catmullrom"
						},
						"3.2": {
							"post": [5.49272, 3.9688, 4.75387],
							"lerp_mode": "catmullrom"
						},
						"3.45": {
							"post": [5.61888, 3.85424, 4.05594],
							"lerp_mode": "catmullrom"
						},
						"4.1": {
							"post": [4.58526, 1.70301, 4.00245],
							"lerp_mode": "catmullrom"
						},
						"4.55": {
							"post": [2.71, 0.39, 0.63],
							"lerp_mode": "catmullrom"
						},
						"4.65": {
							"post": [1.56299, 0.15226, 0.131],
							"lerp_mode": "catmullrom"
						},
						"4.75": {
							"post": [0.1912, 0.07481, 0.55547],
							"lerp_mode": "catmullrom"
						},
						"4.8": {
							"post": [0.09, 0.12, -0.2],
							"lerp_mode": "catmullrom"
						},
						"4.9": {
							"post": [-0.11, 0.05, -0.07],
							"lerp_mode": "catmullrom"
						},
						"5.0": {
							"post": [0, 0, 0],
							"lerp_mode": "catmullrom"
						}
					}
				},
				"bolt": {
					"position": [0, -0.125, 6.25],
					"scale": [1, 1, 0.4125]
				},
				"bolt_group": {
					"position": [0, -0.125, 6.25]
				},
				"mag_group": {
					"scale": 0
				}
			},
			"sound_effects": {
				"0.05": {
					"effect": "wfoly_sn_mike14_raise"
				},
				"2.0": {
					"effect": "wfoly_plr_sn_mike14_reload_empty_fast_xmag_start"
				},
				"4.25": {
					"effect": "wfoly_plr_sn_mike14_reload_xmaglrg_end"
				},
				"4.6": {
					"effect": "wfoly_plr_sn_mike14_reload_fast_xmag_end"
				}
			}
		},
		"draw": {
			"animation_length": 0.9,
			"bones": {
				"R": {
					"rotation": [83.30129, 3.51484, -166.98725],
					"position": [-6.7, -12.9, 10.3],
					"scale": [1, 1.5, 1]
				},
				"l": {
					"rotation": {
						"0.15": [73.41878, -25.71368, -143.98671],
						"0.4": [80.16815, -23.91853, -117.57546]
					},
					"position": {
						"0.15": [11.21956, -14.02852, -1.58569],
						"0.4": [7, -12.5, -4]
					},
					"scale": [1, 1.5, 1]
				},
				"root": {
					"rotation": {
						"0.0": {
							"post": [0, -35, 57.5],
							"lerp_mode": "catmullrom"
						},
						"0.15": {
							"post": [2.7348, -26.72512, 37.89727],
							"lerp_mode": "catmullrom"
						},
						"0.4": {
							"post": [0.54547, -2.42247, 1.20117],
							"lerp_mode": "catmullrom"
						},
						"0.5": {
							"post": [0.65504, -0.29416, 2.77775],
							"lerp_mode": "catmullrom"
						},
						"0.6": {
							"post": [-0.00456, -0.10457, -0.17667],
							"lerp_mode": "catmullrom"
						},
						"0.7": {
							"post": [-0.015, -0.44, -0.895],
							"lerp_mode": "catmullrom"
						},
						"0.85": {
							"post": [0, 0, -1],
							"lerp_mode": "catmullrom"
						}
					},
					"position": {
						"0.0": {
							"post": [0, -8, 2],
							"lerp_mode": "catmullrom"
						},
						"0.15": {
							"post": [-0.14, -2.41, -0.42],
							"lerp_mode": "catmullrom"
						},
						"0.25": {
							"post": [-0.22, -0.29, -1],
							"lerp_mode": "catmullrom"
						},
						"0.4": {
							"post": [-0.075, -0.26, -1.5],
							"lerp_mode": "catmullrom"
						},
						"0.5": {
							"post": [0, -0.08, 0.05],
							"lerp_mode": "catmullrom"
						},
						"0.6": {
							"post": [0.05, 0, -0.075],
							"lerp_mode": "catmullrom"
						},
						"0.7": {
							"post": [-0.025, 0, -0.1],
							"lerp_mode": "catmullrom"
						},
						"0.8": {
							"post": [0, 0, 0],
							"lerp_mode": "catmullrom"
						}
					}
				},
				"camera": {
					"rotation": {
						"0.0": {
							"post": [0, 0, 0],
							"lerp_mode": "catmullrom"
						},
						"0.25": {
							"post": [0.99892, -0.25424, 0.99233],
							"lerp_mode": "catmullrom"
						},
						"0.45": {
							"post": [0, 0, -0.3],
							"lerp_mode": "catmullrom"
						},
						"0.5": {
							"post": [0.3761, -0.01196, 0.43729],
							"lerp_mode": "catmullrom"
						},
						"0.6": {
							"post": [0, 0, -0.3],
							"lerp_mode": "catmullrom"
						},
						"0.7": {
							"post": [0, 0, 0.1],
							"lerp_mode": "catmullrom"
						},
						"0.85": {
							"post": [0, 0, 0],
							"lerp_mode": "catmullrom"
						}
					}
				}
			},
			"sound_effects": {
				"0.0": {
					"effect": "wfoly_sn_mike14_raise"
				},
				"0.4": {
					"effect": "wfoly_plr_sn_mike14_reload_fast_xmaglrg_end"
				}
			}
		},
		"put_away": {
			"loop": "hold_on_last_frame",
			"animation_length": 0.5,
			"bones": {
				"root": {
					"rotation": {
						"0.0": [0, 0, 0],
						"0.05": [0, -3, 6],
						"0.15": [-10.32567, -18.95265, -8.14869],
						"0.2": [-26.69, -18.04, 2.69],
						"0.3": [-36.96, -11.63, -10.34],
						"0.4": [-43.84, -7.53, -20.73],
						"0.5": [-47.31135, -5.75386, -28.4767]
					},
					"position": {
						"0.0": [0, 0, 0],
						"0.05": [0, 0, 0],
						"0.15": [1.6, 0.2, 0],
						"0.2": [4.17, -1.16, 0],
						"0.3": [10.63, -11.12, 1.93],
						"0.4": [19.92, -27.81, 5.6],
						"0.5": [27.5, -44.4, 9.1]
					}
				},
				"R": {
					"rotation": [83.30129, 3.51484, -166.98725],
					"position": [-6.7, -12.9, 10.3],
					"scale": [1, 1.5, 1]
				},
				"l": {
					"rotation": [80.16815, -23.91853, -117.57546],
					"position": [7, -12.5, -4],
					"scale": [1, 1.5, 1]
				},
				"camera": {
					"rotation": {
						"0.0": {
							"post": [0, 0, 0],
							"lerp_mode": "catmullrom"
						},
						"0.1833": {
							"post": [-1.9997, 0.00061, 0.0349],
							"lerp_mode": "catmullrom"
						},
						"0.3167": {
							"post": [-1, -0.99878, 0.0698],
							"lerp_mode": "catmullrom"
						},
						"0.5": {
							"post": [0, 0, 0],
							"lerp_mode": "catmullrom"
						}
					}
				}
			}
		},
		"shoot": {
			"loop": true,
			"animation_length": 0.8333,
			"bones": {
				"root": {
					"rotation": {
						"0.0": {
							"post": [0, 0, 0],
							"lerp_mode": "catmullrom"
						},
						"0.0167": {
							"post": [0.92, 0, 1.0175],
							"lerp_mode": "catmullrom"
						},
						"0.0333": {
							"post": [-2.46953, 0, 1.3],
							"lerp_mode": "catmullrom"
						},
						"0.1333": {
							"post": [-0.86953, 0, -0.815],
							"lerp_mode": "catmullrom"
						},
						"0.1833": {
							"post": [-0.125, 0, 0.48281],
							"lerp_mode": "catmullrom"
						},
						"0.25": {
							"post": [0.01641, 0.00036, -0.76172],
							"lerp_mode": "catmullrom"
						},
						"0.35": {
							"post": [0.3, 0, 0.175],
							"lerp_mode": "catmullrom"
						},
						"0.45": {
							"post": [0.37485, -0.36189, -0.1543],
							"lerp_mode": "catmullrom"
						},
						"0.5667": {
							"post": [0.24996, -0.05436, 0.27499],
							"lerp_mode": "catmullrom"
						},
						"0.7167": {
							"post": [-0.01, 0, -0.03],
							"lerp_mode": "catmullrom"
						},
						"0.8333": {
							"post": [0, 0, 0],
							"lerp_mode": "catmullrom"
						}
					},
					"position": {
						"0.0": {
							"post": [0, 0, 0],
							"lerp_mode": "catmullrom"
						},
						"0.0167": {
							"post": [0, -0.26875, 2.1],
							"lerp_mode": "catmullrom"
						},
						"0.0333": {
							"post": [0, 0.03, 2.2875],
							"lerp_mode": "catmullrom"
						},
						"0.1167": {
							"post": [0, -0.05469, 1.40656],
							"lerp_mode": "catmullrom"
						},
						"0.1833": {
							"post": [0, -0.15156, -0.32109],
							"lerp_mode": "catmullrom"
						},
						"0.4": {
							"post": [0, -0.06, 0.02],
							"lerp_mode": "catmullrom"
						},
						"0.5167": {
							"post": [0, 0, 0],
							"lerp_mode": "catmullrom"
						},
						"0.6333": {
							"post": [0, 0, 0],
							"lerp_mode": "catmullrom"
						},
						"0.7667": {
							"post": [0, 0, 0],
							"lerp_mode": "catmullrom"
						}
					}
				},
				"charger": {
					"position": {
						"0.0": [0, 0, 0],
						"0.0167": [0, 0, 3.38125],
						"0.0333": [0, 0, 0]
					}
				},
				"bolt": {
					"position": {
						"0.0": [0, 0, 0],
						"0.05": [0, -0.125, 6.25],
						"0.1167": [0, 0, 0]
					},
					"scale": {
						"0.0": [1, 1, 1],
						"0.05": [1, 1, 0.4125],
						"0.1167": [1, 1, 1]
					}
				},
				"bolt_group": {
					"position": {
						"0.0": [0, 0, 0],
						"0.05": [0, -0.125, 6.25],
						"0.1167": [0, 0, 0]
					}
				},
				"camera": {
					"rotation": {
						"0.0": {
							"post": [0, 0, 0],
							"lerp_mode": "catmullrom"
						},
						"0.0167": {
							"post": [0, 0, -2.25],
							"lerp_mode": "catmullrom"
						},
						"0.0333": {
							"post": [0, 0, 2],
							"lerp_mode": "catmullrom"
						},
						"0.05": {
							"post": [0, 0, -1.675],
							"lerp_mode": "catmullrom"
						},
						"0.0833": {
							"post": [0, 0, 1.1],
							"lerp_mode": "catmullrom"
						},
						"0.1333": {
							"post": [0, 0, -1],
							"lerp_mode": "catmullrom"
						},
						"0.2": {
							"post": [0, 0, 0.55],
							"lerp_mode": "catmullrom"
						},
						"0.2833": {
							"post": [0, 0, -0.15],
							"lerp_mode": "catmullrom"
						},
						"0.3833": {
							"post": [0, 0, 0],
							"lerp_mode": "catmullrom"
						}
					}
				}
			}
		},
		"shoot_last": {
			"loop": true,
			"animation_length": 0.9,
			"bones": {
				"root": {
					"rotation": {
						"0.0": {
							"post": [0, 0, 0],
							"lerp_mode": "catmullrom"
						},
						"0.0167": {
							"post": [0.92, 0, 1.0175],
							"lerp_mode": "catmullrom"
						},
						"0.0333": {
							"post": [-2.46953, 0, 1.3],
							"lerp_mode": "catmullrom"
						},
						"0.1333": {
							"post": [-0.86953, 0, -0.815],
							"lerp_mode": "catmullrom"
						},
						"0.1833": {
							"post": [-0.125, 0, 0.48281],
							"lerp_mode": "catmullrom"
						},
						"0.25": {
							"post": [0.01641, 0.00036, -0.76172],
							"lerp_mode": "catmullrom"
						},
						"0.35": {
							"post": [0.3, 0, 0.175],
							"lerp_mode": "catmullrom"
						},
						"0.45": {
							"post": [0.37485, -0.36189, -0.1543],
							"lerp_mode": "catmullrom"
						},
						"0.5667": {
							"post": [0.24996, -0.05436, 0.27499],
							"lerp_mode": "catmullrom"
						},
						"0.7167": {
							"post": [-0.01, 0, -0.03],
							"lerp_mode": "catmullrom"
						},
						"0.8333": {
							"post": [0, 0, 0],
							"lerp_mode": "catmullrom"
						}
					},
					"position": {
						"0.0": {
							"post": [0, 0, 0],
							"lerp_mode": "catmullrom"
						},
						"0.0167": {
							"post": [0, -0.26875, 2.1],
							"lerp_mode": "catmullrom"
						},
						"0.0333": {
							"post": [0, 0.03, 2.2875],
							"lerp_mode": "catmullrom"
						},
						"0.1167": {
							"post": [0, -0.05469, 1.40656],
							"lerp_mode": "catmullrom"
						},
						"0.1833": {
							"post": [0, -0.15156, -0.32109],
							"lerp_mode": "catmullrom"
						},
						"0.4": {
							"post": [0, -0.06, 0.02],
							"lerp_mode": "catmullrom"
						},
						"0.5167": {
							"post": [0, 0, 0],
							"lerp_mode": "catmullrom"
						},
						"0.6333": {
							"post": [0, 0, 0],
							"lerp_mode": "catmullrom"
						},
						"0.7667": {
							"post": [0, 0, 0],
							"lerp_mode": "catmullrom"
						}
					}
				},
				"mag_group": {
					"rotation": {
						"0.0": {
							"post": [0, 0, 0],
							"lerp_mode": "catmullrom"
						},
						"0.15": {
							"post": [4.76968, 1.50179, -71.93745],
							"lerp_mode": "catmullrom"
						},
						"0.3667": {
							"post": [-1.50701, 4.76804, -230.25024],
							"lerp_mode": "catmullrom"
						},
						"0.7167": {
							"post": [-4.43745, -2.30644, -519.59813],
							"lerp_mode": "catmullrom"
						}
					},
					"position": {
						"0.0": {
							"post": [0, 0, 0],
							"lerp_mode": "catmullrom"
						},
						"0.0667": {
							"post": [0.0175, 2.26, -0.04],
							"lerp_mode": "catmullrom"
						},
						"0.15": {
							"post": [-0.10691, 6.24588, -0.11389],
							"lerp_mode": "catmullrom"
						},
						"0.3667": {
							"post": [-3.10976, 6.28755, -0.1102],
							"lerp_mode": "catmullrom"
						},
						"0.7167": {
							"post": [-6.05061, -6.72287, -0.15896],
							"lerp_mode": "catmullrom"
						}
					},
					"scale": 1
				},
				"bullets": {
					"scale": 0
				},
				"camera": {
					"rotation": {
						"0.0": {
							"post": [0, 0, 0],
							"lerp_mode": "catmullrom"
						},
						"0.0167": {
							"post": [0, 0, -2.25],
							"lerp_mode": "catmullrom"
						},
						"0.0333": {
							"post": [0, 0, 2],
							"lerp_mode": "catmullrom"
						},
						"0.05": {
							"post": [0, 0, -1.675],
							"lerp_mode": "catmullrom"
						},
						"0.0833": {
							"post": [0, 0, 1.1],
							"lerp_mode": "catmullrom"
						},
						"0.1333": {
							"post": [0, 0, -1],
							"lerp_mode": "catmullrom"
						},
						"0.2": {
							"post": [0, 0, 0.55],
							"lerp_mode": "catmullrom"
						},
						"0.2833": {
							"post": [0, 0, -0.15],
							"lerp_mode": "catmullrom"
						},
						"0.3833": {
							"post": [0, 0, 0],
							"lerp_mode": "catmullrom"
						}
					}
				}
			},
			"sound_effects": {
				"0.0": {
					"effect": "maxstuff:m1_garand/m1_garand_ping"
				}
			}
		}
	}
}