{
	"format_version": "1.8.0",
	"animations": {
		"static_idle": {
			"loop": true,
			"bones": {
				"lefthand": {
					"rotation": [96.96416, -26.09352, -138.97739],
					"position": [7.68, -10.03, -18.06],
					"scale": [1, 1.5, 1]
				},
				"righthand": {
					"rotation": [93.54848, 4.83931, -177.55034],
					"position": [-6.94, -11.58, -2.48],
					"scale": [1, 1.5, 1]
				},
				"constraint": {
					"rotation": [0.2, 0.2, 0.2],
					"position": [0.2, 0.2, 0.2]
				}
			}
		},
		"inspect": {
			"loop": true,
			"animation_length": 4.8333,
			"bones": {
				"lefthand": {
					"rotation": {
						"0.0": [96.96416, -26.09352, -138.97739],
						"0.25": [89.46518, -21.9387, -122.28072],
						"0.8333": [88.45937, -21.89341, -119.58638],
						"1.3333": [89.46518, -21.9387, -122.28072],
						"1.8333": [82.59158, -20.71494, -103.52854],
						"2.125": [89.46518, -21.9387, -122.28072],
						"3.625": [89.46518, -21.9387, -122.28072],
						"3.8333": [89.85306, -24.21724, -122.41359],
						"4.0417": [96.96416, -26.09352, -138.97739]
					},
					"position": {
						"0.0": [7.68, -10.03, -18.06],
						"0.25": [7.68, -9.78, -18.06],
						"1.3333": [7.68, -9.78, -18.06],
						"1.8333": [7.68, -9.78, -14.06],
						"3.625": [7.68, -9.78, -14.06],
						"4.0417": [7.68, -10.03, -18.06]
					},
					"scale": [1, 1.5, 1]
				},
				"righthand": {
					"rotation": {
						"0.0": [93.54848, 4.83931, -177.55034],
						"1.7083": {
							"pre": [93.55, 4.84, -177.55],
							"post": [93.55, 4.84, -177.55],
							"lerp_mode": "catmullrom"
						},
						"1.8333": {
							"post": [118.84641, 9.22646, -175.1314],
							"lerp_mode": "catmullrom"
						},
						"2.0417": {
							"post": [118.84641, 9.22646, -175.1314],
							"lerp_mode": "catmullrom"
						},
						"2.1667": {
							"post": [136.34641, 9.22646, -175.1314],
							"lerp_mode": "catmullrom"
						},
						"2.2917": {
							"post": [150.84641, 9.22646, -175.1314],
							"lerp_mode": "catmullrom"
						},
						"3.125": {
							"post": [150.84641, 9.22646, -175.1314],
							"lerp_mode": "catmullrom"
						},
						"3.25": {
							"post": [136.34641, 9.22646, -175.1314],
							"lerp_mode": "catmullrom"
						},
						"3.375": {
							"post": [118.84641, 9.22646, -175.1314],
							"lerp_mode": "catmullrom"
						},
						"3.5833": {
							"post": [118.84641, 9.22646, -175.1314],
							"lerp_mode": "catmullrom"
						},
						"3.7083": {
							"post": [93.55, 4.84, -177.55],
							"lerp_mode": "catmullrom"
						}
					},
					"position": {
						"0.0": [-6.94, -11.58, -2.48],
						"1.7083": {
							"pre": [-6.94, -11.58, -2.48],
							"post": [-6.94, -11.58, -2.48],
							"lerp_mode": "catmullrom"
						},
						"1.8333": {
							"post": [-8.19, -10.58, -2.98],
							"lerp_mode": "catmullrom"
						},
						"2.0417": {
							"post": [-8.19, -10.58, -2.98],
							"lerp_mode": "catmullrom"
						},
						"2.1667": {
							"post": [-8.19, -9.58, -2.98],
							"lerp_mode": "catmullrom"
						},
						"2.2917": {
							"post": [-8.19, -9.08, -0.98],
							"lerp_mode": "catmullrom"
						},
						"3.125": {
							"post": [-8.19, -9.08, -0.98],
							"lerp_mode": "catmullrom"
						},
						"3.25": {
							"post": [-8.19, -9.58, -2.98],
							"lerp_mode": "catmullrom"
						},
						"3.375": {
							"post": [-8.19, -10.58, -2.98],
							"lerp_mode": "catmullrom"
						},
						"3.5833": {
							"post": [-8.19, -10.58, -2.98],
							"lerp_mode": "catmullrom"
						},
						"3.7083": {
							"post": [-6.94, -11.58, -2.48],
							"lerp_mode": "catmullrom"
						}
					},
					"scale": [1, 1.5, 1]
				},
				"constraint": {
					"rotation": [0.2, 0.2, 0.2],
					"position": [0.2, 0.2, 0.2]
				},
				"root": {
					"rotation": {
						"0.0": {
							"post": [0, 0, 0],
							"lerp_mode": "catmullrom"
						},
						"0.3333": {
							"post": [0, -17.5, -22.5],
							"lerp_mode": "catmullrom"
						},
						"0.625": {
							"post": [0, -17.5, -22.5],
							"lerp_mode": "catmullrom"
						},
						"1.0": {
							"post": [1, -18.10269, -22.5],
							"lerp_mode": "catmullrom"
						},
						"1.3333": {
							"post": [0, -18.5, -22.5],
							"lerp_mode": "catmullrom"
						},
						"1.75": {
							"post": [-2.5918, 0.25738, 15.32709],
							"lerp_mode": "catmullrom"
						},
						"2.0417": {
							"post": [-7.42985, 12.21475, 39.37586],
							"lerp_mode": "catmullrom"
						},
						"2.2917": {
							"post": [-10.54473, 14.38062, 43.80248],
							"lerp_mode": "catmullrom"
						},
						"2.4583": {
							"post": [-10.13482, 14.50199, 44.07741],
							"lerp_mode": "catmullrom"
						},
						"2.8333": {
							"post": [-8.57788, 12.27031, 41.28646],
							"lerp_mode": "catmullrom"
						},
						"3.0833": {
							"post": [-7.42985, 12.21475, 39.37586],
							"lerp_mode": "catmullrom"
						},
						"3.375": {
							"post": [-6.46389, 9.64982, 43.0766],
							"lerp_mode": "catmullrom"
						},
						"3.75": {
							"post": [-4.8674, 9.73556, 39.70376],
							"lerp_mode": "catmullrom"
						},
						"4.125": {
							"post": [0, 0, -6],
							"lerp_mode": "catmullrom"
						},
						"4.7917": {
							"post": [0, 0, 0],
							"lerp_mode": "catmullrom"
						}
					},
					"position": {
						"0.0": {
							"post": [0, 0, 0],
							"lerp_mode": "catmullrom"
						},
						"0.1667": {
							"post": [0, 1.25, 0],
							"lerp_mode": "catmullrom"
						},
						"0.4583": {
							"post": [0, 1, 0],
							"lerp_mode": "catmullrom"
						},
						"0.75": {
							"post": [0, 0.815, 0],
							"lerp_mode": "catmullrom"
						},
						"1.1667": {
							"post": [0, 0.9375, 0],
							"lerp_mode": "catmullrom"
						},
						"1.5833": {
							"post": [0, 0.19, 0],
							"lerp_mode": "catmullrom"
						},
						"1.9583": {
							"post": [1, 0.9375, 0],
							"lerp_mode": "catmullrom"
						},
						"2.3333": {
							"post": [1.08, 0.87, 0.25],
							"lerp_mode": "catmullrom"
						},
						"2.5417": {
							"post": [1.0575, 0.815, 0],
							"lerp_mode": "catmullrom"
						},
						"2.75": {
							"post": [1.0925, 0.88, -0.02],
							"lerp_mode": "catmullrom"
						},
						"3.0": {
							"post": [1, 0.9375, 0],
							"lerp_mode": "catmullrom"
						},
						"3.3333": {
							"post": [1.06, 0.655, 0],
							"lerp_mode": "catmullrom"
						},
						"3.6667": {
							"post": [1, 0.6875, 0],
							"lerp_mode": "catmullrom"
						},
						"4.0": {
							"post": [0, -0.5, 0],
							"lerp_mode": "catmullrom"
						},
						"4.3333": {
							"post": [0, -0.25, 0],
							"lerp_mode": "catmullrom"
						},
						"4.6667": {
							"post": [0, 0, 0],
							"lerp_mode": "catmullrom"
						}
					}
				},
				"bolt": {
					"position": {
						"2.1667": {
							"pre": [0, 0, 0],
							"post": [0, 0, 0],
							"lerp_mode": "catmullrom"
						},
						"2.2917": {
							"post": [0, 0, 1.75],
							"lerp_mode": "catmullrom"
						},
						"2.4583": {
							"post": [0, 0, 1.75],
							"lerp_mode": "catmullrom"
						},
						"3.125": {
							"post": [0, 0, 1.75],
							"lerp_mode": "catmullrom"
						},
						"3.25": {
							"post": [0, 0, 0],
							"lerp_mode": "catmullrom"
						}
					}
				},
				"rotate": {
					"rotation": {
						"2.0417": [0, 0, 0],
						"2.1667": [0, 0, 45],
						"3.25": [0, 0, 45],
						"3.375": [0, 0, 0]
					}
				},
				"camera": {
					"rotation": {
						"0.0": {
							"post": [0, 0, 0],
							"lerp_mode": "catmullrom"
						},
						"0.375": {
							"post": [-0.8125, -1.75, -1],
							"lerp_mode": "catmullrom"
						},
						"0.75": {
							"post": [0.4375, 0, -1],
							"lerp_mode": "catmullrom"
						},
						"1.25": {
							"post": [0, 0, -1],
							"lerp_mode": "catmullrom"
						},
						"1.4583": {
							"post": [0.125, -0.125, 0],
							"lerp_mode": "catmullrom"
						},
						"1.6667": {
							"post": [0, 0.125, 0.5],
							"lerp_mode": "catmullrom"
						},
						"1.9583": {
							"post": [-0.375, 0, 1.75],
							"lerp_mode": "catmullrom"
						},
						"2.125": {
							"post": [-0.1, 0.63, 1.83],
							"lerp_mode": "catmullrom"
						},
						"2.2917": {
							"post": [0.1875, 1.25, 1],
							"lerp_mode": "catmullrom"
						},
						"2.4583": {
							"post": [-0.0625, 1.125, 2],
							"lerp_mode": "catmullrom"
						},
						"2.625": {
							"post": [-0.02, 0.37, 1.53],
							"lerp_mode": "catmullrom"
						},
						"2.75": {
							"post": [0, -0.125, 1.75],
							"lerp_mode": "catmullrom"
						},
						"3.125": {
							"post": [-0.3125, 0, 1.75],
							"lerp_mode": "catmullrom"
						},
						"3.25": {
							"post": [0.08, 0.09, 0.88],
							"lerp_mode": "catmullrom"
						},
						"3.3333": {
							"post": [0.3125, 0, 0.875],
							"lerp_mode": "catmullrom"
						},
						"3.4583": {
							"post": [0.27, -0.25, -0.81],
							"lerp_mode": "catmullrom"
						},
						"3.5833": {
							"post": [0.2, -0.55, -0.15],
							"lerp_mode": "catmullrom"
						},
						"3.875": {
							"post": [0, -1.1875, 0.25],
							"lerp_mode": "catmullrom"
						},
						"4.125": {
							"post": [0.02, -0.7, 0.98],
							"lerp_mode": "catmullrom"
						},
						"4.5": {
							"post": [0, 0, 0],
							"lerp_mode": "catmullrom"
						}
					}
				}
			},
			"sound_effects": {
				"0.0417": {
					"effect": "tacz:m700/m700_inspect_up"
				},
				"1.4583": {
					"effect": "tacz:m700/m700_inspect_rotate"
				},
				"1.875": {
					"effect": "tacz:m700/m700_bolt_in"
				},
				"3.125": {
					"effect": "tacz:m700/m700_bolt_out"
				},
				"3.75": {
					"effect": "tacz:m700/m700_inspect_end"
				}
			}
		},
		"reload_tactical": {
			"animation_length": 2.4333,
			"bones": {
				"lefthand": {
					"rotation": {
						"0.0": [96.96416, -26.09352, -138.97739],
						"0.1": [102.04, -32.48, -142.76],
						"0.2333": [82.91393, -29.1145, -118.45337],
						"0.9333": [82.91393, -29.1145, -118.45337],
						"1.4667": [82.91393, -29.1145, -118.45337],
						"1.6333": [79.75542, -39.55621, -116.58551],
						"1.8333": [79.75542, -39.55621, -116.58551],
						"2.0333": [102.04, -32.48, -142.76],
						"2.2": [96.96416, -26.09352, -138.97739]
					},
					"position": {
						"0.0": [7.68, -10.03, -18.06],
						"0.1": [8.555, -14.11, -11.665],
						"0.2333": [6.645, -13.72, -7.995],
						"0.9333": [6.645, -13.72, -7.995],
						"1.4667": [6.645, -13.72, -7.995],
						"1.6333": [6.65, -13.01, -8.37],
						"1.8333": [6.65, -13.01, -8.37],
						"2.0333": [8.555, -14.11, -11.665],
						"2.2": [7.68, -10.03, -18.06]
					},
					"scale": [1, 1.5, 1]
				},
				"righthand": {
					"rotation": [93.54848, 4.83931, -177.55034],
					"position": [-6.94, -11.58, -2.48],
					"scale": [1, 1.5, 1]
				},
				"constraint": {
					"rotation": [0.2, 0.2, 0.2],
					"position": [0.2, 0.2, 0.2]
				},
				"root": {
					"rotation": {
						"0.0": {
							"post": [0, 0, 0],
							"lerp_mode": "catmullrom"
						},
						"0.1": {
							"post": [-0.3, -0.66, -4.05],
							"lerp_mode": "catmullrom"
						},
						"0.2": {
							"post": [-1.3, -2.625, -6.7],
							"lerp_mode": "catmullrom"
						},
						"0.3333": {
							"post": [-1.15, -2.62, -9.175],
							"lerp_mode": "catmullrom"
						},
						"0.4667": [-5.1, -4.045, -7.575],
						"0.5": [-4.93, -2.445, -9.06],
						"0.5667": [-4.59, -2.995, -10.465],
						"0.6": [-4.425, -2.47, -10.725],
						"0.6667": [-6.275, -3.62, -9.6],
						"0.7667": [-5.85, -4.42, -10.225],
						"0.9333": {
							"pre": [-5.7, -3.845, -10],
							"post": [-5.7, -3.845, -10],
							"lerp_mode": "catmullrom"
						},
						"1.0333": {
							"post": [-6.65, -4.515, -11.47],
							"lerp_mode": "catmullrom"
						},
						"1.1": {
							"post": [-7.96, -5.27, -15.365],
							"lerp_mode": "catmullrom"
						},
						"1.1667": {
							"post": [-10.76281, -6.8683, -19.78112],
							"lerp_mode": "catmullrom"
						},
						"1.2667": {
							"post": [-11.715, -6.02, -23.205],
							"lerp_mode": "catmullrom"
						},
						"1.3667": {
							"post": [-11.515, -4.295, -24.08],
							"lerp_mode": "catmullrom"
						},
						"1.5": [-10.64, -6.395, -24.13],
						"1.5667": [-12.765, -4.995, -26.28],
						"1.6": [-12.01, -6.475, -24.175],
						"1.7": [-9.765, -6.595, -22.055],
						"1.7333": [-10.75, -8.275, -21.84],
						"1.8": [-12.715, -9.02, -23.505],
						"1.9": {
							"pre": [-11.89, -7.47, -23.505],
							"post": [-11.89, -7.47, -23.505],
							"lerp_mode": "catmullrom"
						},
						"2.0": {
							"post": [-11.19, -6.945, -22.955],
							"lerp_mode": "catmullrom"
						},
						"2.0667": {
							"post": [-8.055, -4.31, -18.555],
							"lerp_mode": "catmullrom"
						},
						"2.2": {
							"post": [-0.49391, -0.91255, -3.01828],
							"lerp_mode": "catmullrom"
						},
						"2.2667": {
							"post": [0, 0, 0.6],
							"lerp_mode": "catmullrom"
						},
						"2.3667": {
							"post": [0.04, 0.07, 0.17],
							"lerp_mode": "catmullrom"
						},
						"2.4333": {
							"post": [0, 0, 0],
							"lerp_mode": "catmullrom"
						}
					},
					"position": {
						"0.0": {
							"post": [0, 0, 0],
							"lerp_mode": "catmullrom"
						},
						"0.1": {
							"post": [-0.275, 0.09, -0.12],
							"lerp_mode": "catmullrom"
						},
						"0.2333": {
							"post": [-0.425, -0.25, 0.025],
							"lerp_mode": "catmullrom"
						},
						"0.3333": {
							"post": [-0.4, -0.295, 0.08],
							"lerp_mode": "catmullrom"
						},
						"0.4": {
							"post": [-0.345, -0.21, -0.13],
							"lerp_mode": "catmullrom"
						},
						"0.4667": {
							"post": [-0.28, 0.01, -0.02],
							"lerp_mode": "catmullrom"
						},
						"0.5": {
							"post": [-0.18, -0.095, 0.05],
							"lerp_mode": "catmullrom"
						},
						"0.5667": {
							"post": [-0.02, -0.785, 0.18],
							"lerp_mode": "catmullrom"
						},
						"0.6": {
							"post": [-0.155, -0.69, 0.205],
							"lerp_mode": "catmullrom"
						},
						"0.7667": {
							"post": [-0.63, -0.235, -0.045],
							"lerp_mode": "catmullrom"
						},
						"0.9333": {
							"post": [-0.73, -0.285, -0.27],
							"lerp_mode": "catmullrom"
						},
						"1.0667": {
							"post": [-0.775, -0.33, -0.305],
							"lerp_mode": "catmullrom"
						},
						"1.1667": {
							"post": [-0.75, -0.235, -0.14],
							"lerp_mode": "catmullrom"
						},
						"1.3": {
							"post": [-0.845, -0.21, -0.065],
							"lerp_mode": "catmullrom"
						},
						"1.4333": {
							"post": [-0.92, -0.38, -0.04],
							"lerp_mode": "catmullrom"
						},
						"1.5667": {
							"post": [-0.895, -0.23, -0.11],
							"lerp_mode": "catmullrom"
						},
						"1.6333": {
							"post": [-1.045, 0.07, -0.26],
							"lerp_mode": "catmullrom"
						},
						"1.6667": {
							"post": [-1.02, 0.155, -0.19],
							"lerp_mode": "catmullrom"
						},
						"1.7667": {
							"post": [-0.74, -0.345, -0.05],
							"lerp_mode": "catmullrom"
						},
						"1.8333": {
							"post": [-0.845, -0.305, -0.035],
							"lerp_mode": "catmullrom"
						},
						"1.8667": {
							"post": [-0.86, -0.305, -0.11],
							"lerp_mode": "catmullrom"
						},
						"1.9667": {
							"post": [-0.845, -0.205, -0.11],
							"lerp_mode": "catmullrom"
						},
						"2.1": {
							"post": [-0.45, -0.31, -0.43],
							"lerp_mode": "catmullrom"
						},
						"2.2": {
							"post": [-0.025, -0.1, -0.25],
							"lerp_mode": "catmullrom"
						},
						"2.3": {
							"post": [0, 0, 0],
							"lerp_mode": "catmullrom"
						},
						"2.4333": {
							"post": [0, 0, 0],
							"lerp_mode": "catmullrom"
						}
					}
				},
				"mag_and_lefthand": {
					"rotation": {
						"0.3667": [0, 0, 0],
						"0.4667": [0, 0, 0],
						"0.6333": [-9.40804, -3.40487, -19.71975],
						"0.7333": [-9.25249, -3.81024, -22.19157],
						"1.0333": [-9.25249, -3.81024, -22.19157],
						"1.1333": [-9.40804, -3.40487, -19.71975],
						"1.3": [0, 0, 0],
						"1.3667": [0, 0, 0],
						"1.5": [0, 0, 0],
						"1.5667": {
							"pre": [0, 0, 0],
							"post": [0, 0, 0],
							"lerp_mode": "catmullrom"
						},
						"1.6333": [0, 0, 0]
					},
					"position": {
						"0.3667": [0, 0, 0],
						"0.5": [0, -5, 0],
						"0.6": [2, -8.425, -0.85],
						"0.7333": [4.7, -17.83, -2.075],
						"1.0333": [4.7, -17.83, -2.075],
						"1.1667": [2, -8.425, -0.85],
						"1.2667": [0, -4.275, 0],
						"1.3667": [0, -2.395, 0],
						"1.5": [0, -2.395, 0],
						"1.5667": {
							"pre": [0, -1.775, 0],
							"post": [0, -1.775, 0],
							"lerp_mode": "catmullrom"
						},
						"1.6333": [0, 0, 0]
					}
				},
				"camera": {
					"rotation": {
						"0.0": {
							"post": [0, 0, 0],
							"lerp_mode": "catmullrom"
						},
						"0.2667": {
							"post": [0.575, 0.05, -0.075],
							"lerp_mode": "catmullrom"
						},
						"0.4": {
							"post": [0.57, -0.025, -0.07],
							"lerp_mode": "catmullrom"
						},
						"0.5": {
							"post": [1.395, 0.275, 0.53],
							"lerp_mode": "catmullrom"
						},
						"0.5667": {
							"post": [0.975, -0.2, -0.54],
							"lerp_mode": "catmullrom"
						},
						"0.7": {
							"post": [-0.075, 0.025, 0.34],
							"lerp_mode": "catmullrom"
						},
						"0.9": {
							"post": [0.225, 0.075, 0.02],
							"lerp_mode": "catmullrom"
						},
						"1.1333": {
							"post": [0.325, -0.02, -0.48],
							"lerp_mode": "catmullrom"
						},
						"1.3667": {
							"post": [0.305, 0.08, -0.13],
							"lerp_mode": "catmullrom"
						},
						"1.5": {
							"post": [-0.165, -0.37, 0.02],
							"lerp_mode": "catmullrom"
						},
						"1.6": {
							"post": [0.865, -0.145, -1.305],
							"lerp_mode": "catmullrom"
						},
						"1.7": {
							"post": [0.165, 0.33, -0.85],
							"lerp_mode": "catmullrom"
						},
						"1.8333": {
							"post": [-0.13, 0.08, -0.425],
							"lerp_mode": "catmullrom"
						},
						"1.9667": {
							"post": [-0.355, -0.155, 0.18],
							"lerp_mode": "catmullrom"
						},
						"2.1667": {
							"post": [0.25, 0.16, -0.195],
							"lerp_mode": "catmullrom"
						},
						"2.3333": {
							"post": [0.025, -0.05, 0.025],
							"lerp_mode": "catmullrom"
						},
						"2.5333": {
							"post": [0, 0, 0],
							"lerp_mode": "catmullrom"
						}
					}
				}
			},
			"sound_effects": {
				"0.0": {
					"effect": "tacz:m700/m700_reload_raise"
				},
				"0.3667": {
					"effect": "tacz:m700/m700_reload_magout"
				},
				"1.4": {
					"effect": "tacz:m700/m700_reload_magin"
				},
				"1.9333": {
					"effect": "tacz:m700/m700_reload_end"
				}
			}
		},
		"reload_empty": {
			"animation_length": 3.8333,
			"bones": {
				"lefthand": {
					"rotation": {
						"0.0": [96.96416, -26.09352, -138.97739],
						"0.1": [102.04, -32.48, -142.76],
						"0.2333": [82.91393, -29.1145, -118.45337],
						"0.9333": [82.91393, -29.1145, -118.45337],
						"1.4667": [82.91393, -29.1145, -118.45337],
						"1.6333": [79.75542, -39.55621, -116.58551],
						"1.8333": [79.75542, -39.55621, -116.58551],
						"2.0333": [102.04, -32.48, -142.76],
						"2.2": [96.96416, -26.09352, -138.97739]
					},
					"position": {
						"0.0": [7.68, -10.03, -18.06],
						"0.1": [8.555, -14.11, -11.665],
						"0.2333": [6.645, -13.72, -7.995],
						"0.9333": [6.645, -13.72, -7.995],
						"1.4667": [6.645, -13.72, -7.995],
						"1.6333": [6.65, -13.01, -8.37],
						"1.8333": [6.65, -13.01, -8.37],
						"2.0333": [8.555, -14.11, -11.665],
						"2.2": [7.68, -10.03, -18.06]
					},
					"scale": [1, 1.5, 1]
				},
				"righthand": {
					"rotation": {
						"0.0": [93.54848, 4.83931, -177.55034],
						"2.2333": [93.55, 4.84, -177.55],
						"2.3333": {
							"pre": [100.59196, -0.05616, -146.96711],
							"post": [100.59196, -0.05616, -146.96711],
							"lerp_mode": "catmullrom"
						},
						"2.4667": {
							"post": [100.35834, 2.22521, -150.13519],
							"lerp_mode": "catmullrom"
						},
						"2.5667": {
							"post": [100.35834, 2.22521, -150.13519],
							"lerp_mode": "catmullrom"
						},
						"2.6": {
							"post": [104.14911, 5.23075, -149.69899],
							"lerp_mode": "catmullrom"
						},
						"2.6333": {
							"post": [107.85834, 2.22521, -150.13519],
							"lerp_mode": "catmullrom"
						},
						"2.6667": {
							"post": [98.96315, 1.26775, -147.78302],
							"lerp_mode": "catmullrom"
						},
						"2.7": {
							"post": [107.9793, 0.68598, -145.37633],
							"lerp_mode": "catmullrom"
						},
						"2.7667": {
							"post": [165.35531, 0.64962, -145.22591],
							"lerp_mode": "catmullrom"
						},
						"2.8": {
							"post": [222.9793, 0.68598, -145.37633],
							"lerp_mode": "catmullrom"
						},
						"2.8333": {
							"post": [224.01558, 2.77404, -147.54263],
							"lerp_mode": "catmullrom"
						},
						"2.8667": {
							"post": [217.9793, 0.68598, -145.37633],
							"lerp_mode": "catmullrom"
						},
						"2.9667": {
							"post": [221.0757, -2.45941, -147.8699],
							"lerp_mode": "catmullrom"
						},
						"3.0667": {
							"post": [217.98, 0.69, -145.38],
							"lerp_mode": "catmullrom"
						},
						"3.1667": {
							"post": [163.105, 0.69, -145.38],
							"lerp_mode": "catmullrom"
						},
						"3.2": {
							"post": [151.71217, -0.25148, -146.83759],
							"lerp_mode": "catmullrom"
						},
						"3.2667": {
							"post": [145.605, 0.69, -145.38],
							"lerp_mode": "catmullrom"
						},
						"3.3": {
							"post": [146.76474, 7.35137, -135.04427],
							"lerp_mode": "catmullrom"
						},
						"3.3333": {
							"post": [149.01535, 15.75369, -122.05862],
							"lerp_mode": "catmullrom"
						},
						"3.3667": {
							"post": [152.50574, 16.42443, -118.47569],
							"lerp_mode": "catmullrom"
						},
						"3.4333": {
							"post": [147.91682, 13.13734, -126.45909],
							"lerp_mode": "catmullrom"
						},
						"3.4667": {
							"post": [131.9033, 17.46258, -136.75353],
							"lerp_mode": "catmullrom"
						},
						"3.5": {
							"post": [121.31061, 15.18561, -148.00501],
							"lerp_mode": "catmullrom"
						},
						"3.6": {
							"post": [93.54848, 4.83931, -177.55034],
							"lerp_mode": "catmullrom"
						}
					},
					"position": {
						"0.0": [-6.94, -11.58, -2.48],
						"2.2333": [-6.94, -11.58, -2.48],
						"2.3": {
							"pre": [-8.75083, -10.73793, -2.58868],
							"post": [-8.75083, -10.73793, -2.58868],
							"lerp_mode": "catmullrom"
						},
						"2.4333": {
							"post": [-8.54272, -10.87962, -2.58361],
							"lerp_mode": "catmullrom"
						},
						"2.5667": {
							"post": [-8.54272, -10.87962, -2.58361],
							"lerp_mode": "catmullrom"
						},
						"2.6333": {
							"post": [-9.27182, -9.04567, -2.98322],
							"lerp_mode": "catmullrom"
						},
						"2.7": {
							"post": [-9.27, -9.425, -2.98],
							"lerp_mode": "catmullrom"
						},
						"2.8": {
							"post": [-9.27, -8.68, 0.27],
							"lerp_mode": "catmullrom"
						},
						"2.8667": {
							"post": [-9.27, -8.68, 0.02],
							"lerp_mode": "catmullrom"
						},
						"3.0667": {
							"post": [-9.27, -8.68, 0.02],
							"lerp_mode": "catmullrom"
						},
						"3.1667": {
							"post": [-9.27, -8.68, -2.98],
							"lerp_mode": "catmullrom"
						},
						"3.2667": {
							"post": [-9.27, -8.68, -2.98],
							"lerp_mode": "catmullrom"
						},
						"3.3333": {
							"post": [-8.02, -9.93, -2.98],
							"lerp_mode": "catmullrom"
						},
						"3.4333": {
							"post": [-8.02, -9.68, -2.98],
							"lerp_mode": "catmullrom"
						},
						"3.5": {
							"post": [-8.26, -11.01, -2.63],
							"lerp_mode": "catmullrom"
						},
						"3.6": {
							"post": [-6.94, -11.58, -2.48],
							"lerp_mode": "catmullrom"
						}
					},
					"scale": [1, 1.5, 1]
				},
				"constraint": {
					"rotation": [0.2, 0.2, 0.2],
					"position": [0.2, 0.2, 0.2]
				},
				"root": {
					"rotation": {
						"0.0": {
							"post": [0, 0, 0],
							"lerp_mode": "catmullrom"
						},
						"0.1": {
							"post": [-0.3, -0.66, -4.05],
							"lerp_mode": "catmullrom"
						},
						"0.2": {
							"post": [-1.3, -2.625, -6.7],
							"lerp_mode": "catmullrom"
						},
						"0.3333": {
							"post": [-1.15, -2.62, -9.175],
							"lerp_mode": "catmullrom"
						},
						"0.4667": [-5.1, -4.045, -7.575],
						"0.5": [-4.93, -2.445, -9.06],
						"0.5667": [-4.59, -2.995, -10.465],
						"0.6": [-4.425, -2.47, -10.725],
						"0.6667": [-6.275, -3.62, -9.6],
						"0.7667": [-5.85, -4.42, -10.225],
						"0.9333": {
							"pre": [-5.7, -3.845, -10],
							"post": [-5.7, -3.845, -10],
							"lerp_mode": "catmullrom"
						},
						"1.0333": {
							"post": [-6.65, -4.515, -11.47],
							"lerp_mode": "catmullrom"
						},
						"1.1": {
							"post": [-7.96, -5.27, -15.365],
							"lerp_mode": "catmullrom"
						},
						"1.1667": {
							"post": [-10.76281, -6.8683, -19.78112],
							"lerp_mode": "catmullrom"
						},
						"1.2667": {
							"post": [-11.715, -6.02, -23.205],
							"lerp_mode": "catmullrom"
						},
						"1.3667": {
							"post": [-11.515, -4.295, -24.08],
							"lerp_mode": "catmullrom"
						},
						"1.5": [-10.64, -6.395, -24.13],
						"1.5667": [-12.765, -4.995, -26.28],
						"1.6": [-12.01, -6.475, -24.175],
						"1.7": [-9.765, -6.595, -22.055],
						"1.7333": [-10.75, -8.275, -21.84],
						"1.8": [-12.715, -9.02, -23.505],
						"1.9": {
							"pre": [-11.89, -7.47, -23.505],
							"post": [-11.89, -7.47, -23.505],
							"lerp_mode": "catmullrom"
						},
						"2.0": {
							"post": [-11.19, -6.945, -22.955],
							"lerp_mode": "catmullrom"
						},
						"2.0667": {
							"post": [-8.055, -4.31, -18.555],
							"lerp_mode": "catmullrom"
						},
						"2.2333": {
							"post": [1.6128, -6.34437, 0.14787],
							"lerp_mode": "catmullrom"
						},
						"2.3": {
							"post": [-0.79755, -7.62762, 5.34773],
							"lerp_mode": "catmullrom"
						},
						"2.4333": {
							"post": [-0.98877, -8.38148, 8.99675],
							"lerp_mode": "catmullrom"
						},
						"2.5": {
							"post": [1.388, -8.88473, 8.79916],
							"lerp_mode": "catmullrom"
						},
						"2.6333": {
							"post": [1.56539, -12.84803, 11.7804],
							"lerp_mode": "catmullrom"
						},
						"2.7333": [-0.94993, -14.24729, 12.9898],
						"2.7667": [1.57919, -14.4874, 14.65378],
						"2.8667": {
							"pre": [-5.88175, -10.56288, 13.95205],
							"post": [-5.88175, -10.56288, 13.95205],
							"lerp_mode": "catmullrom"
						},
						"2.9667": [-8.30622, -11.00396, 20.27309],
						"3.0": [-9.53972, -11.08836, 19.44461],
						"3.0667": [-5.27, -12.88, 11.98],
						"3.1": [-4.43029, -14.90024, 8.40043],
						"3.2": {
							"pre": [4.73697, -15.40569, -3.68864],
							"post": [4.73697, -15.40569, -3.68864],
							"lerp_mode": "catmullrom"
						},
						"3.3": {
							"post": [4.37579, -12.49181, 0.23082],
							"lerp_mode": "catmullrom"
						},
						"3.3667": {
							"post": [-0.175, -8.88, 2.145],
							"lerp_mode": "catmullrom"
						},
						"3.5": {
							"post": [0.40609, -0.91255, -3.01828],
							"lerp_mode": "catmullrom"
						},
						"3.5667": {
							"post": [0, 0.7, 0.9],
							"lerp_mode": "catmullrom"
						},
						"3.6667": {
							"post": [0.04, 0.07, 0.17],
							"lerp_mode": "catmullrom"
						},
						"3.7333": {
							"post": [0, 0, 0],
							"lerp_mode": "catmullrom"
						}
					},
					"position": {
						"0.0": {
							"post": [0, 0, 0],
							"lerp_mode": "catmullrom"
						},
						"0.1": {
							"post": [-0.275, 0.09, -0.12],
							"lerp_mode": "catmullrom"
						},
						"0.2333": {
							"post": [-0.425, -0.25, 0.025],
							"lerp_mode": "catmullrom"
						},
						"0.3333": {
							"post": [-0.4, -0.295, 0.08],
							"lerp_mode": "catmullrom"
						},
						"0.4": {
							"post": [-0.345, -0.21, -0.13],
							"lerp_mode": "catmullrom"
						},
						"0.4667": {
							"post": [-0.28, 0.01, -0.02],
							"lerp_mode": "catmullrom"
						},
						"0.5": {
							"post": [-0.18, -0.095, 0.05],
							"lerp_mode": "catmullrom"
						},
						"0.5667": {
							"post": [-0.02, -0.785, 0.18],
							"lerp_mode": "catmullrom"
						},
						"0.6": {
							"post": [-0.155, -0.69, 0.205],
							"lerp_mode": "catmullrom"
						},
						"0.7667": {
							"post": [-0.63, -0.235, -0.045],
							"lerp_mode": "catmullrom"
						},
						"0.9333": {
							"post": [-0.73, -0.285, -0.27],
							"lerp_mode": "catmullrom"
						},
						"1.0667": {
							"post": [-0.775, -0.33, -0.305],
							"lerp_mode": "catmullrom"
						},
						"1.1667": {
							"post": [-0.75, -0.235, -0.14],
							"lerp_mode": "catmullrom"
						},
						"1.3": {
							"post": [-0.845, -0.21, -0.065],
							"lerp_mode": "catmullrom"
						},
						"1.4333": {
							"post": [-0.92, -0.38, -0.04],
							"lerp_mode": "catmullrom"
						},
						"1.5667": {
							"post": [-0.895, -0.23, -0.11],
							"lerp_mode": "catmullrom"
						},
						"1.6333": {
							"post": [-1.045, 0.07, -0.26],
							"lerp_mode": "catmullrom"
						},
						"1.6667": {
							"post": [-1.02, 0.155, -0.19],
							"lerp_mode": "catmullrom"
						},
						"1.7667": {
							"post": [-0.74, -0.345, -0.05],
							"lerp_mode": "catmullrom"
						},
						"1.8333": {
							"post": [-0.845, -0.305, -0.035],
							"lerp_mode": "catmullrom"
						},
						"1.8667": {
							"post": [-0.86, -0.305, -0.11],
							"lerp_mode": "catmullrom"
						},
						"1.9667": {
							"post": [-0.845, -0.205, -0.11],
							"lerp_mode": "catmullrom"
						},
						"2.1": {
							"post": [-0.45, -0.31, -0.43],
							"lerp_mode": "catmullrom"
						},
						"2.2333": {
							"post": [-0.45, -1.21, 0.245],
							"lerp_mode": "catmullrom"
						},
						"2.3333": {
							"post": [-0.425, -1.335, 0.2],
							"lerp_mode": "catmullrom"
						},
						"2.4333": {
							"post": [-0.42, -1.305, 0.225],
							"lerp_mode": "catmullrom"
						},
						"2.5333": {
							"post": [-0.42, -1.35, 0.08],
							"lerp_mode": "catmullrom"
						},
						"2.6": {
							"post": [-0.42, -1.325, 0.28],
							"lerp_mode": "catmullrom"
						},
						"2.7333": {
							"post": [-0.77, -1.52, -0.545],
							"lerp_mode": "catmullrom"
						},
						"2.8333": {
							"post": [-0.79, -1.735, -0.825],
							"lerp_mode": "catmullrom"
						},
						"2.8667": {
							"post": [-0.79, -1.68, -1.04],
							"lerp_mode": "catmullrom"
						},
						"2.9667": {
							"post": [-0.77, -1.645, -0.55],
							"lerp_mode": "catmullrom"
						},
						"3.1": {
							"post": [-0.62, -2.09, -0.41],
							"lerp_mode": "catmullrom"
						},
						"3.1333": {
							"post": [-0.53, -2.41, -0.28],
							"lerp_mode": "catmullrom"
						},
						"3.2": {
							"post": [-0.5, -2.405, -0.345],
							"lerp_mode": "catmullrom"
						},
						"3.3": {
							"post": [-0.37, -2.09, -0.25],
							"lerp_mode": "catmullrom"
						},
						"3.4": {
							"post": [-0.09, -1.255, -1.01],
							"lerp_mode": "catmullrom"
						},
						"3.5333": {
							"post": [-0.025, -0.1, -0.775],
							"lerp_mode": "catmullrom"
						},
						"3.6333": {
							"post": [0, 0, 0],
							"lerp_mode": "catmullrom"
						},
						"3.7667": {
							"post": [0, 0, 0],
							"lerp_mode": "catmullrom"
						}
					}
				},
				"mag_and_lefthand": {
					"rotation": {
						"0.3667": [0, 0, 0],
						"0.4667": [0, 0, 0],
						"0.6333": [-9.40804, -3.40487, -19.71975],
						"0.7333": [-9.25249, -3.81024, -22.19157],
						"1.0333": [-9.25249, -3.81024, -22.19157],
						"1.1333": [-9.40804, -3.40487, -19.71975],
						"1.3": [0, 0, 0],
						"1.3667": [0, 0, 0],
						"1.5": [0, 0, 0],
						"1.5667": {
							"pre": [0, 0, 0],
							"post": [0, 0, 0],
							"lerp_mode": "catmullrom"
						},
						"1.6333": [0, 0, 0]
					},
					"position": {
						"0.3667": [0, 0, 0],
						"0.5": [0, -5, 0],
						"0.6": [2, -8.425, -0.85],
						"0.7333": [4.7, -17.83, -2.075],
						"1.0333": [4.7, -17.83, -2.075],
						"1.1667": [2, -8.425, -0.85],
						"1.2667": [0, -4.275, 0],
						"1.3667": [0, -2.395, 0],
						"1.5": [0, -2.395, 0],
						"1.5667": {
							"pre": [0, -1.775, 0],
							"post": [0, -1.775, 0],
							"lerp_mode": "catmullrom"
						},
						"1.6333": [0, 0, 0]
					}
				},
				"bolt": {
					"position": {
						"2.7": {
							"pre": [0, 0, 0],
							"post": [0, 0, 0],
							"lerp_mode": "catmullrom"
						},
						"2.8": {
							"post": [0, 0, 3],
							"lerp_mode": "catmullrom"
						},
						"2.8667": {
							"post": [0, 0, 2.75],
							"lerp_mode": "catmullrom"
						},
						"3.0667": {
							"post": [0, 0, 2.74],
							"lerp_mode": "catmullrom"
						},
						"3.1333": {
							"post": [0, 0, 0.1875],
							"lerp_mode": "catmullrom"
						},
						"3.2": {
							"post": [0, 0, 0],
							"lerp_mode": "catmullrom"
						}
					}
				},
				"rotate": {
					"rotation": {
						"2.5667": {
							"pre": [0, 0, 0],
							"post": [0, 0, 0],
							"lerp_mode": "catmullrom"
						},
						"2.6333": {
							"post": [0, 0, 52.5],
							"lerp_mode": "catmullrom"
						},
						"2.7": {
							"post": [0, 0, 48.5],
							"lerp_mode": "catmullrom"
						},
						"3.2667": {
							"post": [0, 0, 48.44],
							"lerp_mode": "catmullrom"
						},
						"3.3333": {
							"post": [0, 0, -12.5],
							"lerp_mode": "catmullrom"
						},
						"3.4333": {
							"post": [0, 0, 0],
							"lerp_mode": "catmullrom"
						}
					}
				},
				"camera": {
					"rotation": {
						"0.0": {
							"post": [0, 0, 0],
							"lerp_mode": "catmullrom"
						},
						"0.2667": {
							"post": [0.575, 0.05, -0.075],
							"lerp_mode": "catmullrom"
						},
						"0.4": {
							"post": [0.57, -0.025, -0.07],
							"lerp_mode": "catmullrom"
						},
						"0.5": {
							"post": [1.395, 0.275, 0.53],
							"lerp_mode": "catmullrom"
						},
						"0.5667": {
							"post": [0.975, -0.2, -0.54],
							"lerp_mode": "catmullrom"
						},
						"0.7": {
							"post": [-0.075, 0.025, 0.34],
							"lerp_mode": "catmullrom"
						},
						"0.9": {
							"post": [0.225, 0.075, 0.02],
							"lerp_mode": "catmullrom"
						},
						"1.1333": {
							"post": [0.325, -0.02, -0.48],
							"lerp_mode": "catmullrom"
						},
						"1.3667": {
							"post": [0.305, 0.08, -0.13],
							"lerp_mode": "catmullrom"
						},
						"1.5": {
							"post": [-0.165, -0.37, 0.02],
							"lerp_mode": "catmullrom"
						},
						"1.6": {
							"post": [0.865, -0.145, -1.305],
							"lerp_mode": "catmullrom"
						},
						"1.7": {
							"post": [0.165, 0.33, -0.85],
							"lerp_mode": "catmullrom"
						},
						"1.8333": {
							"post": [-0.13, 0.08, -0.425],
							"lerp_mode": "catmullrom"
						},
						"1.9667": {
							"post": [-0.355, -0.155, 0.18],
							"lerp_mode": "catmullrom"
						},
						"2.1667": {
							"post": [0.25, 0.16, -0.195],
							"lerp_mode": "catmullrom"
						},
						"2.3333": {
							"post": [0.025, -0.05, 0.025],
							"lerp_mode": "catmullrom"
						},
						"2.5333": {
							"post": [0, 0, 0],
							"lerp_mode": "catmullrom"
						},
						"2.6667": {
							"post": [-0.5625, 0, 0.625],
							"lerp_mode": "catmullrom"
						},
						"2.8333": {
							"post": [0.4375, 0, -0.3125],
							"lerp_mode": "catmullrom"
						},
						"3.0667": {
							"post": [0, -0.125, 0],
							"lerp_mode": "catmullrom"
						},
						"3.2333": {
							"post": [0.3125, 0.0625, 0.4375],
							"lerp_mode": "catmullrom"
						},
						"3.4": {
							"post": [-0.125, 0, -0.25],
							"lerp_mode": "catmullrom"
						},
						"3.6": {
							"post": [0, 0, 0],
							"lerp_mode": "catmullrom"
						}
					}
				}
			},
			"sound_effects": {
				"0.0": {
					"effect": "tacz:m700/m700_reload_raise"
				},
				"0.3667": {
					"effect": "tacz:m700/m700_reload_magout"
				},
				"1.4": {
					"effect": "tacz:m700/m700_reload_magin"
				},
				"1.9333": {
					"effect": "tacz:m700/m700_reload_end"
				},
				"2.5667": {
					"effect": "tacz:m700/m700_bolt_in"
				},
				"2.9333": {
					"effect": "tacz:m700/m700_bolt_out"
				},
				"3.3": {
					"effect": "tacz:m700/m700_shell_drop"
				}
			}
		},
		"bolt": {
			"animation_length": 1.5417,
			"bones": {
				"lefthand": {
					"rotation": {
						"0.0": [96.96416, -26.09352, -138.97739],
						"0.125": [104.83489, -22.75159, -157.86254],
						"0.375": [105.83489, -22.75159, -157.86254],
						"0.625": [102.1591, -23.41554, -154.68221],
						"0.9583": [104.83489, -22.75159, -157.86254],
						"1.0833": [96.96416, -26.09352, -138.97739]
					},
					"position": {
						"0.0": [7.68, -10.03, -18.06],
						"0.125": [7.67749, -9.53001, -18.05919],
						"0.9583": [7.67749, -9.53001, -18.05919],
						"1.0833": [7.68, -10.03, -18.06]
					},
					"scale": [1, 1.5, 1]
				},
				"righthand": {
					"rotation": {
						"0.0": {
							"post": [93.54848, 4.83931, -177.55034],
							"lerp_mode": "catmullrom"
						},
						"0.125": {
							"post": [100.59196, -0.05616, -146.96711],
							"lerp_mode": "catmullrom"
						},
						"0.25": {
							"post": [100.35834, 2.22521, -150.13519],
							"lerp_mode": "catmullrom"
						},
						"0.3333": {
							"post": [100.35834, 2.22521, -150.13519],
							"lerp_mode": "catmullrom"
						},
						"0.375": {
							"post": [104.14911, 5.23075, -149.69899],
							"lerp_mode": "catmullrom"
						},
						"0.4167": {
							"post": [107.85834, 2.22521, -150.13519],
							"lerp_mode": "catmullrom"
						},
						"0.4583": {
							"post": [98.96315, 1.26775, -147.78302],
							"lerp_mode": "catmullrom"
						},
						"0.5": {
							"post": [107.9793, 0.68598, -145.37633],
							"lerp_mode": "catmullrom"
						},
						"0.5417": {
							"post": [165.35531, 0.64962, -145.22591],
							"lerp_mode": "catmullrom"
						},
						"0.5833": {
							"post": [222.9793, 0.68598, -145.37633],
							"lerp_mode": "catmullrom"
						},
						"0.625": {
							"post": [224.01558, 2.77404, -147.54263],
							"lerp_mode": "catmullrom"
						},
						"0.6667": {
							"post": [217.9793, 0.68598, -145.37633],
							"lerp_mode": "catmullrom"
						},
						"0.75": {
							"post": [221.0757, -2.45941, -147.8699],
							"lerp_mode": "catmullrom"
						},
						"0.8333": {
							"post": [217.98, 0.69, -145.38],
							"lerp_mode": "catmullrom"
						},
						"0.9583": {
							"post": [163.105, 0.69, -145.38],
							"lerp_mode": "catmullrom"
						},
						"1.0": {
							"post": [151.71217, -0.25148, -146.83759],
							"lerp_mode": "catmullrom"
						},
						"1.0417": {
							"post": [145.605, 0.69, -145.38],
							"lerp_mode": "catmullrom"
						},
						"1.0833": {
							"post": [146.76474, 7.35137, -135.04427],
							"lerp_mode": "catmullrom"
						},
						"1.125": {
							"post": [149.01535, 15.75369, -122.05862],
							"lerp_mode": "catmullrom"
						},
						"1.1667": {
							"post": [152.50574, 16.42443, -118.47569],
							"lerp_mode": "catmullrom"
						},
						"1.2083": {
							"post": [147.91682, 13.13734, -126.45909],
							"lerp_mode": "catmullrom"
						},
						"1.25": {
							"post": [131.9033, 17.46258, -136.75353],
							"lerp_mode": "catmullrom"
						},
						"1.2917": {
							"post": [121.31061, 15.18561, -148.00501],
							"lerp_mode": "catmullrom"
						},
						"1.375": {
							"post": [93.54848, 4.83931, -177.55034],
							"lerp_mode": "catmullrom"
						}
					},
					"position": {
						"0.0": {
							"post": [-6.94, -11.58, -2.48],
							"lerp_mode": "catmullrom"
						},
						"0.0833": {
							"post": [-8.75083, -10.73793, -2.58868],
							"lerp_mode": "catmullrom"
						},
						"0.2083": {
							"post": [-8.54272, -10.87962, -2.58361],
							"lerp_mode": "catmullrom"
						},
						"0.3333": {
							"post": [-8.54272, -10.87962, -2.58361],
							"lerp_mode": "catmullrom"
						},
						"0.4167": {
							"post": [-9.27182, -9.04567, -2.98322],
							"lerp_mode": "catmullrom"
						},
						"0.5": {
							"post": [-9.27, -9.425, -2.98],
							"lerp_mode": "catmullrom"
						},
						"0.5833": {
							"post": [-9.27, -8.68, 0.27],
							"lerp_mode": "catmullrom"
						},
						"0.6667": {
							"post": [-9.27, -8.68, 0.02],
							"lerp_mode": "catmullrom"
						},
						"0.8333": {
							"post": [-9.27, -8.68, 0.02],
							"lerp_mode": "catmullrom"
						},
						"0.9583": {
							"post": [-9.27, -8.68, -2.98],
							"lerp_mode": "catmullrom"
						},
						"1.0417": {
							"post": [-9.27, -8.68, -2.98],
							"lerp_mode": "catmullrom"
						},
						"1.125": {
							"post": [-8.02, -9.93, -2.98],
							"lerp_mode": "catmullrom"
						},
						"1.2083": {
							"post": [-8.02, -9.68, -2.98],
							"lerp_mode": "catmullrom"
						},
						"1.2917": {
							"post": [-8.26, -11.01, -2.63],
							"lerp_mode": "catmullrom"
						},
						"1.375": {
							"post": [-6.94, -11.58, -2.48],
							"lerp_mode": "catmullrom"
						}
					},
					"scale": [1, 1.5, 1]
				},
				"constraint": {
					"rotation": [0.2, 0.2, 0.2],
					"position": [0.2, 0.2, 0.2]
				},
				"root": {
					"rotation": {
						"0.0": {
							"post": [0, 0, 0],
							"lerp_mode": "catmullrom"
						},
						"0.1667": {
							"post": [0.10393, -0.60722, 0.12844],
							"lerp_mode": "catmullrom"
						},
						"0.2917": {
							"post": [0, -0.8125, -2.5],
							"lerp_mode": "catmullrom"
						},
						"0.375": {
							"post": [-1.14184, 0.13523, 6.64842],
							"lerp_mode": "catmullrom"
						},
						"0.4583": {
							"post": [-1.9375, 0.9375, 17.5],
							"lerp_mode": "catmullrom"
						},
						"0.5": {
							"post": [-0.63476, 0.07491, 13.83459],
							"lerp_mode": "catmullrom"
						},
						"0.5417": {
							"post": [0.745, -0.24, 10.835],
							"lerp_mode": "catmullrom"
						},
						"0.5833": {
							"post": [0.23, -0.53, 12.88],
							"lerp_mode": "catmullrom"
						},
						"0.625": {
							"post": [-0.7625, -0.75, 9.85],
							"lerp_mode": "catmullrom"
						},
						"0.75": {
							"post": [1.50822, -0.56762, 11.42813],
							"lerp_mode": "catmullrom"
						},
						"0.7917": {
							"post": [2.335, -0.47, 10.5],
							"lerp_mode": "catmullrom"
						},
						"0.875": {
							"post": [0.63, -0.24, 10.58],
							"lerp_mode": "catmullrom"
						},
						"0.9583": {
							"post": [0, 0, 10],
							"lerp_mode": "catmullrom"
						},
						"1.0": {
							"post": [1.16837, 0.1601, 10.97986],
							"lerp_mode": "catmullrom"
						},
						"1.0833": {
							"post": [1.8, 0.375, 12.5],
							"lerp_mode": "catmullrom"
						},
						"1.125": {
							"post": [-0.195, 0.37, 8.435],
							"lerp_mode": "catmullrom"
						},
						"1.1667": {
							"post": [0.58951, 0.31674, 7.13802],
							"lerp_mode": "catmullrom"
						},
						"1.25": {
							"post": [0.3125, 0.1875, 3.1875],
							"lerp_mode": "catmullrom"
						},
						"1.375": {
							"post": [0, 0, 0],
							"lerp_mode": "catmullrom"
						}
					},
					"position": {
						"0.0": {
							"post": [0, 0, 0],
							"lerp_mode": "catmullrom"
						},
						"0.0833": {
							"post": [-0.0175, 0.08, 0.1125],
							"lerp_mode": "catmullrom"
						},
						"0.1667": {
							"post": [-0.125, 0.125, 0.0625],
							"lerp_mode": "catmullrom"
						},
						"0.2917": {
							"post": [-0.1025, 0.02, -0.08],
							"lerp_mode": "catmullrom"
						},
						"0.4167": {
							"post": [0.05, 0.005, -0.25],
							"lerp_mode": "catmullrom"
						},
						"0.5": {
							"post": [0.125, -0.1825, -0.25],
							"lerp_mode": "catmullrom"
						},
						"0.5417": {
							"post": [0.07, -0.18, 0.405],
							"lerp_mode": "catmullrom"
						},
						"0.625": {
							"post": [-0.0625, -0.1175, 0.5],
							"lerp_mode": "catmullrom"
						},
						"0.7083": {
							"post": [-0.06, -0.1125, 0.36],
							"lerp_mode": "catmullrom"
						},
						"0.8333": {
							"post": [0, 0.005, 0],
							"lerp_mode": "catmullrom"
						},
						"0.9583": {
							"post": [0.1225, -0.0875, 0.0575],
							"lerp_mode": "catmullrom"
						},
						"1.0417": {
							"post": [0.0625, -0.24, 0.1875],
							"lerp_mode": "catmullrom"
						},
						"1.0833": {
							"post": [-0.02, -0.22, -0.28],
							"lerp_mode": "catmullrom"
						},
						"1.1667": {
							"post": [-0.1875, -0.11, -0.07812],
							"lerp_mode": "catmullrom"
						},
						"1.25": {
							"post": [-0.1725, 0.0525, -0.01],
							"lerp_mode": "catmullrom"
						},
						"1.3333": {
							"post": [0, 0.06188, 0.07813],
							"lerp_mode": "catmullrom"
						},
						"1.4583": {
							"post": [0, 0, 0],
							"lerp_mode": "catmullrom"
						}
					}
				},
				"bolt": {
					"position": {
						"0.5": {
							"pre": [0, 0, 0],
							"post": [0, 0, 0],
							"lerp_mode": "catmullrom"
						},
						"0.5833": {
							"post": [0, 0, 3],
							"lerp_mode": "catmullrom"
						},
						"0.6667": {
							"post": [0, 0, 2.75],
							"lerp_mode": "catmullrom"
						},
						"0.8333": {
							"post": [0, 0, 2.74],
							"lerp_mode": "catmullrom"
						},
						"0.9167": {
							"post": [0, 0, 0.1875],
							"lerp_mode": "catmullrom"
						},
						"1.0": {
							"post": [0, 0, 0],
							"lerp_mode": "catmullrom"
						}
					}
				},
				"rotate": {
					"rotation": {
						"0.3333": {
							"pre": [0, 0, 0],
							"post": [0, 0, 0],
							"lerp_mode": "catmullrom"
						},
						"0.4167": {
							"post": [0, 0, 52.5],
							"lerp_mode": "catmullrom"
						},
						"0.5": {
							"post": [0, 0, 48.5],
							"lerp_mode": "catmullrom"
						},
						"1.0417": {
							"post": [0, 0, 48.44],
							"lerp_mode": "catmullrom"
						},
						"1.125": {
							"post": [0, 0, -12.5],
							"lerp_mode": "catmullrom"
						},
						"1.2083": {
							"post": [0, 0, 0],
							"lerp_mode": "catmullrom"
						}
					}
				},
				"group2": {
					"rotation": {
						"0.5833": [0, 0, 0],
						"0.625": [24.93958, 40.73439, 32.76588],
						"0.7083": [89.93958, 40.73439, 32.76588],
						"0.875": [220.31145, 3.31074, 0.10838]
					},
					"position": {
						"0.5833": [0, 0, 0],
						"0.625": [-4.16296, -4.32808, 0],
						"0.7083": [-6.08333, -10.64028, 0],
						"0.875": [-3.28563, -20.67622, 0]
					}
				},
				"tip": {
					"scale": 0
				},
				"camera": {
					"rotation": {
						"0.0": {
							"post": [0, 0, 0],
							"lerp_mode": "catmullrom"
						},
						"0.125": {
							"post": [-0.375, 0.1875, 0],
							"lerp_mode": "catmullrom"
						},
						"0.2917": {
							"post": [0.25, -0.125, 0],
							"lerp_mode": "catmullrom"
						},
						"0.5417": {
							"post": [-0.5625, 0, 0.625],
							"lerp_mode": "catmullrom"
						},
						"0.7083": {
							"post": [0.4375, 0, -0.3125],
							"lerp_mode": "catmullrom"
						},
						"0.9167": {
							"post": [0, -0.125, 0],
							"lerp_mode": "catmullrom"
						},
						"1.0833": {
							"post": [0.3125, 0.0625, 0.4375],
							"lerp_mode": "catmullrom"
						},
						"1.25": {
							"post": [-0.125, 0, -0.25],
							"lerp_mode": "catmullrom"
						},
						"1.4583": {
							"post": [0, 0, 0],
							"lerp_mode": "catmullrom"
						}
					}
				}
			},
			"sound_effects": {
				"0.4167": {
					"effect": "tacz:m700/m700_bolt_in"
				},
				"0.75": {
					"effect": "tacz:m700/m700_bolt_out"
				},
				"0.9167": {
					"effect": "tacz:m700/m700_shell_drop"
				}
			}
		},
		"shoot": {
			"loop": true,
			"animation_length": 0.625,
			"bones": {
				"root": {
					"rotation": {
						"0.0": [0, 0, 0],
						"0.0417": [1.23, 0, 0.73],
						"0.0833": [-2.52, 0, -1.23],
						"0.125": [-2.41, 0, -0.4],
						"0.1667": [-1.59, 0, 0.53],
						"0.2083": [-0.61, 0.01, 0.02],
						"0.25": [0.28, 0, -0.57],
						"0.2917": [0.48, -0.06, -0.31],
						"0.3333": [0.49, -0.15, 0.2],
						"0.375": [0.43, -0.2, 0.53],
						"0.4167": [0.29, -0.18, 0.43],
						"0.4583": [0.08, -0.12, 0.16],
						"0.5": [-0.07, -0.07, -0.05],
						"0.5417": [-0.13, -0.04, -0.1],
						"0.5833": [-0.13, -0.02, -0.09],
						"0.625": [0, 0, 0]
					},
					"position": {
						"0.0": [0, 0, 0],
						"0.0417": [0, -0.02, 2.23],
						"0.0833": [0, -0.07, 2.08],
						"0.125": [0, -0.14, 0.96],
						"0.1667": [0, -0.17, -0.12],
						"0.2083": [0, -0.11, -0.14],
						"0.25": [0, -0.02, 0.1],
						"0.2917": [0, -0.01, 0],
						"0.3333": [0, 0, -0.13],
						"0.375": [0, 0, 0]
					}
				},
				"trigger": {
					"rotation": {
						"0.0": [0, 0, 0],
						"0.0417": [25, 0, 0],
						"0.1667": [0, 0, 0]
					}
				},
				"camera": {
					"rotation": {
						"0.0": [0, 0, 0],
						"0.0417": [0, 0, 0.6],
						"0.0833": [0, 0, -0.4],
						"0.125": [0, 0, 0.33],
						"0.1667": [0, 0, 0.08],
						"0.2083": [0, 0, -0.22],
						"0.25": [0, 0, 0],
						"0.2917": [0, 0, -0.01],
						"0.3333": [0, 0, -0.04],
						"0.375": [0, 0, 0]
					}
				}
			}
		}
	}
}