{
	"format_version": "1.8.0",
	"animations": {
		"static_idle": {
			"loop": true,
			"animation_length": 1.0417,
			"bones": {
				"lefthand": {
					"rotation": [96.96, -29.14, -146.86],
					"position": [7.67, -11.37, -15.02],
					"scale": [1, 1.5, 1]
				},
				"righthand": {
					"rotation": [96.07, 8.95, -179.05],
					"position": [-5.5, -14.3, -2.2],
					"scale": [1, 1.5, 1]
				},
				"constraint": {
					"rotation": {
						"1.0417": {
							"pre": [0.2, 0.2, 0.2],
							"post": [0.2, 0.2, 0.2],
							"lerp_mode": "catmullrom"
						}
					},
					"position": {
						"1.0417": {
							"pre": [0.2, 0.2, 0.2],
							"post": [0.2, 0.2, 0.2],
							"lerp_mode": "catmullrom"
						}
					}
				},
				"mag_and_lefthand": {
					"rotation": [0, 0, 0],
					"position": [0, 0, 0]
				}
			}
		},
		"shoot": {
			"loop": "hold_on_last_frame",
			"animation_length": 0.5417,
			"bones": {
				"root": {
					"rotation": {
						"0.0": {
							"post": [-1.8125, 0, 0],
							"lerp_mode": "catmullrom"
						},
						"0.0833": {
							"post": [0.375, 0.1875, -2],
							"lerp_mode": "catmullrom"
						},
						"0.2083": {
							"post": [-0.75, -0.25, 0.375],
							"lerp_mode": "catmullrom"
						},
						"0.2917": {
							"post": [0.1875, 0.125, 0],
							"lerp_mode": "catmullrom"
						},
						"0.4167": {
							"post": [0, 0, 0],
							"lerp_mode": "catmullrom"
						},
						"0.5417": {
							"post": [0, 0, 0],
							"lerp_mode": "catmullrom"
						}
					},
					"position": {
						"0.0": {
							"post": [0, 0, 0],
							"lerp_mode": "catmullrom"
						},
						"0.0417": {
							"post": [0, -0.0625, 2],
							"lerp_mode": "catmullrom"
						},
						"0.1667": {
							"post": [0, 0.0625, -0.0625],
							"lerp_mode": "catmullrom"
						},
						"0.3333": {
							"post": [0, 0, 0],
							"lerp_mode": "catmullrom"
						},
						"0.5833": {
							"post": [0, 0, 0],
							"lerp_mode": "catmullrom"
						}
					}
				},
				"bolt": {
					"position": {
						"0.0": [0, 0, 0],
						"0.0417": [0, 0, 4.25],
						"0.0833": [0, 0, 4.25],
						"0.125": [0, 0, 0]
					}
				},
				"cap2": {
					"rotation": {
						"0.0": [0, 0, 0],
						"0.0417": [0, 0, 40],
						"0.125": [0, 0, 0],
						"0.2083": [0, 0, 18.75],
						"0.2917": [0, 0, 0],
						"0.375": [0, 0, 5],
						"0.4583": [0, 0, 0]
					}
				},
				"762x2": {
					"position": {
						"0.0417": [0, 0, 0],
						"0.0833": [0, 0.4375, 0],
						"0.125": [0, 0.4375, -4],
						"0.1667": [0, 0, 0]
					}
				},
				"camera": {
					"rotation": {
						"0.0": {
							"post": [0, 0, 0],
							"lerp_mode": "catmullrom"
						},
						"0.0417": {
							"post": [0, 0, 0.7],
							"lerp_mode": "catmullrom"
						},
						"0.0833": {
							"post": [0, 0, -0.425],
							"lerp_mode": "catmullrom"
						},
						"0.125": {
							"post": [0, 0, 0.375],
							"lerp_mode": "catmullrom"
						},
						"0.1667": {
							"post": [0, 0, -0.15],
							"lerp_mode": "catmullrom"
						},
						"0.25": {
							"post": [0, 0, 0.125],
							"lerp_mode": "catmullrom"
						},
						"0.3333": {
							"post": [0, 0, -0.075],
							"lerp_mode": "catmullrom"
						},
						"0.4167": {
							"post": [0, 0, 0],
							"lerp_mode": "catmullrom"
						}
					}
				},
				"constraint": {
					"rotation": {
						"0.1667": [0.2, 0.2, 0.2],
						"0.25": [0.1, 0.1, 0.1],
						"0.3333": [0, 0, 0]
					},
					"position": {
						"0.0833": [0.15, 0.05, 0.5],
						"0.1667": [0.1, 0, 0.1],
						"0.25": [0, 0, 0]
					}
				}
			}
		},
		"draw": {
			"loop": "hold_on_last_frame",
			"animation_length": 0.875,
			"bones": {
				"lefthand": {
					"rotation": {
						"0.1667": [96.96, -29.14, -146.86],
						"0.2917": {
							"pre": [85.57524, -29.58921, -123.8797],
							"post": [85.57524, -29.58921, -123.8797],
							"lerp_mode": "catmullrom"
						},
						"0.4167": {
							"post": [96.96, -29.14, -146.86],
							"lerp_mode": "catmullrom"
						},
						"0.4583": {
							"post": [96.96, -29.14, -146.86],
							"lerp_mode": "catmullrom"
						}
					},
					"position": {
						"0.1667": [7.67, -11.37, -15.02],
						"0.2917": {
							"pre": [8.67, -12.62, -17.02],
							"post": [8.67, -12.62, -17.02],
							"lerp_mode": "catmullrom"
						},
						"0.4167": {
							"post": [7.67, -11.37, -15.02],
							"lerp_mode": "catmullrom"
						},
						"0.4583": {
							"post": [7.67, -11.37, -15.02],
							"lerp_mode": "catmullrom"
						}
					},
					"scale": [1, 1.5, 1]
				},
				"righthand": {
					"rotation": [96.07, 8.95, -179.05],
					"position": [-5.5, -14.3, -2.2],
					"scale": [1, 1.5, 1]
				},
				"root": {
					"rotation": {
						"0.0": [30.00673, -2.0705, -27.00752],
						"0.3333": {
							"pre": [1.26636, -2.72255, -1.21189],
							"post": [1.26636, -2.72255, -1.21189],
							"lerp_mode": "catmullrom"
						},
						"0.5417": {
							"post": [-0.065, -0.095, 0.79],
							"lerp_mode": "catmullrom"
						},
						"0.6667": {
							"post": [0, -0.03, 0.1],
							"lerp_mode": "catmullrom"
						},
						"0.7917": [0, 0, 0]
					},
					"position": {
						"0.0": [0.0625, -3.14062, 13.32813],
						"0.2083": {
							"pre": [0.275, -1.45, -0.38438],
							"post": [0.275, -1.45, -0.38438],
							"lerp_mode": "catmullrom"
						},
						"0.3333": {
							"post": [0.09, -0.56, -1.2],
							"lerp_mode": "catmullrom"
						},
						"0.4583": {
							"post": [-0.05, -0.075, 0.265],
							"lerp_mode": "catmullrom"
						},
						"0.5833": {
							"post": [0, 0, 0],
							"lerp_mode": "catmullrom"
						},
						"0.75": {
							"post": [0, 0, 0],
							"lerp_mode": "catmullrom"
						}
					}
				},
				"cap2": {
					"rotation": {
						"0.2917": [0, 0, 0],
						"0.4167": [0, 0, 40],
						"0.5": [0, 0, 0],
						"0.625": [0, 0, 18.75],
						"0.7083": [0, 0, 0],
						"0.75": [0, 0, 5],
						"0.875": [0, 0, 0]
					}
				},
				"camera": {
					"rotation": {
						"0.0": {
							"post": [0, 0, 0],
							"lerp_mode": "catmullrom"
						},
						"0.125": {
							"post": [0.5, -0.5, -1.25],
							"lerp_mode": "catmullrom"
						},
						"0.25": {
							"post": [-0.25, 0.25, -1.25],
							"lerp_mode": "catmullrom"
						},
						"0.4167": {
							"post": [0, 0, 0.25],
							"lerp_mode": "catmullrom"
						},
						"0.5": {
							"post": [-0.0625, 0, -0.375],
							"lerp_mode": "catmullrom"
						},
						"0.5833": {
							"post": [0.125, -0.125, 0.375],
							"lerp_mode": "catmullrom"
						},
						"0.7083": {
							"post": [0, 0, 0],
							"lerp_mode": "catmullrom"
						},
						"0.875": {
							"post": [0, 0, 0],
							"lerp_mode": "catmullrom"
						}
					}
				}
			}
		},
		"put_away": {
			"animation_length": 0.7333,
			"bones": {
				"lefthand": {
					"rotation": {
						"0.0": [96.96, -29.14, -146.86],
						"0.0417": [111.96, -35.57, -163.85],
						"0.0833": [123.46, -42.92, -183.26],
						"0.125": [107.47, -43.9, -185.83],
						"0.1667": [103.96, -42.92, -183.26]
					},
					"position": {
						"0.0": [7.67, -11.37, -15.02],
						"0.0417": [8.12, -9.57, -12.89],
						"0.0833": [8.55, -8.68, -10.08],
						"0.125": [8.36, -8.31, -10.05],
						"0.1667": [7.92, -8.37, -12.89]
					},
					"scale": [1, 1.5, 1]
				},
				"righthand": {
					"rotation": {
						"0.25": [96.07, 8.95, -179.05],
						"0.2917": [103.57, 8.95, -179.05],
						"0.3333": [114.59, 8.95, -179.05],
						"0.375": [127.18, 8.95, -179.05],
						"0.4167": [139.41, 8.95, -179.05],
						"0.4583": [153.57, 8.95, -179.05]
					},
					"position": [-5.5, -14.3, -2.2],
					"scale": [1, 1.5, 1]
				},
				"root": {
					"rotation": {
						"0.0": [0, 0, 0],
						"0.0417": [1.33, -5.13, -0.74],
						"0.0833": [3.12, -9.3, -0.92],
						"0.125": [8.38, -16.81, 0],
						"0.1667": [12.82, -22.01, 1.29],
						"0.2083": [20.5, -30.62, 3.89],
						"0.25": [29.41, -40.27, 6.95],
						"0.2917": [38.46, -49.77, 9.83],
						"0.3333": [46.61, -57.94, 11.91],
						"0.375": [52.79, -63.58, 12.54],
						"0.4167": [57.26, -66.64, 11.42],
						"0.4583": [60.68, -67.93, 9.04],
						"0.5": [63.28, -68.07, 6.05],
						"0.5417": [65.25, -67.69, 3.06],
						"0.5833": [67.5, -67.5, 0]
					},
					"position": {
						"0.0": [0, 0, 0],
						"0.0417": [0, -0.03, -0.19],
						"0.0833": [0, -0.17, -0.41],
						"0.125": [0, -0.69, -0.88],
						"0.1667": [0, -1.27, -1.19],
						"0.2083": [0.05, -2.26, -1.38],
						"0.25": [0.2, -3.7, -1.21],
						"0.2917": [0.65, -6.45, -0.91],
						"0.3333": [0.86, -7.63, -0.79],
						"0.375": [1.24, -9.73, -0.58],
						"0.4167": [1.73, -12.27, -0.33],
						"0.4583": [1.96, -13.46, -0.21],
						"0.5": [2.24, -14.89, -0.07],
						"0.5417": [2.38, -15.56, 0]
					}
				},
				"camera": {
					"rotation": {
						"0.0": [0, 0, 0],
						"0.0417": [0.19, 0, 0.02],
						"0.0833": [0.43, 0, 0.04],
						"0.125": [0.48, 0, -0.02],
						"0.1667": [0.22, 0, -0.28],
						"0.2083": [-0.13, 0, -0.51],
						"0.25": [-0.26, 0, -0.38],
						"0.2917": [-0.18, 0, 0.26],
						"0.3333": [0, 0, 1],
						"0.375": [0.02, 0, 0.92],
						"0.4167": [0.01, 0, 0.43],
						"0.4583": [0, 0, -0.12],
						"0.5": [0, 0, -0.15],
						"0.5417": [0, 0, -0.01],
						"0.5833": [0, 0, 0.13],
						"0.625": [0, 0, 0],
						"0.6667": [0, 0, -0.01],
						"0.7083": [0, 0, 0]
					}
				}
			}
		},
		"reload_tactical": {
			"loop": "hold_on_last_frame",
			"animation_length": 3.0417,
			"bones": {
				"lefthand": {
					"rotation": {
						"0.0": [96.96, -29.14, -146.86],
						"0.1667": {
							"pre": [118.79779, -32.33805, -199.99992],
							"post": [118.79779, -32.33805, -199.99992],
							"lerp_mode": "catmullrom"
						},
						"0.2917": {
							"post": [122.60587, -40.94684, -206.35834],
							"lerp_mode": "catmullrom"
						},
						"0.3333": [77.73354, -24.7817, -96.22793],
						"1.2917": [77.73354, -24.7817, -96.22793],
						"1.375": [77.73354, -24.7817, -96.22793],
						"1.5417": [71.48495, -56.99513, -121.42092],
						"1.7083": {
							"pre": [114.92279, -32.33805, -175.18742],
							"post": [114.92279, -32.33805, -175.18742],
							"lerp_mode": "catmullrom"
						},
						"1.875": [96.96, -29.14, -146.86]
					},
					"position": {
						"0.0": [7.67, -11.37, -15.02],
						"0.1667": {
							"pre": [7.67, -13.87, -15.02],
							"post": [7.67, -13.87, -15.02],
							"lerp_mode": "catmullrom"
						},
						"0.2917": [7.67, -13.87, -15.02],
						"0.3333": [5.67, -15.37, -7.02],
						"1.2917": [5.67, -15.37, -7.02],
						"1.4167": [5.67, -15.37, -7.02],
						"1.625": [6.045, -43.9325, -7.02],
						"1.75": {
							"pre": [9.67, -13.87, -13.395],
							"post": [9.67, -13.87, -13.395],
							"lerp_mode": "catmullrom"
						},
						"1.9167": [7.67, -11.37, -15.02]
					},
					"scale": [1, 1.5, 1]
				},
				"righthand": {
					"rotation": [96.07, 8.95, -179.05],
					"position": [-5.5, -14.3, -2.2],
					"scale": [1, 1.5, 1]
				},
				"root": {
					"rotation": {
						"0.0": {
							"post": [0, 0, 0],
							"lerp_mode": "catmullrom"
						},
						"0.0833": {
							"post": [-3.39058, 0.28629, 1.84737],
							"lerp_mode": "catmullrom"
						},
						"0.25": {
							"post": [-15.02627, -13.21118, -27.57717],
							"lerp_mode": "catmullrom"
						},
						"0.375": {
							"post": [-19.74235, -17.60041, -31.95266],
							"lerp_mode": "catmullrom"
						},
						"0.4583": {
							"post": [-19.60203, -16.52838, -29.44782],
							"lerp_mode": "catmullrom"
						},
						"0.5833": {
							"post": [-17.74694, -16.2267, -30.26296],
							"lerp_mode": "catmullrom"
						},
						"0.75": {
							"post": [-18.35208, -17.28687, -29.64263],
							"lerp_mode": "catmullrom"
						},
						"0.7917": {
							"post": [-18.6521, -14.33136, -29.05652],
							"lerp_mode": "catmullrom"
						},
						"0.875": {
							"post": [-21.44668, -15.60891, -35.76364],
							"lerp_mode": "catmullrom"
						},
						"0.9583": {
							"post": [-20.51, -16.885, -35.155],
							"lerp_mode": "catmullrom"
						},
						"1.0833": {
							"post": [-22.58, -18.43, -38.52],
							"lerp_mode": "catmullrom"
						},
						"1.125": {
							"post": [-24.14718, -19.36223, -40.42979],
							"lerp_mode": "catmullrom"
						},
						"1.25": {
							"post": [-20.99501, -20.7155, -42.58894],
							"lerp_mode": "catmullrom"
						},
						"1.2917": {
							"post": [-21.82846, -19.64614, -34.60032],
							"lerp_mode": "catmullrom"
						},
						"1.375": {
							"post": [-20.15865, -22.61855, -40.66399],
							"lerp_mode": "catmullrom"
						},
						"1.4583": {
							"post": [-19.78756, -20.34191, -34.63564],
							"lerp_mode": "catmullrom"
						},
						"1.5833": {
							"post": [-22.07672, -17.69201, -31.64182],
							"lerp_mode": "catmullrom"
						},
						"1.75": {
							"post": [-15.02312, -14.02803, -26.63737],
							"lerp_mode": "catmullrom"
						},
						"1.8333": {
							"post": [-6.80188, -3.25192, -14.58751],
							"lerp_mode": "catmullrom"
						},
						"1.9167": {
							"post": [2.0003, -0.99939, -2.8349],
							"lerp_mode": "catmullrom"
						},
						"2.0": {
							"post": [0.91765, 0.12214, 2.96963],
							"lerp_mode": "catmullrom"
						},
						"2.0417": {
							"post": [0, 0, -1],
							"lerp_mode": "catmullrom"
						},
						"2.125": {
							"post": [-0.26875, 0, 1.75],
							"lerp_mode": "catmullrom"
						},
						"2.25": {
							"post": [0, 0, 0],
							"lerp_mode": "catmullrom"
						},
						"2.2917": {
							"post": [0, 0, 0],
							"lerp_mode": "catmullrom"
						}
					},
					"position": {
						"0.0": {
							"post": [0, 0, 0],
							"lerp_mode": "catmullrom"
						},
						"0.0833": {
							"post": [-0.07, -0.32, -0.14],
							"lerp_mode": "catmullrom"
						},
						"0.125": {
							"post": [-0.2, -0.115, -0.79],
							"lerp_mode": "catmullrom"
						},
						"0.25": {
							"post": [-0.2, 0.81, -0.93],
							"lerp_mode": "catmullrom"
						},
						"0.375": {
							"post": [-0.27, 0.045, -0.69],
							"lerp_mode": "catmullrom"
						},
						"0.5": {
							"post": [-0.35, 0.035, -0.805],
							"lerp_mode": "catmullrom"
						},
						"0.7083": {
							"post": [-0.3, 0.155, -0.67],
							"lerp_mode": "catmullrom"
						},
						"0.8333": {
							"post": [-0.15, 0.015, -0.705],
							"lerp_mode": "catmullrom"
						},
						"0.9167": {
							"post": [-0.45, 1.035, -0.605],
							"lerp_mode": "catmullrom"
						},
						"1.0": {
							"post": [-0.575, 0.575, -0.745],
							"lerp_mode": "catmullrom"
						},
						"1.0833": {
							"post": [-0.355, 0.33, -0.605],
							"lerp_mode": "catmullrom"
						},
						"1.2083": {
							"post": [-0.37, 0.555, -0.605],
							"lerp_mode": "catmullrom"
						},
						"1.25": {
							"post": [-0.4, 0.385, -0.605],
							"lerp_mode": "catmullrom"
						},
						"1.2917": {
							"post": [-0.135, -0.43, -0.65],
							"lerp_mode": "catmullrom"
						},
						"1.375": {
							"post": [-0.47, 0, -0.76],
							"lerp_mode": "catmullrom"
						},
						"1.4583": {
							"post": [-0.275, 0.15, -0.83],
							"lerp_mode": "catmullrom"
						},
						"1.5833": {
							"post": [-0.375, 0.225, -0.6],
							"lerp_mode": "catmullrom"
						},
						"1.75": {
							"post": [-0.535, 0.195, -0.595],
							"lerp_mode": "catmullrom"
						},
						"1.875": {
							"post": [-0.375, -1.5, -1.65],
							"lerp_mode": "catmullrom"
						},
						"2.0417": {
							"post": [0, -0.175, 0.1],
							"lerp_mode": "catmullrom"
						},
						"2.125": {
							"post": [-0.08125, -0.01, -0.08],
							"lerp_mode": "catmullrom"
						},
						"2.25": {
							"post": [0, 0, 0.075],
							"lerp_mode": "catmullrom"
						},
						"2.375": {
							"post": [0, 0, 0],
							"lerp_mode": "catmullrom"
						}
					}
				},
				"additional_magazine": {
					"rotation": {
						"0.8333": [0, 0, 0],
						"0.9167": [-15, 0, 0],
						"1.0": [-22.38322, -2.23234, -5.83012],
						"1.0833": [-23.11429, -3.94913, -11.15075],
						"1.1667": [-14.94548, -1.29256, -4.83045],
						"1.25": [-14.94548, -1.29256, -4.83045],
						"1.2917": [0, 0, -5],
						"1.375": [0, 0, -5],
						"1.5833": [-12.79362, 12.19908, -37.74715]
					},
					"position": {
						"0.8333": [0, 0, 0],
						"0.9167": [0.1875, -2.85385, -1.71115],
						"1.0": [-0.05638, -3.18041, -2.07578],
						"1.0833": [-1.76154, -3.10218, -2.04501],
						"1.1667": [-1.06, -2.09, -2.17],
						"1.2083": [-1.31, -1.9, -2.16],
						"1.25": [-1.56, -1.71177, -2.15889],
						"1.2917": [-1.4975, 0.15, 0.04],
						"1.4167": [-1.4975, 0.15, 0.04],
						"1.625": [-0.97994, -28.30134, 0.83775]
					}
				},
				"mag_and_lefthand": {
					"rotation": {
						"0.0": [0, 0, 0],
						"0.125": {
							"pre": [0, 0, 0],
							"post": [0, 0, 0],
							"lerp_mode": "catmullrom"
						},
						"0.2917": [0, 0, 0],
						"0.4167": [-35.17674, 29.78401, -19.29534],
						"0.625": {
							"pre": [0, 0, 0],
							"post": [0, 0, 0],
							"lerp_mode": "catmullrom"
						},
						"0.75": {
							"post": [0, 0, 0],
							"lerp_mode": "catmullrom"
						},
						"0.8333": [0, 0, 0],
						"0.9167": {
							"pre": [-35, 0, 0],
							"post": [-35, 0, 0],
							"lerp_mode": "catmullrom"
						},
						"1.0": {
							"post": [-22.5, 0, 0],
							"lerp_mode": "catmullrom"
						},
						"1.25": {
							"post": [-22.5, 0, 0],
							"lerp_mode": "catmullrom"
						},
						"1.2917": [0, 0, 0]
					},
					"position": {
						"0.0": [0, 0, 0],
						"0.125": {
							"pre": [4, -2.375, 3.0625],
							"post": [4, -2.375, 3.0625],
							"lerp_mode": "catmullrom"
						},
						"0.25": [6, -6.75, 16.4375],
						"0.3333": [6, -6.75, 16.4375],
						"0.4167": {
							"pre": [6.2575, -2.89, 3.665],
							"post": [6.2575, -2.89, 3.665],
							"lerp_mode": "catmullrom"
						},
						"0.625": [1.87, -0.59, -0.5075],
						"0.7083": [1.12, -0.59, -0.63],
						"0.8333": [1.12, -0.59, -0.63],
						"0.9167": {
							"pre": [1.6825, -3.34, -2.6925],
							"post": [1.6825, -3.34, -2.6925],
							"lerp_mode": "catmullrom"
						},
						"1.0": [1.495, -3.09, -2.13],
						"1.0833": [0, -3.09, -2.13],
						"1.1667": [0, -1.49, -2.25],
						"1.2083": [0, -1.87, -2.13],
						"1.25": [0, -1.87, -2.13],
						"1.2917": [0, 0, 0]
					},
					"scale": 1
				},
				"mag_and_bullet": {
					"scale": {
						"0.25": [0, 0, 0],
						"0.3333": [0, 0, 0],
						"0.4167": [1, 1, 1]
					}
				},
				"cap2": {
					"rotation": {
						"0.25": [0, 0, 0],
						"0.3333": [0, 0, 40],
						"0.4167": [0, 0, 0],
						"0.5": [0, 0, 18.75],
						"0.5833": [0, 0, 0],
						"0.6667": [0, 0, 5],
						"0.75": [0, 0, 0],
						"0.875": [0, 0, 0],
						"0.9583": [0, 0, 40],
						"1.0417": [0, 0, 0],
						"1.125": [0, 0, 18.75],
						"1.2083": [0, 0, 0],
						"1.2917": [0, 0, 0],
						"1.375": [0, 0, 40],
						"1.4583": [0, 0, 0],
						"1.5417": [0, 0, 18.75],
						"1.625": [0, 0, 0],
						"1.7083": [0, 0, 5],
						"1.7917": [0, 0, 0]
					}
				},
				"camera": {
					"rotation": {
						"0.0": {
							"post": [0, 0, 0],
							"lerp_mode": "catmullrom"
						},
						"0.125": {
							"post": [0.215, 0, -0.175],
							"lerp_mode": "catmullrom"
						},
						"0.375": {
							"post": [1.95, 0.125, -1],
							"lerp_mode": "catmullrom"
						},
						"0.5833": {
							"post": [1.52, 0.125, -0.825],
							"lerp_mode": "catmullrom"
						},
						"0.7917": {
							"post": [1.65, 0.125, -0.675],
							"lerp_mode": "catmullrom"
						},
						"0.875": {
							"post": [2.055, 0, -0.05],
							"lerp_mode": "catmullrom"
						},
						"0.9583": {
							"post": [1.345, 0.125, -1.05],
							"lerp_mode": "catmullrom"
						},
						"1.0833": {
							"post": [1.42, 0.13, -0.345],
							"lerp_mode": "catmullrom"
						},
						"1.25": {
							"post": [1.51, 0.125, -0.675],
							"lerp_mode": "catmullrom"
						},
						"1.3333": {
							"post": [2.33, 0.025, 0],
							"lerp_mode": "catmullrom"
						},
						"1.4167": {
							"post": [1.88, 0.125, -1],
							"lerp_mode": "catmullrom"
						},
						"1.5833": {
							"post": [1.88, 0.13, -0.235],
							"lerp_mode": "catmullrom"
						},
						"1.75": {
							"post": [1.875, 0.125, -0.55],
							"lerp_mode": "catmullrom"
						},
						"2.0417": {
							"post": [-0.3, 0, 0.2],
							"lerp_mode": "catmullrom"
						},
						"2.0833": {
							"post": [0.225, 0, -0.1],
							"lerp_mode": "catmullrom"
						},
						"2.2083": {
							"post": [-0.125, 0, 0.1],
							"lerp_mode": "catmullrom"
						},
						"2.2917": {
							"post": [0, 0, 0],
							"lerp_mode": "catmullrom"
						}
					}
				},
				"bone3": {
					"rotation": {
						"0.7917": [0, 0, 0],
						"0.8333": [-20, 0, 0],
						"0.9167": [0, 0, 0]
					}
				},
				"constraint": {
					"rotation": {
						"0.0": [0, 0, 0],
						"1.875": [0, 0, 0],
						"2.0417": [0.2, 0.2, 0.4]
					},
					"position": {
						"0.0": [0.02, 0.02, 0.02],
						"1.875": [0.02, 0.02, 0.02],
						"2.0417": [0.1, 0.1, 0.1]
					}
				}
			}
		},
		"reload_empty": {
			"loop": "hold_on_last_frame",
			"animation_length": 3.1667,
			"bones": {
				"lefthand": {
					"rotation": {
						"0.0": [96.96, -29.14, -146.86],
						"0.1667": {
							"pre": [118.79779, -32.33805, -199.99992],
							"post": [118.79779, -32.33805, -199.99992],
							"lerp_mode": "catmullrom"
						},
						"0.2917": {
							"post": [122.60587, -40.94684, -206.35834],
							"lerp_mode": "catmullrom"
						},
						"0.3333": [75.54832, -39.38288, -92.14827],
						"1.5833": [75.54832, -39.38288, -92.14827],
						"1.75": [83.722, -22.27772, -120.91016],
						"1.9167": [96.96, -29.14, -146.86]
					},
					"position": {
						"0.0": [7.67, -11.37, -15.02],
						"0.1667": {
							"pre": [7.67, -13.87, -15.02],
							"post": [7.67, -13.87, -15.02],
							"lerp_mode": "catmullrom"
						},
						"0.2917": [7.67, -13.87, -15.02],
						"0.3333": [5.48017, -15.30271, -7.8986],
						"1.5833": [5.48017, -15.30271, -7.8986],
						"1.75": {
							"pre": [7.77892, -11.9682, -16.5786],
							"post": [7.77892, -11.9682, -16.5786],
							"lerp_mode": "catmullrom"
						},
						"1.9167": [7.67, -11.37, -15.02]
					},
					"scale": {
						"0.0": [1, 1.5, 1],
						"1.9167": [1, 1.5, 1]
					}
				},
				"righthand": {
					"rotation": {
						"0.0": [96.07, 8.95, -179.05],
						"0.5": [95, 7.47, -179.39],
						"1.8333": [95, 7.47, -179.39],
						"1.9167": [120.50449, 2.47405, -98.74171],
						"2.0833": [118.87373, -10.57327, -76.14209],
						"2.2083": [118.87373, -10.57327, -76.14209],
						"2.25": [128.70408, 25.91809, -148.67814],
						"2.4167": [134.75972, 28.43589, -146.36771],
						"2.5833": {
							"pre": [96.07, 8.95, -179.05],
							"post": [96.07, 8.95, -179.05],
							"lerp_mode": "catmullrom"
						}
					},
					"position": {
						"0.0": [-5.5, -14.3, -2.2],
						"0.2917": [-6.5, -14.3, -2.2],
						"0.5": [-6.5, -14.3, -2.2],
						"1.8333": {
							"pre": [-6.5, -14.3, -2.2],
							"post": [-6.5, -14.3, -2.2],
							"lerp_mode": "catmullrom"
						},
						"1.9167": {
							"post": [-11.1, -11.79, -0.64],
							"lerp_mode": "catmullrom"
						},
						"2.0": {
							"post": [-9.55, -9.46, 0.79],
							"lerp_mode": "catmullrom"
						},
						"2.0833": [-7.64385, -8.51607, 0.06676],
						"2.2083": [-7.925, -8.51, 4.64],
						"2.25": [-11.715, -10.1, 7.77],
						"2.4583": {
							"pre": [-11.465, -14.64, 2.425],
							"post": [-11.465, -14.64, 2.425],
							"lerp_mode": "catmullrom"
						},
						"2.5833": {
							"post": [-6.87, -14.67, -3.165],
							"lerp_mode": "catmullrom"
						},
						"2.75": {
							"post": [-5.5, -14.3, -2.2],
							"lerp_mode": "catmullrom"
						}
					},
					"scale": [1, 1.5, 1]
				},
				"root": {
					"rotation": {
						"0.0": {
							"post": [0, 0, 0],
							"lerp_mode": "catmullrom"
						},
						"0.0833": {
							"post": [-3.39058, 0.28629, 1.84737],
							"lerp_mode": "catmullrom"
						},
						"0.25": {
							"post": [-15.02627, -13.21118, -27.57717],
							"lerp_mode": "catmullrom"
						},
						"0.375": {
							"post": [-19.74235, -17.60041, -31.95266],
							"lerp_mode": "catmullrom"
						},
						"0.4583": {
							"post": [-19.60203, -16.52838, -29.44782],
							"lerp_mode": "catmullrom"
						},
						"0.5833": {
							"post": [-17.74694, -16.2267, -30.26296],
							"lerp_mode": "catmullrom"
						},
						"0.75": {
							"post": [-18.35208, -17.28687, -29.64263],
							"lerp_mode": "catmullrom"
						},
						"0.7917": {
							"post": [-18.6521, -14.33136, -29.05652],
							"lerp_mode": "catmullrom"
						},
						"0.875": {
							"post": [-21.44668, -15.60891, -35.76364],
							"lerp_mode": "catmullrom"
						},
						"0.9583": {
							"post": [-20.51, -16.885, -35.155],
							"lerp_mode": "catmullrom"
						},
						"1.1667": {
							"post": [-22.58, -18.43, -38.52],
							"lerp_mode": "catmullrom"
						},
						"1.2083": {
							"post": [-24.14718, -19.36223, -40.42979],
							"lerp_mode": "catmullrom"
						},
						"1.4583": {
							"post": [-20.99501, -20.7155, -42.58894],
							"lerp_mode": "catmullrom"
						},
						"1.5": {
							"post": [-21.82846, -19.64614, -34.60032],
							"lerp_mode": "catmullrom"
						},
						"1.7083": {
							"post": [-10.88, -4.24, -29.045],
							"lerp_mode": "catmullrom"
						},
						"1.8333": {
							"post": [-7.95046, -3.54216, -7.05782],
							"lerp_mode": "catmullrom"
						},
						"1.9167": {
							"post": [2.81208, -8.30626, 4.01644],
							"lerp_mode": "catmullrom"
						},
						"2.0833": {
							"post": [7.28088, -8.33013, 5.61688],
							"lerp_mode": "catmullrom"
						},
						"2.1667": {
							"post": [10.72465, -8.27132, 6.36668],
							"lerp_mode": "catmullrom"
						},
						"2.25": {
							"post": [9.46254, -6.43066, -2.89125],
							"lerp_mode": "catmullrom"
						},
						"2.2917": {
							"post": [8.4356, -7.45221, 0.63854],
							"lerp_mode": "catmullrom"
						},
						"2.375": {
							"post": [12.85386, -8.05388, 5.41473],
							"lerp_mode": "catmullrom"
						},
						"2.4583": {
							"post": [13.191, -6.78448, -0.62876],
							"lerp_mode": "catmullrom"
						},
						"2.5": {
							"post": [10.7074, -7.54448, 0.95859],
							"lerp_mode": "catmullrom"
						},
						"2.7083": {
							"post": [2.0003, -0.99939, -2.8349],
							"lerp_mode": "catmullrom"
						},
						"2.75": {
							"post": [0.91765, 0.12214, -3.78037],
							"lerp_mode": "catmullrom"
						},
						"2.7917": {
							"post": [0, 0, 1.25],
							"lerp_mode": "catmullrom"
						},
						"2.875": {
							"post": [-0.26875, 0, -0.875],
							"lerp_mode": "catmullrom"
						},
						"3.0": {
							"post": [0, 0, 0],
							"lerp_mode": "catmullrom"
						},
						"3.0417": {
							"post": [0, 0, 0],
							"lerp_mode": "catmullrom"
						}
					},
					"position": {
						"0.0": {
							"post": [0, 0, 0],
							"lerp_mode": "catmullrom"
						},
						"0.0833": {
							"post": [-0.07, -0.32, -0.14],
							"lerp_mode": "catmullrom"
						},
						"0.1667": {
							"post": [-0.2, -0.615, -0.1025],
							"lerp_mode": "catmullrom"
						},
						"0.25": {
							"post": [-0.2, -0.19, -0.93],
							"lerp_mode": "catmullrom"
						},
						"0.375": {
							"post": [-0.27, -0.955, -0.69],
							"lerp_mode": "catmullrom"
						},
						"0.5": {
							"post": [-0.35, -0.965, -0.805],
							"lerp_mode": "catmullrom"
						},
						"0.7083": {
							"post": [-0.3, -0.845, -0.67],
							"lerp_mode": "catmullrom"
						},
						"0.8333": {
							"post": [-0.15, -0.985, -0.705],
							"lerp_mode": "catmullrom"
						},
						"0.9167": {
							"post": [-0.45, 0.035, -0.605],
							"lerp_mode": "catmullrom"
						},
						"1.0": {
							"post": [-0.575, -0.425, -0.745],
							"lerp_mode": "catmullrom"
						},
						"1.1667": {
							"post": [-0.355, -0.67, -0.605],
							"lerp_mode": "catmullrom"
						},
						"1.3333": {
							"post": [-0.37, -0.445, -0.605],
							"lerp_mode": "catmullrom"
						},
						"1.4583": {
							"post": [-0.4, -0.615, -0.605],
							"lerp_mode": "catmullrom"
						},
						"1.5": {
							"post": [-0.135, -1.43, -0.65],
							"lerp_mode": "catmullrom"
						},
						"1.5833": {
							"post": [-0.47, -1, -0.76],
							"lerp_mode": "catmullrom"
						},
						"1.75": {
							"post": [0.375, -0.9325, -0.4775],
							"lerp_mode": "catmullrom"
						},
						"1.8333": {
							"post": [0.27, -1.72, -0.9],
							"lerp_mode": "catmullrom"
						},
						"1.9583": {
							"post": [0.47, -2.31, -1.155],
							"lerp_mode": "catmullrom"
						},
						"2.0833": {
							"post": [0.47, -2.045, -0.705],
							"lerp_mode": "catmullrom"
						},
						"2.1667": {
							"post": [0.47, -2.045, -0.705],
							"lerp_mode": "catmullrom"
						},
						"2.2917": {
							"post": [0.47, -2.265, -0.465],
							"lerp_mode": "catmullrom"
						},
						"2.3333": {
							"post": [0.33, -1.77, -0.41],
							"lerp_mode": "catmullrom"
						},
						"2.5": {
							"post": [0.45, -2.37, -0.36],
							"lerp_mode": "catmullrom"
						},
						"2.625": {
							"post": [-0.375, -1.5, -1.65],
							"lerp_mode": "catmullrom"
						},
						"2.7917": {
							"post": [0, -0.175, 0.1],
							"lerp_mode": "catmullrom"
						},
						"2.875": {
							"post": [-0.08125, -0.01, -0.08],
							"lerp_mode": "catmullrom"
						},
						"3.0": {
							"post": [0, 0, 0.075],
							"lerp_mode": "catmullrom"
						},
						"3.125": {
							"post": [0, 0, 0],
							"lerp_mode": "catmullrom"
						}
					}
				},
				"additional_magazine": {
					"rotation": {
						"0.8333": [0, 0, 0],
						"0.875": [-29.79, -3.74, -6.5],
						"0.9167": [-46.885, -6.34, -13.63],
						"0.9583": [-65.1575, -17.555, -20.75],
						"1.0": [-77.6, -35.9875, -36.94],
						"1.0417": [-100.22, -57.4325, -61.5],
						"1.0833": [-132.3525, -84.3025, -87.5],
						"1.125": [-153.48, -49.42, -126.25],
						"1.1667": [-165.135, -54.58, -145.09],
						"1.2083": [-170.665, -59.74, -163.94],
						"1.25": [-163.6, -70.87, -198.38]
					},
					"position": {
						"0.8333": [0, 0, 0],
						"0.875": [-0.15536, -1.89886, -6.23062],
						"0.9167": [0.53888, -3.13698, -9.71149],
						"0.9583": [0.54784, -4.8756, -12.15971],
						"1.0": [0.04289, -7.83257, -14.92382],
						"1.0417": [-3.29033, -13.99994, -16.01661],
						"1.0833": [-9.77162, -22.30019, -13.26379],
						"1.125": [-16.09, -26.88, -10.26],
						"1.1667": [-25.20167, -31.43362, -4.07912],
						"1.2083": [-32.68308, -33.43404, 1.21104],
						"1.25": [-32.54, -30.91, 0.71]
					}
				},
				"mag_and_lefthand": {
					"rotation": {
						"0.0": [0, 0, 0],
						"0.125": {
							"pre": [0, 0, 0],
							"post": [0, 0, 0],
							"lerp_mode": "catmullrom"
						},
						"0.2917": [0, 0, 0],
						"0.4167": {
							"pre": [6.10748, -1.69446, -59.15247],
							"post": [6.10748, -1.69446, -59.15247],
							"lerp_mode": "catmullrom"
						},
						"0.5833": [7.48049, -2.12328, -73.90903],
						"0.8333": {
							"pre": [7.48049, -2.12328, -68.59653],
							"post": [7.48049, -2.12328, -68.59653],
							"lerp_mode": "catmullrom"
						},
						"1.0833": {
							"post": [-22.4375, 0, 0],
							"lerp_mode": "catmullrom"
						},
						"1.375": [-23.20177, -0.53648, -1.4008],
						"1.4583": [-24.75, 0, 0],
						"1.5": [0, 0, 0]
					},
					"position": {
						"0.0": [0, 0, 0],
						"0.125": {
							"pre": [4, -2.375, 3.0625],
							"post": [4, -2.375, 3.0625],
							"lerp_mode": "catmullrom"
						},
						"0.25": [6, -6.75, 16.4375],
						"0.3333": [6, -6.75, 16.4375],
						"0.4167": {
							"pre": [6.2575, -2.89, 8.2275],
							"post": [6.2575, -2.89, 8.2275],
							"lerp_mode": "catmullrom"
						},
						"0.6667": [2.0575, -1.1525, 3.41438],
						"0.7917": [2.0575, -1.1525, 3.41438],
						"0.8333": [2.06, -1.4, 2.66],
						"0.875": [2.06, -1.4, -1.34],
						"0.9583": {
							"pre": [2.74, -4.84, -3.925],
							"post": [2.74, -4.84, -3.925],
							"lerp_mode": "catmullrom"
						},
						"1.125": [0.24, -1.4025, -2.3625],
						"1.2083": [-0.1725, -1.975, -2.2475],
						"1.2917": [0, -1.34, -2.0675],
						"1.4583": [0, -1.4325, -2.0675],
						"1.5": [0, 0, 0]
					},
					"scale": 1
				},
				"mag_and_bullet": {
					"scale": {
						"0.0": [0, 0, 0],
						"0.2917": [0, 0, 0],
						"0.3333": [1, 1, 1]
					}
				},
				"m4a1_pull": {
					"position": {
						"2.0833": [0, 0, 0],
						"2.2083": [0, 0, 5],
						"2.25": [0, 0, 0]
					}
				},
				"cap2": {
					"rotation": {
						"0.4583": [0, 0, 0],
						"0.5417": [0, 0, 40],
						"0.6667": [0, 0, 0],
						"0.75": [0, 0, 18.75],
						"0.8333": [0, 0, 0],
						"0.9167": [0, 0, 40],
						"1.0": [0, 0, 0],
						"1.0833": [0, 0, 18.75],
						"1.1667": [0, 0, 0],
						"1.25": [0, 0, 5],
						"1.3333": [0, 0, 0],
						"1.4583": [0, 0, 0],
						"1.5417": [0, 0, 40],
						"1.625": [0, 0, 0],
						"1.7083": [0, 0, 18.75],
						"1.7917": [0, 0, 0],
						"1.9167": [0, 0, 5],
						"2.0": [0, 0, 0],
						"2.1667": [0, 0, 0],
						"2.25": [0, 0, 40],
						"2.3333": [0, 0, 0],
						"2.4167": [0, 0, 40],
						"2.5": [0, 0, 0],
						"2.5833": [0, 0, 18.75],
						"2.6667": [0, 0, 0],
						"2.75": [0, 0, 5],
						"2.8333": [0, 0, 0]
					}
				},
				"camera": {
					"rotation": {
						"0.0": {
							"post": [0, 0, 0],
							"lerp_mode": "catmullrom"
						},
						"0.125": {
							"post": [0.215, -0.625, -0.175],
							"lerp_mode": "catmullrom"
						},
						"0.375": {
							"post": [3.95, -1.375, -1],
							"lerp_mode": "catmullrom"
						},
						"0.5833": {
							"post": [3.52, -1.375, -0.825],
							"lerp_mode": "catmullrom"
						},
						"0.7917": {
							"post": [2.65, -1.375, -0.675],
							"lerp_mode": "catmullrom"
						},
						"0.875": {
							"post": [4.305, 0, -0.05],
							"lerp_mode": "catmullrom"
						},
						"1.0": {
							"post": [3.345, 0.125, -1.05],
							"lerp_mode": "catmullrom"
						},
						"1.0833": {
							"post": [2.8575, 0.13, -0.345],
							"lerp_mode": "catmullrom"
						},
						"1.25": {
							"post": [3.885, 0.125, -0.675],
							"lerp_mode": "catmullrom"
						},
						"1.4583": {
							"post": [3.33, 0.025, 0],
							"lerp_mode": "catmullrom"
						},
						"1.5417": {
							"post": [2.88, 0.125, -1],
							"lerp_mode": "catmullrom"
						},
						"1.5833": {
							"post": [2.88, 0.13, -0.235],
							"lerp_mode": "catmullrom"
						},
						"1.7083": {
							"post": [2.085, 0, -0.05],
							"lerp_mode": "catmullrom"
						},
						"1.875": {
							"post": [4.69, 0.445, 0.11],
							"lerp_mode": "catmullrom"
						},
						"2.0": {
							"post": [4.705, 1.055, 0.4],
							"lerp_mode": "catmullrom"
						},
						"2.125": {
							"post": [4.51, 1.05, 0.49],
							"lerp_mode": "catmullrom"
						},
						"2.1667": {
							"post": [5.595, 1.05, 1.54],
							"lerp_mode": "catmullrom"
						},
						"2.2917": {
							"post": [5.02, 1.04, -0.08],
							"lerp_mode": "catmullrom"
						},
						"2.4167": {
							"post": [5.5, 1.1175, 0.65],
							"lerp_mode": "catmullrom"
						},
						"2.5417": {
							"post": [2.285, 0.495, 0.215],
							"lerp_mode": "catmullrom"
						},
						"2.7917": {
							"post": [-0.325, 0, -0.225],
							"lerp_mode": "catmullrom"
						},
						"2.8333": {
							"post": [0.12, 0.01, 0.3925],
							"lerp_mode": "catmullrom"
						},
						"2.9583": {
							"post": [-0.125, 0, -0.2375],
							"lerp_mode": "catmullrom"
						},
						"3.0417": {
							"post": [0.06, 0, 0.175],
							"lerp_mode": "catmullrom"
						},
						"3.1667": {
							"post": [0, 0, 0],
							"lerp_mode": "catmullrom"
						}
					}
				},
				"bone3": {
					"rotation": {
						"0.7917": [0, 0, 0],
						"0.8333": [-20, 0, 0],
						"0.9167": [0, 0, 0]
					}
				},
				"constraint": {
					"rotation": {
						"0.0": [0, 0, 0],
						"2.7083": [0, 0, 0],
						"2.875": [0.2, 0.2, 0.4]
					},
					"position": {
						"0.0": [0.02, 0.02, 0.02],
						"2.7083": [0.02, 0.02, 0.02],
						"2.875": [0.1, 0.1, 0.1]
					}
				},
				"m4a1_bolt": {
					"position": {
						"2.25": [0, 0, 0],
						"2.2917": [0, 0, 0.875],
						"2.3333": [0, 0, 0.6875],
						"2.4167": [0, 0, 0]
					}
				}
			}
		},
		"inspect": {
			"loop": true,
			"animation_length": 10.2917,
			"bones": {
				"lefthand": {
					"rotation": {
						"0.125": [96.96, -29.14, -146.86],
						"0.25": {
							"pre": [100.63697, -27.44509, -175.25482],
							"post": [100.63697, -27.44509, -175.25482],
							"lerp_mode": "catmullrom"
						},
						"0.375": [74.46, -29.14, -146.86],
						"1.1667": [74.46, -29.14, -146.86],
						"1.2917": {
							"pre": [73.14043, -28.44238, -144.12058],
							"post": [73.14043, -28.44238, -144.12058],
							"lerp_mode": "catmullrom"
						},
						"1.4167": [74.46, -29.14, -146.86],
						"1.7917": [74.46, -29.14, -146.86],
						"1.9583": {
							"pre": [66.142, -14.42965, -77.65191],
							"post": [66.142, -14.42965, -77.65191],
							"lerp_mode": "catmullrom"
						},
						"2.1667": [85.99261, -42.24736, -94.90162],
						"2.4167": [85.98832, -42.24559, -94.90229],
						"3.375": [85.98832, -42.24559, -94.90229],
						"3.6667": [68.48832, -42.24559, -94.90229],
						"3.8333": [45.98832, -42.24559, -94.90229],
						"7.7083": [45.98832, -42.24559, -94.90229],
						"8.5": [45.98832, -42.24559, -94.90229],
						"8.6667": [68.48832, -42.24559, -94.90229],
						"8.8333": [86.14741, -32.85423, -99.24942],
						"9.25": [86.14741, -32.85423, -99.24942],
						"9.4583": [95.37943, -41.13599, -159.06515],
						"9.625": {
							"pre": [89.10254, -32.75199, -137.40201],
							"post": [89.10254, -32.75199, -137.40201],
							"lerp_mode": "catmullrom"
						},
						"9.75": [96.96, -29.14, -146.86]
					},
					"position": {
						"0.125": [7.67, -11.37, -15.02],
						"0.25": {
							"pre": [11.67, -11.37, -17.02],
							"post": [11.67, -11.37, -17.02],
							"lerp_mode": "catmullrom"
						},
						"0.375": [7.67, -10.12, -14.77],
						"1.1667": [7.67, -10.12, -14.77],
						"1.2917": {
							"pre": [9.1075, -10.12, -15.27],
							"post": [9.1075, -10.12, -15.27],
							"lerp_mode": "catmullrom"
						},
						"1.4167": [7.67, -10.12, -15.77],
						"1.7917": [7.67, -10.12, -15.77],
						"1.9583": {
							"pre": [10.29, -11.87, -11.39],
							"post": [10.29, -11.87, -11.39],
							"lerp_mode": "catmullrom"
						},
						"2.125": [5.92, -13.62, -8.12937],
						"2.4167": [5.92, -13.62, -8.12937],
						"3.375": [5.92, -13.62, -8.12937],
						"3.5": [6.045, -13.62, -7.13],
						"3.6667": [6.045, -13.62, -7.13],
						"3.8333": [6.045, -13.62, -7.13],
						"7.7083": [6.045, -13.62, -7.13],
						"8.5": [6.045, -13.62, -7.13],
						"8.6667": [6.045, -13.62, -7.13],
						"8.8333": [6.045, -13.62, -7.13],
						"9.125": [6.045, -13.62, -7.13],
						"9.2917": [6.045, -13.62, -7.13],
						"9.4583": {
							"pre": [9.17, -13.9325, -7.77],
							"post": [9.17, -13.9325, -7.77],
							"lerp_mode": "catmullrom"
						},
						"9.6667": {
							"post": [7.82625, -11.37, -17.02],
							"lerp_mode": "catmullrom"
						},
						"9.7917": [7.67, -11.37, -15.02]
					},
					"scale": {
						"0.125": [1, 1.5, 1],
						"2.125": [1, 1.5, 1],
						"9.7917": [1, 1.5, 1]
					}
				},
				"righthand": {
					"rotation": {
						"0.0": [96.07, 8.95, -179.05],
						"3.6667": [96.07, 8.95, -179.05],
						"3.7917": {
							"pre": [99.27509, 5.5579, -154.0743],
							"post": [99.27509, 5.5579, -154.0743],
							"lerp_mode": "catmullrom"
						},
						"3.9167": [120.75833, -16.72245, -126.56221],
						"4.1667": [120.76, -16.72, -126.56],
						"4.25": [130.76, -16.72, -126.56],
						"4.75": [120.75833, -16.72245, -126.56221],
						"4.875": {
							"pre": [99.27509, 5.5579, -154.0743],
							"post": [99.27509, 5.5579, -154.0743],
							"lerp_mode": "catmullrom"
						},
						"5.0": [96.07, 8.95, -179.05],
						"5.7917": [96.07, 8.95, -179.05],
						"5.9583": {
							"pre": [96.07, 8.95, -179.05],
							"post": [96.07, 8.95, -179.05],
							"lerp_mode": "catmullrom"
						},
						"6.125": {
							"post": [124.79869, 1.23189, -199.88952],
							"lerp_mode": "catmullrom"
						},
						"6.2917": {
							"post": [123.30333, 10.79968, -214.0367],
							"lerp_mode": "catmullrom"
						},
						"6.5833": [123.3, 10.8, -214.04],
						"6.6667": {
							"pre": [124.80341, 0.94764, -199.48161],
							"post": [124.80341, 0.94764, -199.48161],
							"lerp_mode": "catmullrom"
						},
						"6.75": [115.64507, -24.39561, -157.41215],
						"6.8333": [106.2868, -22.13161, -118.00842],
						"6.9167": {
							"pre": [95.93842, -21.14272, -96.35525],
							"post": [95.93842, -21.14272, -96.35525],
							"lerp_mode": "catmullrom"
						},
						"7.0417": [99.85581, -26.73265, -92.08703],
						"7.125": [98.34143, -26.9757, -88.73535],
						"7.2083": [101.70707, -8.59912, -84.92838],
						"7.3333": {
							"pre": [101.70707, -8.59912, -84.92838],
							"post": [101.70707, -8.59912, -84.92838],
							"lerp_mode": "catmullrom"
						},
						"7.4583": {
							"post": [99.27509, 5.5579, -154.0743],
							"lerp_mode": "catmullrom"
						},
						"7.7083": {
							"post": [117.90009, -13.0671, -139.1368],
							"lerp_mode": "catmullrom"
						},
						"8.0417": [130.76, -16.72, -126.56],
						"8.0833": [130.76, -16.72, -126.56],
						"8.25": [120.75833, -16.72245, -126.56221],
						"8.5417": [120.75833, -16.72245, -126.56221],
						"8.6667": {
							"pre": [99.27509, 5.5579, -154.0743],
							"post": [99.27509, 5.5579, -154.0743],
							"lerp_mode": "catmullrom"
						},
						"8.7917": [96.07, 8.95, -179.05]
					},
					"position": {
						"0.0": [-5.5, -14.3, -2.2],
						"3.7083": [-5.5, -14.3, -2.2],
						"3.8333": {
							"pre": [-8.8125, -10.425, 1.425],
							"post": [-8.8125, -10.425, 1.425],
							"lerp_mode": "catmullrom"
						},
						"4.0": [-6.00547, -9.86928, 1.01944],
						"4.125": [-6.01, -9.87, 1.02],
						"4.25": [-6.00547, -9.86928, 3.26944],
						"4.375": {
							"pre": [-6.01, -9.87, 3.27],
							"post": [-6.01, -9.87, 3.27],
							"lerp_mode": "catmullrom"
						},
						"4.5": [-6.00547, -9.86928, 3.26944],
						"4.625": [-6.00547, -9.86928, 3.26944],
						"4.7083": {
							"pre": [-7.13025, -12.02333, 6.59702],
							"post": [-7.13025, -12.02333, 6.59702],
							"lerp_mode": "catmullrom"
						},
						"4.8333": {
							"post": [-6.84013, -14.91215, 1.8858],
							"lerp_mode": "catmullrom"
						},
						"4.9583": [-5.5, -14.3, -2.2],
						"5.75": [-5.5, -14.3, -2.2],
						"5.9167": {
							"pre": [-5.375, -15.7375, -2.6375],
							"post": [-5.375, -15.7375, -2.6375],
							"lerp_mode": "catmullrom"
						},
						"6.0833": {
							"post": [-4.7475, -18.51107, -3.02389],
							"lerp_mode": "catmullrom"
						},
						"6.25": {
							"post": [-5.42119, -17.75663, -3.22253],
							"lerp_mode": "catmullrom"
						},
						"6.4167": {
							"post": [-5.42119, -17.75663, -3.22253],
							"lerp_mode": "catmullrom"
						},
						"6.5833": [-6.28199, -15.19338, -3.84655],
						"6.6667": {
							"pre": [-6.77102, -13.84043, -3.99726],
							"post": [-6.77102, -13.84043, -3.99726],
							"lerp_mode": "catmullrom"
						},
						"6.75": [-7.69891, -13.0114, -4.41771],
						"6.7917": [-8.23224, -12.58402, -4.59324],
						"6.875": [-7.72466, -11.91225, -4.97124],
						"7.0": [-7.8192, -11.12196, -4.15808],
						"7.125": [-7.8192, -11.12196, -4.15808],
						"7.2083": [-8.03018, -10.90387, -6.9617],
						"7.3333": {
							"pre": [-8.03018, -10.90387, -6.9617],
							"post": [-8.03018, -10.90387, -6.9617],
							"lerp_mode": "catmullrom"
						},
						"7.4583": {
							"post": [-8.8125, -10.425, 1.425],
							"lerp_mode": "catmullrom"
						},
						"7.5833": {
							"post": [-6.5625, -10.425, 5.425],
							"lerp_mode": "catmullrom"
						},
						"8.0417": [-6.00547, -9.86928, 5.26944],
						"8.0833": [-6.01, -9.87, 1.02],
						"8.25": [-6.00547, -9.86928, 1.01944],
						"8.4167": [-6.00547, -9.86928, 3.26944],
						"8.5": {
							"pre": [-7.13025, -12.02333, 6.59702],
							"post": [-7.13025, -12.02333, 6.59702],
							"lerp_mode": "catmullrom"
						},
						"8.625": {
							"post": [-6.84013, -14.91215, 1.8858],
							"lerp_mode": "catmullrom"
						},
						"8.75": [-5.5, -14.3, -2.2]
					},
					"scale": [1, 1.5, 1]
				},
				"root": {
					"rotation": {
						"0.0": [0, 0, 0],
						"0.125": {
							"pre": [0, 0, 1.9375],
							"post": [0, 0, 1.9375],
							"lerp_mode": "catmullrom"
						},
						"0.375": {
							"post": [-19.1875, 16, 42.9375],
							"lerp_mode": "catmullrom"
						},
						"0.625": {
							"post": [-19.75, 14.375, 43.8125],
							"lerp_mode": "catmullrom"
						},
						"0.9167": {
							"post": [-19.88, 14.18188, 43.62875],
							"lerp_mode": "catmullrom"
						},
						"1.2083": [-19.88, 14.26, 44.03],
						"1.375": [-18.60681, 15.90894, 58.82528],
						"1.6667": [-19.26286, 15.09758, 59.65253],
						"1.875": {
							"pre": [-19.26, 15.1, 38.15],
							"post": [-19.26, 15.1, 38.15],
							"lerp_mode": "catmullrom"
						},
						"2.125": {
							"post": [-23.12459, -13.15919, -27.97262],
							"lerp_mode": "catmullrom"
						},
						"2.3333": {
							"post": [-23.12, -13.16, -27.72],
							"lerp_mode": "catmullrom"
						},
						"2.4167": {
							"post": [-24.08264, -14.45268, -32.73181],
							"lerp_mode": "catmullrom"
						},
						"2.5417": [-23.12, -13.16, -28.595],
						"2.875": {
							"pre": [-23.12, -13.16, -29.03],
							"post": [-23.12, -13.16, -29.03],
							"lerp_mode": "catmullrom"
						},
						"3.2917": [-23.12, -13.16, -29.5325],
						"3.4167": {
							"pre": [-23.12, -13.16, -27.72],
							"post": [-23.12, -13.16, -27.72],
							"lerp_mode": "catmullrom"
						},
						"3.5417": {
							"post": [-23.12459, -4.90919, -6.22262],
							"lerp_mode": "catmullrom"
						},
						"3.75": {
							"post": [-19.26, 15.1, 38.15],
							"lerp_mode": "catmullrom"
						},
						"4.0": {
							"post": [-12.01286, 15.09758, 69.40253],
							"lerp_mode": "catmullrom"
						},
						"4.125": {
							"post": [-11.35681, 15.90894, 69.16903],
							"lerp_mode": "catmullrom"
						},
						"4.25": {
							"post": [-13.2448, 14.30333, 61.74214],
							"lerp_mode": "catmullrom"
						},
						"4.4583": [-12.11, 14.91, 66.17],
						"4.625": {
							"pre": [-11.35681, 15.90894, 69.16903],
							"post": [-11.35681, 15.90894, 69.16903],
							"lerp_mode": "catmullrom"
						},
						"4.7083": {
							"post": [-13.68888, 19.16454, 60.36051],
							"lerp_mode": "catmullrom"
						},
						"4.8333": {
							"post": [-11.5976, 13.5674, 67.01872],
							"lerp_mode": "catmullrom"
						},
						"5.0833": {
							"post": [-15.87424, 8.74842, 68.66052],
							"lerp_mode": "catmullrom"
						},
						"5.2083": {
							"post": [-17.88103, 6.83013, 67.65433],
							"lerp_mode": "catmullrom"
						},
						"5.3333": {
							"post": [-17.18797, 7.32332, 70.19046],
							"lerp_mode": "catmullrom"
						},
						"5.5": {
							"post": [-16.43797, 7.82332, 70.19046],
							"lerp_mode": "catmullrom"
						},
						"5.6667": {
							"post": [-16.438, 8.07332, 70.19046],
							"lerp_mode": "catmullrom"
						},
						"5.9583": {
							"post": [-12.87856, 4.34725, 56.62572],
							"lerp_mode": "catmullrom"
						},
						"6.2083": {
							"post": [-10.99932, 4.56289, 50.20027],
							"lerp_mode": "catmullrom"
						},
						"6.4583": {
							"post": [-10.94397, 3.60815, 56.04264],
							"lerp_mode": "catmullrom"
						},
						"6.7083": {
							"post": [-10.61453, 3.58481, 57.7602],
							"lerp_mode": "catmullrom"
						},
						"6.7917": {
							"post": [-10.08692, 4.34333, 63.32779],
							"lerp_mode": "catmullrom"
						},
						"6.9167": {
							"post": [-9.96529, 4.21802, 63.58678],
							"lerp_mode": "catmullrom"
						},
						"7.0": {
							"post": [-9.68537, 4.83026, 67.15826],
							"lerp_mode": "catmullrom"
						},
						"7.125": {
							"post": [-10.20098, 3.60506, 60.13281],
							"lerp_mode": "catmullrom"
						},
						"7.2083": {
							"post": [-14.5462, 5.95352, 59.88777],
							"lerp_mode": "catmullrom"
						},
						"7.3333": [-14.84119, 9.83082, 68.73153],
						"7.4167": [-13.16931, 9.83082, 68.73153],
						"7.5833": {
							"pre": [-12.99522, 10.22523, 70.43759],
							"post": [-12.99522, 10.22523, 70.43759],
							"lerp_mode": "catmullrom"
						},
						"7.7917": {
							"post": [-13.35233, 9.37366, 66.78535],
							"lerp_mode": "catmullrom"
						},
						"8.0417": {
							"post": [-12.8981, 9.23049, 69.62103],
							"lerp_mode": "catmullrom"
						},
						"8.125": {
							"post": [-13.14566, 13.93357, 61.82923],
							"lerp_mode": "catmullrom"
						},
						"8.2083": {
							"post": [-12.61408, 8.98996, 70.96388],
							"lerp_mode": "catmullrom"
						},
						"8.375": [-13.16931, 9.83082, 68.73153],
						"8.5833": {
							"pre": [-19.26, 15.1, 38.15],
							"post": [-19.26, 15.1, 38.15],
							"lerp_mode": "catmullrom"
						},
						"8.8333": {
							"post": [-23.12459, -13.15919, -27.97262],
							"lerp_mode": "catmullrom"
						},
						"9.0833": [-23.12, -13.16, -32.97],
						"9.1667": [-13.22327, -7.89018, -28.45056],
						"9.25": {
							"pre": [-14.12, -13.16, -27.56375],
							"post": [-14.12, -13.16, -27.56375],
							"lerp_mode": "catmullrom"
						},
						"9.375": {
							"post": [-14.12, -13.16, -27.56375],
							"lerp_mode": "catmullrom"
						},
						"9.5": {
							"post": [-12.31209, -12.90919, -15.47262],
							"lerp_mode": "catmullrom"
						},
						"9.6667": {
							"post": [3.6775, 1.475, 2.0875],
							"lerp_mode": "catmullrom"
						},
						"9.8333": {
							"post": [0.26563, -0.25, -3.6875],
							"lerp_mode": "catmullrom"
						},
						"10.0": {
							"post": [0, 0, 0],
							"lerp_mode": "catmullrom"
						},
						"10.1667": [0, 0, 0]
					},
					"position": {
						"0.0": [0, 0, 0],
						"0.1667": {
							"pre": [-0.0625, -0.4375, -0.625],
							"post": [-0.0625, -0.4375, -0.625],
							"lerp_mode": "catmullrom"
						},
						"0.3333": {
							"post": [-0.0625, 0.5625, -0.6875],
							"lerp_mode": "catmullrom"
						},
						"0.5417": {
							"post": [-0.0625, 0.5, 0.4375],
							"lerp_mode": "catmullrom"
						},
						"0.7917": {
							"post": [-0.06, 0.6275, 0.56],
							"lerp_mode": "catmullrom"
						},
						"0.9583": [-0.06, 0.6275, 0.56],
						"1.125": [-0.06, 0.63, 0.56],
						"1.2917": {
							"pre": [-0.06, 0.38, 0.56],
							"post": [-0.06, 0.38, 0.56],
							"lerp_mode": "catmullrom"
						},
						"1.4583": {
							"post": [-0.06, 1.13, 0.56],
							"lerp_mode": "catmullrom"
						},
						"1.7083": {
							"post": [-0.06, 0.88, 0.56],
							"lerp_mode": "catmullrom"
						},
						"1.9167": {
							"post": [-0.06, -1.12, 0.56],
							"lerp_mode": "catmullrom"
						},
						"2.125": {
							"post": [-0.06, 0.63, 0.56],
							"lerp_mode": "catmullrom"
						},
						"2.2917": [-0.06, 0.88, 0.56],
						"2.375": {
							"pre": [0.1275, 0.1075, 0.56],
							"post": [0.1275, 0.1075, 0.56],
							"lerp_mode": "catmullrom"
						},
						"2.5": {
							"post": [-0.06, 0.6925, 0.56],
							"lerp_mode": "catmullrom"
						},
						"2.75": {
							"post": [-0.06, 0.63, 0.56],
							"lerp_mode": "catmullrom"
						},
						"3.0417": {
							"post": [-0.06, 0.5675, 0.56],
							"lerp_mode": "catmullrom"
						},
						"3.2917": {
							"post": [-0.06, 0.63, 0.56],
							"lerp_mode": "catmullrom"
						},
						"3.4167": {
							"post": [-0.06, 0.63, 0.56],
							"lerp_mode": "catmullrom"
						},
						"3.5417": {
							"post": [-0.06, 0.63, 0.56],
							"lerp_mode": "catmullrom"
						},
						"3.7083": {
							"post": [-0.06, -1.12, -0.94],
							"lerp_mode": "catmullrom"
						},
						"3.9167": {
							"post": [-0.06, 1.63, 0.06],
							"lerp_mode": "catmullrom"
						},
						"4.0833": {
							"post": [-0.06, 1.88, 0.06],
							"lerp_mode": "catmullrom"
						},
						"4.2083": {
							"post": [-0.06, 1.3475, 0.55],
							"lerp_mode": "catmullrom"
						},
						"4.3333": {
							"post": [-0.06, 1.80188, 0.06],
							"lerp_mode": "catmullrom"
						},
						"4.5": [-0.06, 1.63, 0.31],
						"4.6667": [-0.06, 1.63, 0.31],
						"4.75": {
							"pre": [-0.06, 2.13, -0.065],
							"post": [-0.06, 2.13, -0.065],
							"lerp_mode": "catmullrom"
						},
						"4.9167": {
							"post": [-0.06, -0.19813, 0.435],
							"lerp_mode": "catmullrom"
						},
						"5.0833": {
							"post": [-0.06, -1.2, 0.44],
							"lerp_mode": "catmullrom"
						},
						"5.25": {
							"post": [-0.06, -0.575, 0.44],
							"lerp_mode": "catmullrom"
						},
						"5.375": {
							"post": [-0.06, -0.29375, 0.44],
							"lerp_mode": "catmullrom"
						},
						"5.5833": {
							"post": [-0.06, -0.29375, 0.44],
							"lerp_mode": "catmullrom"
						},
						"5.75": {
							"post": [0.1275, -0.2, 0.44],
							"lerp_mode": "catmullrom"
						},
						"5.9167": {
							"post": [0.6275, -0.825, 0.44],
							"lerp_mode": "catmullrom"
						},
						"6.0833": {
							"post": [0.69, -0.07, 0.44],
							"lerp_mode": "catmullrom"
						},
						"6.25": {
							"post": [0.6275, -0.2575, 0.44],
							"lerp_mode": "catmullrom"
						},
						"6.5": {
							"post": [0.2525, -0.12125, 0.44],
							"lerp_mode": "catmullrom"
						},
						"6.875": {
							"post": [-0.06, -0.34312, 0.43],
							"lerp_mode": "catmullrom"
						},
						"6.9583": {
							"post": [-0.06, -0.52187, 0.27375],
							"lerp_mode": "catmullrom"
						},
						"7.125": {
							"post": [-0.06, -0.21812, 0.43],
							"lerp_mode": "catmullrom"
						},
						"7.1667": {
							"post": [0.315, -0.5075, -1.3725],
							"lerp_mode": "catmullrom"
						},
						"7.25": [-0.06, -0.5075, -0.8725],
						"7.4167": {
							"pre": [-0.06, -0.27, 0.6],
							"post": [-0.06, -0.27, 0.6],
							"lerp_mode": "catmullrom"
						},
						"7.7083": {
							"post": [-0.06, -1.12, 0.56],
							"lerp_mode": "catmullrom"
						},
						"7.9167": {
							"post": [-0.06, 0.63, 0.56],
							"lerp_mode": "catmullrom"
						},
						"8.0833": [-0.06, 0.88, 0.56],
						"8.1667": {
							"pre": [0.1275, 0.1075, 0.56],
							"post": [0.1275, 0.1075, 0.56],
							"lerp_mode": "catmullrom"
						},
						"8.3333": {
							"post": [-0.06, 0.63, 0.56],
							"lerp_mode": "catmullrom"
						},
						"8.4583": {
							"post": [-0.06, 0.63, 0.56],
							"lerp_mode": "catmullrom"
						},
						"8.625": {
							"post": [-0.06, -1.12, -0.94],
							"lerp_mode": "catmullrom"
						},
						"8.8333": {
							"post": [-0.06, 1.63, 0.56],
							"lerp_mode": "catmullrom"
						},
						"9.125": [-0.06, 1.88, 0.56],
						"9.2083": [-0.06, 1.285, 0.7375],
						"9.3333": {
							"pre": [-0.06, 1.38, 0.31],
							"post": [-0.06, 1.38, 0.31],
							"lerp_mode": "catmullrom"
						},
						"9.5": {
							"post": [-0.06, -0.38563, 0.185],
							"lerp_mode": "catmullrom"
						},
						"9.6667": {
							"post": [-0.0625, -0.75, -0.625],
							"lerp_mode": "catmullrom"
						},
						"9.8333": {
							"post": [-0.0625, -0.03125, -0.875],
							"lerp_mode": "catmullrom"
						},
						"9.9583": {
							"post": [0, 0, 0],
							"lerp_mode": "catmullrom"
						},
						"10.125": {
							"post": [0, 0, 0],
							"lerp_mode": "catmullrom"
						},
						"10.25": [0, 0, 0]
					}
				},
				"mag_and_lefthand": {
					"rotation": {
						"2.2917": [0, 0, 0],
						"2.4167": {
							"pre": [-28.5, 0, -10.25],
							"post": [-28.5, 0, -10.25],
							"lerp_mode": "catmullrom"
						},
						"2.5833": {
							"post": [-19.03125, 0, 11.75],
							"lerp_mode": "catmullrom"
						},
						"2.75": {
							"post": [-22.5, 1.35938, 11.75],
							"lerp_mode": "catmullrom"
						},
						"2.9583": {
							"post": [-22.48437, -0.25, 11.75],
							"lerp_mode": "catmullrom"
						},
						"3.125": {
							"post": [-23.31, 0, 14.75],
							"lerp_mode": "catmullrom"
						},
						"3.2917": {
							"post": [-23.96875, 0, 12.25],
							"lerp_mode": "catmullrom"
						},
						"3.5": {
							"post": [-4.5, 0, 6],
							"lerp_mode": "catmullrom"
						},
						"3.6667": {
							"post": [0, 0, 16.5],
							"lerp_mode": "catmullrom"
						},
						"8.5417": {
							"post": [0, 0, 16.5],
							"lerp_mode": "catmullrom"
						},
						"8.7917": [-11.9712, -2.01145, -0.84871],
						"9.0": [-32.20177, -0.53648, -1.4008],
						"9.0833": [-33.75, 0, 0],
						"9.125": [0, 0, 0]
					},
					"position": {
						"2.2917": [0, 0, 0],
						"2.4167": {
							"pre": [-0.005, -4.34, -3.755],
							"post": [-0.005, -4.34, -3.755],
							"lerp_mode": "catmullrom"
						},
						"2.625": {
							"post": [3.3075, -2.59, 1.40125],
							"lerp_mode": "catmullrom"
						},
						"2.8333": {
							"post": [3.5, -2.59, 1.40375],
							"lerp_mode": "catmullrom"
						},
						"3.3333": {
							"post": [3.3075, -2.59, 1.40125],
							"lerp_mode": "catmullrom"
						},
						"3.4583": {
							"post": [0.995, -4.7775, -1.505],
							"lerp_mode": "catmullrom"
						},
						"3.5833": {
							"post": [1.1875, 0.25, -0.3125],
							"lerp_mode": "catmullrom"
						},
						"3.7083": {
							"post": [0.88, 1.5625, 0],
							"lerp_mode": "catmullrom"
						},
						"8.5": {
							"post": [0.88, 1.5625, 0],
							"lerp_mode": "catmullrom"
						},
						"8.625": {
							"post": [1.965, -1.78, -1.13],
							"lerp_mode": "catmullrom"
						},
						"8.7917": [0.3275, -3.5375, -2.2475],
						"8.9167": [0, -1.51187, -3.11437],
						"9.0833": [0, -1.60437, -3.11437],
						"9.125": [0, 0, 0]
					}
				},
				"m4a1_pull": {
					"position": {
						"0.0": [0, 0, 0],
						"4.125": [0, 0, 0],
						"4.25": [0, 0, 3],
						"4.375": {
							"pre": [0, 0, 3],
							"post": [0, 0, 3],
							"lerp_mode": "catmullrom"
						},
						"4.5": [0, 0, 3],
						"4.5833": [0, 0, 3],
						"4.6667": [0, 0, 4.5],
						"8.0417": [0, 0, 4.5],
						"8.125": [0, 0, 0]
					}
				},
				"bullet_in_barrel": {
					"rotation": {
						"4.7083": [0, 0, 0],
						"4.8333": {
							"pre": [0, 126.5, 0],
							"post": [0, 126.5, 0],
							"lerp_mode": "catmullrom"
						},
						"5.0833": [0, 450, 26.5],
						"5.2083": [0, 450, 19.5],
						"5.4167": [0, 450, 29.0768],
						"5.6667": [0, 450, 23],
						"5.7917": {
							"pre": [4.23, 459.02, 23.02],
							"post": [4.23, 459.02, 23.02],
							"lerp_mode": "catmullrom"
						},
						"5.9167": {
							"post": [13.62, 479.07, 23.07],
							"lerp_mode": "catmullrom"
						},
						"6.0417": {
							"post": [46.5, 549.25, 23.25],
							"lerp_mode": "catmullrom"
						},
						"6.25": [-25.7574, 734.31831, 29.48106],
						"6.5833": [-25.7574, 734.31831, 29.48106],
						"6.9167": [-6.87693, 718.04619, -57.23658],
						"7.125": [-6.87693, 718.04619, -57.23658],
						"7.1667": [0, 0, 0]
					},
					"position": {
						"4.7083": [0, 0, 0],
						"4.875": {
							"pre": [-6.67879, 1.78608, -2.21439],
							"post": [-6.67879, 1.78608, -2.21439],
							"lerp_mode": "catmullrom"
						},
						"5.0833": [-2.16104, -0.3976, -0.5484],
						"5.2083": [-2.18077, -0.45869, -0.54447],
						"5.4167": [-2.15719, -0.40245, -0.54698],
						"5.6667": [-2.18077, -0.45869, -0.54447],
						"5.7917": {
							"pre": [-2.12, -0.56, -0.46],
							"post": [-2.12, -0.56, -0.46],
							"lerp_mode": "catmullrom"
						},
						"5.9167": {
							"post": [-1.99, -0.78, -0.27],
							"lerp_mode": "catmullrom"
						},
						"6.0417": [-1.82248, -1.96434, 0.46719],
						"6.125": {
							"pre": [-1.14939, -4.2853, 1.24094],
							"post": [-1.14939, -4.2853, 1.24094],
							"lerp_mode": "catmullrom"
						},
						"6.25": [-0.97515, -6.63928, 2.36419],
						"6.4167": [-1.41265, -6.13928, 2.36419],
						"6.5833": [-2.13195, -4.14589, 1.87766],
						"6.75": [-1.89195, -0.52714, 0.76766],
						"6.875": [-0.325, -0.26, -0.6875],
						"7.0": [0, 0, 0],
						"7.125": [0, 0, 0],
						"7.1667": {
							"pre": [0, 0, -3],
							"post": [0, 0, -3],
							"lerp_mode": "catmullrom"
						},
						"7.375": {
							"post": [0, 0, -3],
							"lerp_mode": "catmullrom"
						},
						"7.7083": [0, 0, -0.75],
						"8.0833": [0, 0, -0.75],
						"8.125": [0, 0, 0]
					}
				},
				"cap2": {
					"rotation": {
						"0.125": [0, 0, 0],
						"0.2083": [0, 0, 40],
						"0.2917": [0, 0, 0],
						"0.375": [0, 0, 18.75],
						"0.4583": [0, 0, 0],
						"0.5417": [0, 0, 2],
						"0.625": [0, 0, 0],
						"1.2917": [0, 0, 0],
						"1.375": [0, 0, 12],
						"1.4583": [0, 0, 0],
						"4.25": [0, 0, 0],
						"4.3333": [0, 0, 18.75],
						"4.4167": [0, 0, 0],
						"4.5": [0, 0, 5],
						"4.5833": [0, 0, 0],
						"4.75": [0, 0, 0],
						"4.8333": [0, 0, 35],
						"4.9167": [0, 0, 0],
						"5.0": [0, 0, 15.75],
						"5.0833": [0, 0, 0],
						"8.0": [0, 0, 0],
						"8.0833": [0, 0, 35],
						"8.1667": [0, 0, 0],
						"8.25": [0, 0, 15.75],
						"8.3333": [0, 0, 0],
						"9.0417": [0, 0, 0],
						"9.125": [0, 0, 26],
						"9.2083": [0, 0, 0],
						"9.2917": [0, 0, 9.75],
						"9.375": [0, 0, 0],
						"9.4583": [0, 0, 2],
						"9.5417": [0, 0, 0]
					}
				},
				"camera": {
					"rotation": {
						"0.0": {
							"post": [0, 0, 0],
							"lerp_mode": "catmullrom"
						},
						"0.25": {
							"post": [2.5, 0, -0.625],
							"lerp_mode": "catmullrom"
						},
						"0.5": {
							"post": [-5.25, 0, 0.8125],
							"lerp_mode": "catmullrom"
						},
						"0.9583": {
							"post": [-4.25, 0, 0],
							"lerp_mode": "catmullrom"
						},
						"1.5833": {
							"post": [15.56875, 0, 0],
							"lerp_mode": "catmullrom"
						},
						"1.9583": {
							"post": [1.48, 0, -0.8125],
							"lerp_mode": "catmullrom"
						},
						"2.3333": {
							"post": [0.23, 0, 0.5],
							"lerp_mode": "catmullrom"
						},
						"2.4167": {
							"post": [-1.895, 0, -1.4375],
							"lerp_mode": "catmullrom"
						},
						"2.6667": {
							"post": [-0.0825, -5.5, -0.0625],
							"lerp_mode": "catmullrom"
						},
						"2.9167": {
							"post": [0.36, -6.5, 0],
							"lerp_mode": "catmullrom"
						},
						"3.125": {
							"post": [0.4, -5.5, 0],
							"lerp_mode": "catmullrom"
						},
						"3.4167": {
							"post": [1.7, -5.21875, 0.4375],
							"lerp_mode": "catmullrom"
						},
						"3.625": {
							"post": [-0.6, 0, -0.125],
							"lerp_mode": "catmullrom"
						},
						"3.8333": {
							"post": [-1.1, 0, 0],
							"lerp_mode": "catmullrom"
						},
						"4.125": {
							"post": [-0.97, 0, 0],
							"lerp_mode": "catmullrom"
						},
						"4.2083": {
							"post": [0.135, 0, 0.8125],
							"lerp_mode": "catmullrom"
						},
						"4.2917": {
							"post": [-0.22, 0, -0.3125],
							"lerp_mode": "catmullrom"
						},
						"4.4583": {
							"post": [-0.39, 0, 0],
							"lerp_mode": "catmullrom"
						},
						"4.625": {
							"post": [-0.39, 0, 0],
							"lerp_mode": "catmullrom"
						},
						"4.7083": {
							"post": [-1.375, -0.0625, -1.3125],
							"lerp_mode": "catmullrom"
						},
						"4.8333": {
							"post": [0.4225, 0.5, 0.35938],
							"lerp_mode": "catmullrom"
						},
						"5.0": {
							"post": [2.0175, 0, 0],
							"lerp_mode": "catmullrom"
						},
						"5.25": {
							"post": [12.4375, 0, 0],
							"lerp_mode": "catmullrom"
						},
						"5.625": {
							"post": [13.8125, 0, 0],
							"lerp_mode": "catmullrom"
						},
						"5.9583": {
							"post": [13.375, 4.4375, 1.6875],
							"lerp_mode": "catmullrom"
						},
						"6.375": {
							"post": [14.375, 5.75, 0],
							"lerp_mode": "catmullrom"
						},
						"6.6667": {
							"post": [2.0625, 4.5, 0],
							"lerp_mode": "catmullrom"
						},
						"6.9167": {
							"post": [0, -1, 0],
							"lerp_mode": "catmullrom"
						},
						"7.125": {
							"post": [0, 0, 0],
							"lerp_mode": "catmullrom"
						},
						"7.2083": {
							"post": [-0.75, -0.5625, -1.3125],
							"lerp_mode": "catmullrom"
						},
						"7.3333": {
							"post": [0.6875, 0, 0.35938],
							"lerp_mode": "catmullrom"
						},
						"7.5": {
							"post": [1, 0, 0],
							"lerp_mode": "catmullrom"
						},
						"7.625": {
							"post": [1.1875, 0, 0],
							"lerp_mode": "catmullrom"
						},
						"7.7917": {
							"post": [2.875, 0, 0.625],
							"lerp_mode": "catmullrom"
						},
						"8.0": {
							"post": [1.1875, 0, 0],
							"lerp_mode": "catmullrom"
						},
						"8.0833": {
							"post": [1.125, 0.75, 0.5],
							"lerp_mode": "catmullrom"
						},
						"8.2083": {
							"post": [2, 0, 0],
							"lerp_mode": "catmullrom"
						},
						"8.4583": {
							"post": [-1.125, 0, 0.5],
							"lerp_mode": "catmullrom"
						},
						"8.6667": {
							"post": [0, 0, -0.25],
							"lerp_mode": "catmullrom"
						},
						"8.875": {
							"post": [0.09, 0.03, -0.36],
							"lerp_mode": "catmullrom"
						},
						"9.0833": {
							"post": [0.13, 0, 0],
							"lerp_mode": "catmullrom"
						},
						"9.125": {
							"post": [0.82, -0.5, 0.75],
							"lerp_mode": "catmullrom"
						},
						"9.25": {
							"post": [0.57, 0, -0.25],
							"lerp_mode": "catmullrom"
						},
						"9.4167": {
							"post": [1.48, 0, 0],
							"lerp_mode": "catmullrom"
						},
						"9.5833": {
							"post": [0.0425, 0, 0],
							"lerp_mode": "catmullrom"
						},
						"9.7917": {
							"post": [0.245, 0, 0.125],
							"lerp_mode": "catmullrom"
						},
						"9.9167": {
							"post": [-0.3975, 0, -0.25],
							"lerp_mode": "catmullrom"
						},
						"10.0": {
							"post": [0.0225, 0, 0.0475],
							"lerp_mode": "catmullrom"
						},
						"10.125": {
							"post": [0.025, 0, 0],
							"lerp_mode": "catmullrom"
						},
						"10.2917": [0, 0, 0]
					}
				},
				"additional_magazine": {
					"scale": 0
				},
				"bone3": {
					"rotation": {
						"2.2917": [0, 0, 0],
						"2.3333": [-20, 0, 0],
						"2.4167": [0, 0, 0]
					}
				},
				"bullet": {
					"scale": 0
				}
			},
			"sound_effects": {
				"0.0": {
					"effect": "tacz:ak47/ak47_inspect_turn"
				},
				"1.0417": {
					"effect": "tacz:ak47/ak47_reload_mvt2"
				},
				"2.25": {
					"effect": "tacz:ak47/ak47_inspect_magout"
				},
				"3.0417": {
					"effect": "tacz:ak47/ak47_inspect_magbump"
				},
				"4.0833": {
					"effect": "tacz:ak47/ak47_inspect_pull"
				},
				"4.5833": {
					"effect": "tacz:ai_awp/awp_rechember_ejectclick"
				},
				"5.2917": {
					"effect": "tacz:ak47/ak47_inspect_over"
				},
				"5.875": {
					"effect": "tacz:ak47/ak47_inspect_mvt"
				},
				"6.6667": {
					"effect": "tacz:ak47/ak47_reload_empty_up"
				},
				"7.0417": {
					"effect": "tacz:ak47/ak47_reload_empty_shoulder"
				},
				"7.0833": {
					"effect": "tacz:ak47/ak47_reload_empty_up"
				},
				"7.8333": {
					"effect": "tacz:ak47/ak47_inspect_release"
				},
				"8.3333": {
					"effect": "tacz:ak47/ak47_inspect_turn"
				},
				"9.0417": {
					"effect": "tacz:ak47/ak47_inspect_magin"
				},
				"9.4167": {
					"effect": "tacz:ak47/ak47_inspect_over"
				}
			}
		},
		"inspect_empty": {
			"loop": true,
			"animation_length": 9.4167,
			"bones": {
				"lefthand": {
					"rotation": {
						"0.0": [96.96, -29.14, -146.86],
						"0.1042": [96.96, -29.14, -146.86],
						"0.2604": {
							"pre": [100.63697, -27.44509, -175.25482],
							"post": [100.63697, -27.44509, -175.25482],
							"lerp_mode": "catmullrom"
						},
						"0.3646": [74.46, -29.14, -146.86],
						"1.1458": [74.46, -29.14, -146.86],
						"1.3021": {
							"pre": [73.14043, -28.44238, -144.12058],
							"post": [73.14043, -28.44238, -144.12058],
							"lerp_mode": "catmullrom"
						},
						"1.4063": [74.46, -29.14, -146.86],
						"1.7708": [74.46, -29.14, -146.86],
						"1.9792": {
							"pre": [66.142, -14.42965, -77.65191],
							"post": [66.142, -14.42965, -77.65191],
							"lerp_mode": "catmullrom"
						},
						"2.1875": [85.99261, -42.24736, -94.90162],
						"2.3958": [85.98832, -42.24559, -94.90229],
						"3.3333": [85.98832, -42.24559, -94.90229],
						"3.5938": {
							"pre": [108.48832, -42.24559, -94.90229],
							"post": [108.48832, -42.24559, -94.90229],
							"lerp_mode": "catmullrom"
						},
						"3.8542": [85.98832, -42.24559, -94.90229],
						"5.1042": [85.98832, -42.24559, -94.90229],
						"5.4167": [68.48832, -42.24559, -94.90229],
						"5.5729": [45.98832, -42.24559, -94.90229],
						"7.6042": [45.98832, -42.24559, -94.90229],
						"7.7604": [68.48832, -42.24559, -94.90229],
						"7.9167": [86.14741, -32.85423, -99.24942],
						"8.3333": [86.14741, -32.85423, -99.24942],
						"8.5417": [95.37943, -41.13599, -159.06515],
						"8.6979": {
							"pre": [89.10254, -32.75199, -137.40201],
							"post": [89.10254, -32.75199, -137.40201],
							"lerp_mode": "catmullrom"
						},
						"8.8542": [96.96, -29.14, -146.86]
					},
					"position": {
						"0.0": [7.67, -11.37, -15.02],
						"0.1042": [7.67, -11.37, -15.02],
						"0.2604": {
							"pre": [11.67, -11.37, -17.02],
							"post": [11.67, -11.37, -17.02],
							"lerp_mode": "catmullrom"
						},
						"0.3646": [7.67, -10.12, -14.77],
						"1.1458": [7.67, -10.12, -14.77],
						"1.3021": {
							"pre": [9.1075, -10.12, -15.27],
							"post": [9.1075, -10.12, -15.27],
							"lerp_mode": "catmullrom"
						},
						"1.4063": [7.67, -10.12, -15.77],
						"1.7708": [7.67, -10.12, -15.77],
						"1.9792": {
							"pre": [10.29, -11.87, -11.39],
							"post": [10.29, -11.87, -11.39],
							"lerp_mode": "catmullrom"
						},
						"2.1354": [5.92, -13.62, -8.12937],
						"2.3958": [5.92, -13.62, -8.12937],
						"3.3333": [5.92, -13.62, -8.12937],
						"3.5938": {
							"pre": [9.17, -13.62, -8.12937],
							"post": [9.17, -13.62, -8.12937],
							"lerp_mode": "catmullrom"
						},
						"3.8542": [7.90438, -13.62, -8.12937],
						"5.1042": [7.90438, -13.62, -8.12937],
						"5.2083": [8.02938, -13.62, -7.13],
						"5.4167": [6.045, -13.62, -7.13],
						"5.5729": [6.045, -13.62, -7.13],
						"7.6042": [6.045, -13.62, -7.13],
						"7.7604": [6.045, -13.62, -7.13],
						"7.9167": [6.045, -13.62, -7.13],
						"8.2292": [6.045, -13.62, -7.13],
						"8.3854": [6.045, -13.62, -7.13],
						"8.5417": {
							"pre": [9.17, -13.9325, -7.77],
							"post": [9.17, -13.9325, -7.77],
							"lerp_mode": "catmullrom"
						},
						"8.75": {
							"post": [7.82625, -11.37, -17.02],
							"lerp_mode": "catmullrom"
						},
						"8.9063": [7.67, -11.37, -15.02]
					},
					"scale": {
						"0.0": [1, 1.5, 1],
						"0.1042": [1, 1.5, 1],
						"2.1354": [1, 1.5, 1],
						"8.9063": [1, 1.5, 1]
					}
				},
				"righthand": {
					"rotation": {
						"0.0": [96.07, 8.95, -179.05],
						"5.3646": [96.07, 8.95, -179.05],
						"5.4688": {
							"pre": [99.27509, 5.5579, -154.0743],
							"post": [99.27509, 5.5579, -154.0743],
							"lerp_mode": "catmullrom"
						},
						"5.625": [99.66458, -16.72245, -126.56221],
						"5.8333": [99.66625, -16.72, -126.56],
						"5.8854": [120.33813, -16.72, -126.56],
						"6.0417": [113.83813, -16.72, -126.56],
						"6.1458": [113.83813, -16.72, -126.56],
						"6.25": [99.66625, -16.72, -126.56],
						"6.3021": [120.33813, -16.72, -126.56],
						"6.4583": [115.77563, -16.72, -126.56],
						"6.5625": [115.77563, -16.72, -126.56],
						"6.7188": [99.66625, -16.72, -126.56],
						"6.7708": [120.33813, -16.72, -126.56],
						"7.1354": [107.25833, -16.72245, -126.56221],
						"7.1875": [107.25833, -16.72245, -126.56221],
						"7.3438": [107.25833, -16.72245, -126.56221],
						"7.6563": [120.75833, -16.72245, -126.56221],
						"7.7604": {
							"pre": [99.27509, 5.5579, -154.0743],
							"post": [99.27509, 5.5579, -154.0743],
							"lerp_mode": "catmullrom"
						},
						"7.8646": [96.07, 8.95, -179.05]
					},
					"position": {
						"0.0": [-5.5, -14.3, -2.2],
						"5.4167": [-5.5, -14.3, -2.2],
						"5.5208": {
							"pre": [-8.8125, -10.425, 1.425],
							"post": [-8.8125, -10.425, 1.425],
							"lerp_mode": "catmullrom"
						},
						"5.6771": [-6.00547, -9.86928, 1.01944],
						"5.8333": [-6.01, -9.87, 1.02],
						"5.8854": [-6.00547, -9.86928, 5.26944],
						"6.0938": [-6.00547, -9.86928, 5.26944],
						"6.1979": [-6.01, -9.87, 1.02],
						"6.25": [-6.01, -9.87, 1.02],
						"6.3021": [-6.00547, -9.86928, 5.26944],
						"6.5104": [-6.00547, -9.86928, 5.26944],
						"6.6146": [-6.01, -9.87, 1.02],
						"6.7188": [-6.01, -9.87, 1.02],
						"6.7708": [-6.00547, -9.86928, 5.26944],
						"7.1354": [-6.00547, -9.86928, 5.26944],
						"7.1875": [-6.01, -9.87, 1.02],
						"7.3438": [-6.00547, -9.86928, 1.01944],
						"7.5": [-6.00547, -9.86928, 3.26944],
						"7.6042": {
							"pre": [-7.13025, -12.02333, 6.59702],
							"post": [-7.13025, -12.02333, 6.59702],
							"lerp_mode": "catmullrom"
						},
						"7.7083": {
							"post": [-6.84013, -14.91215, 1.8858],
							"lerp_mode": "catmullrom"
						},
						"7.8646": [-5.5, -14.3, -2.2]
					},
					"scale": [1, 1.5, 1]
				},
				"root": {
					"rotation": {
						"0.0": [0, 0, 0],
						"0.1042": {
							"pre": [0, 0, 1.9375],
							"post": [0, 0, 1.9375],
							"lerp_mode": "catmullrom"
						},
						"0.3646": {
							"post": [-19.1875, 16, 42.9375],
							"lerp_mode": "catmullrom"
						},
						"0.625": {
							"post": [-19.75, 14.375, 43.8125],
							"lerp_mode": "catmullrom"
						},
						"0.9375": {
							"post": [-19.88, 14.18188, 43.62875],
							"lerp_mode": "catmullrom"
						},
						"1.1979": [-19.88, 14.26, 44.03],
						"1.3542": [-18.60681, 15.90894, 58.82528],
						"1.6667": [-19.26286, 15.09758, 59.65253],
						"1.875": {
							"pre": [-19.26, 15.1, 38.15],
							"post": [-19.26, 15.1, 38.15],
							"lerp_mode": "catmullrom"
						},
						"2.1354": {
							"post": [-23.12459, -13.15919, -27.97262],
							"lerp_mode": "catmullrom"
						},
						"2.3438": {
							"post": [-23.12, -13.16, -27.72],
							"lerp_mode": "catmullrom"
						},
						"2.3958": {
							"post": [-24.08264, -14.45268, -32.73181],
							"lerp_mode": "catmullrom"
						},
						"2.5521": [-23.12, -13.16, -28.595],
						"2.8125": {
							"pre": [-23.12, -13.16, -29.03],
							"post": [-23.12, -13.16, -29.03],
							"lerp_mode": "catmullrom"
						},
						"3.125": {
							"post": [-23.12, -13.16, -26.03],
							"lerp_mode": "catmullrom"
						},
						"3.3854": {
							"post": [-20.71375, -15.3475, -31.78],
							"lerp_mode": "catmullrom"
						},
						"3.5938": {
							"post": [-23.12, -13.39437, -20.78],
							"lerp_mode": "catmullrom"
						},
						"3.8021": {
							"post": [-23.12, -13.28, -28.43],
							"lerp_mode": "catmullrom"
						},
						"3.9063": {
							"post": [-21.79187, -9.61687, -19.61],
							"lerp_mode": "catmullrom"
						},
						"4.1146": {
							"post": [-23.12, -13.53, -27.42],
							"lerp_mode": "catmullrom"
						},
						"4.4271": {
							"post": [-23.12, -13.74, -30.23],
							"lerp_mode": "catmullrom"
						},
						"4.6354": {
							"post": [-20.245, -13.92, -28.46],
							"lerp_mode": "catmullrom"
						},
						"4.8438": {
							"post": [-23.12, -13.98, -26.5],
							"lerp_mode": "catmullrom"
						},
						"5.1563": {
							"post": [-23.12, -13.16, -27.72],
							"lerp_mode": "catmullrom"
						},
						"5.2604": {
							"post": [-23.12459, -4.90919, -6.22262],
							"lerp_mode": "catmullrom"
						},
						"5.4688": {
							"post": [-19.26, 15.1, 38.15],
							"lerp_mode": "catmullrom"
						},
						"5.7292": {
							"post": [-12.01286, 15.09758, 69.40253],
							"lerp_mode": "catmullrom"
						},
						"5.8854": {
							"post": [-11.35681, 15.90894, 69.16903],
							"lerp_mode": "catmullrom"
						},
						"5.9896": {
							"post": [-13.2448, 14.30333, 61.74214],
							"lerp_mode": "catmullrom"
						},
						"6.0938": [-12.11, 14.91, 66.17],
						"6.1979": {
							"pre": [-12.01286, 15.09758, 69.40253],
							"post": [-12.01286, 15.09758, 69.40253],
							"lerp_mode": "catmullrom"
						},
						"6.3542": {
							"post": [-11.35681, 15.90894, 69.16903],
							"lerp_mode": "catmullrom"
						},
						"6.4583": {
							"post": [-13.2448, 14.30333, 61.74214],
							"lerp_mode": "catmullrom"
						},
						"6.5625": [-12.11, 14.91, 66.17],
						"6.6667": {
							"pre": [-12.01286, 15.09758, 69.40253],
							"post": [-12.01286, 15.09758, 69.40253],
							"lerp_mode": "catmullrom"
						},
						"6.8229": {
							"post": [-11.35681, 15.90894, 69.16903],
							"lerp_mode": "catmullrom"
						},
						"6.9271": {
							"post": [-13.2448, 14.30333, 67.42964],
							"lerp_mode": "catmullrom"
						},
						"7.0833": {
							"post": [-12.8981, 17.60549, 68.90228],
							"lerp_mode": "catmullrom"
						},
						"7.1875": {
							"post": [-13.14566, 17.93357, 63.70423],
							"lerp_mode": "catmullrom"
						},
						"7.2917": {
							"post": [-12.61408, 13.56809, 68.792],
							"lerp_mode": "catmullrom"
						},
						"7.3958": {
							"post": [-12.48, 13.67, 64.86],
							"lerp_mode": "catmullrom"
						},
						"7.5": [-13.16931, 14.40894, 65.23153],
						"7.6563": {
							"pre": [-19.26, 15.1, 38.15],
							"post": [-19.26, 15.1, 38.15],
							"lerp_mode": "catmullrom"
						},
						"7.9167": {
							"post": [-23.12459, -13.15919, -27.97262],
							"lerp_mode": "catmullrom"
						},
						"8.1771": [-23.12, -13.16, -32.97],
						"8.2813": [-13.22327, -7.89018, -28.45056],
						"8.3333": {
							"pre": [-14.12, -13.16, -27.56375],
							"post": [-14.12, -13.16, -27.56375],
							"lerp_mode": "catmullrom"
						},
						"8.4896": {
							"post": [-14.12, -13.16, -27.56375],
							"lerp_mode": "catmullrom"
						},
						"8.5938": {
							"post": [-12.31209, -12.90919, -15.47262],
							"lerp_mode": "catmullrom"
						},
						"8.75": {
							"post": [3.6775, 1.475, 2.0875],
							"lerp_mode": "catmullrom"
						},
						"8.9063": {
							"post": [0.26563, -0.25, -3.6875],
							"lerp_mode": "catmullrom"
						},
						"9.1146": {
							"post": [0, 0, 0],
							"lerp_mode": "catmullrom"
						},
						"9.2708": [0, 0, 0]
					},
					"position": {
						"0.0": [0, 0, 0],
						"0.1563": {
							"pre": [-0.0625, -0.4375, -0.625],
							"post": [-0.0625, -0.4375, -0.625],
							"lerp_mode": "catmullrom"
						},
						"0.3125": {
							"post": [-0.0625, 0.5625, -0.6875],
							"lerp_mode": "catmullrom"
						},
						"0.5208": {
							"post": [-0.0625, 0.5, 0.4375],
							"lerp_mode": "catmullrom"
						},
						"0.7813": {
							"post": [-0.06, 0.6275, 0.56],
							"lerp_mode": "catmullrom"
						},
						"0.9375": [-0.06, 0.6275, 0.56],
						"1.1458": [-0.06, 0.63, 0.56],
						"1.3021": {
							"pre": [-0.06, 0.38, 0.56],
							"post": [-0.06, 0.38, 0.56],
							"lerp_mode": "catmullrom"
						},
						"1.4583": {
							"post": [-0.06, 1.13, 0.56],
							"lerp_mode": "catmullrom"
						},
						"1.7188": {
							"post": [-0.06, 0.88, 0.56],
							"lerp_mode": "catmullrom"
						},
						"1.9271": {
							"post": [-0.06, -1.12, 0.56],
							"lerp_mode": "catmullrom"
						},
						"2.1354": {
							"post": [-0.06, 0.63, 0.56],
							"lerp_mode": "catmullrom"
						},
						"2.2917": [-0.06, 0.88, 0.56],
						"2.3958": {
							"pre": [0.1275, 0.1075, 0.56],
							"post": [0.1275, 0.1075, 0.56],
							"lerp_mode": "catmullrom"
						},
						"2.5": {
							"post": [-0.06, 0.6925, 0.56],
							"lerp_mode": "catmullrom"
						},
						"2.7604": {
							"post": [-0.06, 0.63, 0.56],
							"lerp_mode": "catmullrom"
						},
						"3.1771": {
							"post": [-0.06, 0.5675, 0.56],
							"lerp_mode": "catmullrom"
						},
						"3.4375": {
							"post": [-0.06, 0.03875, 0.52875],
							"lerp_mode": "catmullrom"
						},
						"3.6458": {
							"post": [-0.06, 0.97375, 0.60688],
							"lerp_mode": "catmullrom"
						},
						"3.8542": {
							"post": [-0.06, 0.97375, 0.60688],
							"lerp_mode": "catmullrom"
						},
						"4.0625": {
							"post": [-0.06, 0.5675, 0.56],
							"lerp_mode": "catmullrom"
						},
						"4.3229": {
							"post": [-0.06, 0.8175, 0.56],
							"lerp_mode": "catmullrom"
						},
						"4.5833": {
							"post": [-0.06, 0.29375, 0.56],
							"lerp_mode": "catmullrom"
						},
						"4.7396": {
							"post": [-0.06, 0.58313, 0.56],
							"lerp_mode": "catmullrom"
						},
						"5.1563": {
							"post": [-0.06, 0.63, 0.56],
							"lerp_mode": "catmullrom"
						},
						"5.2604": {
							"post": [-0.06, 0.63, 0.56],
							"lerp_mode": "catmullrom"
						},
						"5.4688": {
							"post": [-0.06, -1.12, -0.94],
							"lerp_mode": "catmullrom"
						},
						"5.6771": {
							"post": [-0.06, 1.63, 0.06],
							"lerp_mode": "catmullrom"
						},
						"5.8333": {
							"post": [-0.06, 1.88, 0.06],
							"lerp_mode": "catmullrom"
						},
						"5.9375": {
							"post": [-0.06, 1.3475, 0.55],
							"lerp_mode": "catmullrom"
						},
						"6.0417": {
							"post": [-0.06, 1.80188, 0.06],
							"lerp_mode": "catmullrom"
						},
						"6.3021": {
							"post": [-0.06, 1.88, 0.06],
							"lerp_mode": "catmullrom"
						},
						"6.4063": {
							"post": [-0.06, 1.3475, 0.55],
							"lerp_mode": "catmullrom"
						},
						"6.5104": {
							"post": [-0.06, 1.80188, 0.06],
							"lerp_mode": "catmullrom"
						},
						"6.7708": {
							"post": [-0.06, 1.88, 0.06],
							"lerp_mode": "catmullrom"
						},
						"6.875": {
							"post": [-0.06, 1.3475, 0.55],
							"lerp_mode": "catmullrom"
						},
						"7.1875": [-0.06, 1.13, 0.56],
						"7.2396": {
							"pre": [0.1275, 0.42, -0.19],
							"post": [0.1275, 0.42, -0.19],
							"lerp_mode": "catmullrom"
						},
						"7.3438": {
							"post": [-0.06, 0.88, 0.56],
							"lerp_mode": "catmullrom"
						},
						"7.6042": {
							"post": [-0.06, 0.63, 0.56],
							"lerp_mode": "catmullrom"
						},
						"7.7083": {
							"post": [-0.06, -1.12, -0.94],
							"lerp_mode": "catmullrom"
						},
						"7.9167": {
							"post": [-0.06, 1.63, 0.56],
							"lerp_mode": "catmullrom"
						},
						"8.2292": [-0.06, 1.88, 0.56],
						"8.2813": [-0.06, 1.285, 0.7375],
						"8.4375": {
							"pre": [-0.06, 1.38, 0.31],
							"post": [-0.06, 1.38, 0.31],
							"lerp_mode": "catmullrom"
						},
						"8.5938": {
							"post": [-0.06, -0.38563, 0.185],
							"lerp_mode": "catmullrom"
						},
						"8.75": {
							"post": [-0.0625, -0.75, -0.625],
							"lerp_mode": "catmullrom"
						},
						"8.9063": {
							"post": [-0.0625, -0.03125, -0.875],
							"lerp_mode": "catmullrom"
						},
						"9.0104": {
							"post": [0, 0, 0],
							"lerp_mode": "catmullrom"
						},
						"9.1667": {
							"post": [0, 0, 0],
							"lerp_mode": "catmullrom"
						},
						"9.3229": [0, 0, 0]
					}
				},
				"mag_and_lefthand": {
					"rotation": {
						"2.2917": [0, 0, 0],
						"2.3958": {
							"pre": [-28.5, 0, -10.25],
							"post": [-28.5, 0, -10.25],
							"lerp_mode": "catmullrom"
						},
						"2.6042": {
							"post": [-19.03125, 0, 11.75],
							"lerp_mode": "catmullrom"
						},
						"2.7604": {
							"post": [-22.5, 1.35938, 11.75],
							"lerp_mode": "catmullrom"
						},
						"3.0208": {
							"post": [-22.48437, -0.25, 11.75],
							"lerp_mode": "catmullrom"
						},
						"3.3854": {
							"post": [-22.45062, 0, 12],
							"lerp_mode": "catmullrom"
						},
						"3.5417": {
							"post": [-18.15002, -13.44302, -23.34314],
							"lerp_mode": "catmullrom"
						},
						"3.6979": {
							"post": [19.00497, -22.19082, -68.81439],
							"lerp_mode": "catmullrom"
						},
						"3.8542": {
							"post": [4.56236, -12.12639, -46.5999],
							"lerp_mode": "catmullrom"
						},
						"3.9583": {
							"post": [8.72069, -18.02685, -31.71634],
							"lerp_mode": "catmullrom"
						},
						"4.3229": {
							"post": [8.72069, -18.02685, -38.71634],
							"lerp_mode": "catmullrom"
						},
						"4.6354": {
							"post": [8.72, 30.095, 44.0925],
							"lerp_mode": "catmullrom"
						},
						"4.8958": {
							"post": [8.72, 34.47, 58.28],
							"lerp_mode": "catmullrom"
						},
						"5.2083": {
							"post": [-23.96875, 0, 21.5],
							"lerp_mode": "catmullrom"
						},
						"5.4167": {
							"post": [-4.5, 0, 15.25],
							"lerp_mode": "catmullrom"
						},
						"5.5729": {
							"post": [0, 0, 16.5],
							"lerp_mode": "catmullrom"
						},
						"7.6563": {
							"post": [0, 0, 16.5],
							"lerp_mode": "catmullrom"
						},
						"7.8646": [-11.9712, -2.01145, -0.84871],
						"8.0729": [-32.20177, -0.53648, -1.4008],
						"8.1771": [-33.75, 0, 0],
						"8.2292": [0, 0, 0]
					},
					"position": {
						"2.2917": [0, 0, 0],
						"2.3958": {
							"pre": [-0.005, -4.34, -3.755],
							"post": [-0.005, -4.34, -3.755],
							"lerp_mode": "catmullrom"
						},
						"2.6042": {
							"post": [3.3075, -2.59, 1.40125],
							"lerp_mode": "catmullrom"
						},
						"2.8125": {
							"post": [3.5, -2.59, 1.40375],
							"lerp_mode": "catmullrom"
						},
						"3.2813": {
							"post": [3.5, -2.59, 1.40375],
							"lerp_mode": "catmullrom"
						},
						"3.4375": {
							"post": [3.21886, -3.63598, 2.30108],
							"lerp_mode": "catmullrom"
						},
						"3.6458": {
							"post": [6.19505, 2.18152, 0.51388],
							"lerp_mode": "catmullrom"
						},
						"3.8021": {
							"post": [5.25, -2.59, 1.4],
							"lerp_mode": "catmullrom"
						},
						"4.0104": {
							"post": [6.25, -0.59, 1.4],
							"lerp_mode": "catmullrom"
						},
						"4.2188": {
							"post": [6.25, -0.59, 1.4],
							"lerp_mode": "catmullrom"
						},
						"4.4271": {
							"post": [5.47918, -1.16416, 1.52108],
							"lerp_mode": "catmullrom"
						},
						"4.6354": {
							"post": [7.5, -0.59, 1.4],
							"lerp_mode": "catmullrom"
						},
						"4.8438": {
							"post": [7.3125, -0.59, 1.4],
							"lerp_mode": "catmullrom"
						},
						"5.0521": {
							"post": [7.31, -0.59, 1.4],
							"lerp_mode": "catmullrom"
						},
						"5.2083": {
							"post": [3.245, -1.6525, 1.40125],
							"lerp_mode": "catmullrom"
						},
						"5.3646": {
							"post": [0.8075, 0.7225, -0.005],
							"lerp_mode": "catmullrom"
						},
						"5.5208": {
							"post": [0.88, 1.5625, 0],
							"lerp_mode": "catmullrom"
						},
						"7.6042": {
							"post": [0.88, 1.5625, 0],
							"lerp_mode": "catmullrom"
						},
						"7.7083": {
							"post": [1.965, -1.78, -1.13],
							"lerp_mode": "catmullrom"
						},
						"7.8646": [0.3275, -3.5375, -2.2475],
						"8.0208": [0, -1.51187, -3.11437],
						"8.1771": [0, -1.60437, -3.11437],
						"8.2292": [0, 0, 0]
					}
				},
				"mag_and_bullet": {
					"rotation": {
						"3.3854": {
							"pre": [0, 0, 0],
							"post": [0, 0, 0],
							"lerp_mode": "catmullrom"
						},
						"3.5417": {
							"post": [0, 33, 0],
							"lerp_mode": "catmullrom"
						},
						"3.8021": {
							"post": [0, 0, 0],
							"lerp_mode": "catmullrom"
						}
					},
					"position": {
						"3.4896": [0, 0, 0],
						"3.6458": {
							"pre": [-2.98202, 0.17335, -1.08797],
							"post": [-2.98202, 0.17335, -1.08797],
							"lerp_mode": "catmullrom"
						},
						"3.8021": [0, 0, 0]
					}
				},
				"group": {
					"scale": 0
				},
				"bullet_in_mag": {
					"scale": 0
				},
				"m4a1_pull": {
					"position": {
						"0.0": [0, 0, 0],
						"5.8333": [0, 0, 0],
						"5.8854": [0, 0, 4.5],
						"6.0938": [0, 0, 4.5],
						"6.1979": [0, 0, 0],
						"6.3021": [0, 0, 0],
						"6.3542": [0, 0, 4.5],
						"6.5104": [0, 0, 4.5],
						"6.6146": [0, 0, 0],
						"6.7188": [0, 0, 0],
						"6.8229": [0, 0, 4.5],
						"7.1354": [0, 0, 4.5],
						"7.1875": [0, 0, 0]
					}
				},
				"cap2": {
					"rotation": {
						"0.1042": [0, 0, 0],
						"0.2083": [0, 0, 40],
						"0.3125": [0, 0, 0],
						"0.3646": [0, 0, 18.75],
						"0.4688": [0, 0, 0],
						"0.5208": [0, 0, 2],
						"0.625": [0, 0, 0],
						"1.3021": [0, 0, 0],
						"1.3542": [0, 0, 12],
						"1.4583": [0, 0, 0],
						"5.8854": [0, 0, 0],
						"5.9896": [0, 0, 35],
						"6.0417": [0, 0, 0],
						"6.1458": [0, 0, 15.75],
						"6.1979": [0, 0, 0],
						"6.3542": [0, 0, 0],
						"6.4583": [0, 0, 35],
						"6.5104": [0, 0, 0],
						"6.6146": [0, 0, 15.75],
						"6.6667": [0, 0, 0],
						"7.1875": [0, 0, 0],
						"7.2917": [0, 0, 40],
						"7.3958": [0, 0, 0],
						"7.4479": [0, 0, 18.75],
						"7.5521": [0, 0, 0],
						"7.6042": [0, 0, 2],
						"7.7083": [0, 0, 0]
					}
				},
				"camera": {
					"rotation": {
						"0.0": {
							"post": [0, 0, 0],
							"lerp_mode": "catmullrom"
						},
						"0.2604": {
							"post": [2.5, 0, -0.625],
							"lerp_mode": "catmullrom"
						},
						"0.5208": {
							"post": [-5.25, 0, 0.8125],
							"lerp_mode": "catmullrom"
						},
						"0.9375": {
							"post": [-4.25, 0, 0],
							"lerp_mode": "catmullrom"
						},
						"1.5625": {
							"post": [15.56875, 0, 0],
							"lerp_mode": "catmullrom"
						},
						"1.9792": {
							"post": [1.48, 0, -0.8125],
							"lerp_mode": "catmullrom"
						},
						"2.3438": {
							"post": [0.23, 0, 0.5],
							"lerp_mode": "catmullrom"
						},
						"2.3958": {
							"post": [-1.895, 0, -1.4375],
							"lerp_mode": "catmullrom"
						},
						"2.6563": {
							"post": [-0.0825, -5.5, -0.0625],
							"lerp_mode": "catmullrom"
						},
						"2.9167": {
							"post": [0.36, -6.5, 0],
							"lerp_mode": "catmullrom"
						},
						"3.3333": {
							"post": [0.4, -5.5, 0],
							"lerp_mode": "catmullrom"
						},
						"3.5938": {
							"post": [-2.94937, -5.51, 0],
							"lerp_mode": "catmullrom"
						},
						"3.8021": {
							"post": [2.37, -4.66, -1],
							"lerp_mode": "catmullrom"
						},
						"4.0104": {
							"post": [-0.18, -5.77, 0.25],
							"lerp_mode": "catmullrom"
						},
						"4.375": {
							"post": [-0.2875, -6.25, 0],
							"lerp_mode": "catmullrom"
						},
						"4.5313": {
							"post": [3.115, -5.97, -1.24],
							"lerp_mode": "catmullrom"
						},
						"4.7396": {
							"post": [-0.63, -6.74, 0.01],
							"lerp_mode": "catmullrom"
						},
						"5.0": {
							"post": [0.4, -5.5, -1.75],
							"lerp_mode": "catmullrom"
						},
						"5.3125": {
							"post": [-0.6, 0, 0.375],
							"lerp_mode": "catmullrom"
						},
						"5.5208": {
							"post": [-1.1, 0, 0.5],
							"lerp_mode": "catmullrom"
						},
						"5.7813": {
							"post": [-0.97, 0, 0],
							"lerp_mode": "catmullrom"
						},
						"5.8333": {
							"post": [0.01, 0, 1.57813],
							"lerp_mode": "catmullrom"
						},
						"5.9375": {
							"post": [-0.22, 0, 0.0625],
							"lerp_mode": "catmullrom"
						},
						"6.0938": {
							"post": [-0.39, 0, 0],
							"lerp_mode": "catmullrom"
						},
						"6.25": {
							"post": [-0.39, 0, 0],
							"lerp_mode": "catmullrom"
						},
						"6.3542": {
							"post": [-0.9375, -0.0625, -1.75],
							"lerp_mode": "catmullrom"
						},
						"6.5104": {
							"post": [-1.1, 0, 0],
							"lerp_mode": "catmullrom"
						},
						"6.7708": {
							"post": [-0.97, 0, 0],
							"lerp_mode": "catmullrom"
						},
						"6.8229": {
							"post": [0.01, 0, 1],
							"lerp_mode": "catmullrom"
						},
						"6.9271": {
							"post": [-0.22, 0, 0.0625],
							"lerp_mode": "catmullrom"
						},
						"7.0833": {
							"post": [-0.39, 0, 0],
							"lerp_mode": "catmullrom"
						},
						"7.2396": {
							"post": [1.1875, 0, 0],
							"lerp_mode": "catmullrom"
						},
						"7.2917": {
							"post": [1.125, 0.75, 1],
							"lerp_mode": "catmullrom"
						},
						"7.4479": {
							"post": [2, 0, 0],
							"lerp_mode": "catmullrom"
						},
						"7.7083": {
							"post": [-1.125, 0, 0.5],
							"lerp_mode": "catmullrom"
						},
						"7.9167": {
							"post": [0, 0, -0.25],
							"lerp_mode": "catmullrom"
						},
						"8.125": {
							"post": [0.09, 0.03, -0.36],
							"lerp_mode": "catmullrom"
						},
						"8.3333": {
							"post": [0.13, 0, 0],
							"lerp_mode": "catmullrom"
						},
						"8.3854": {
							"post": [0.82, -0.5, 0.75],
							"lerp_mode": "catmullrom"
						},
						"8.4896": {
							"post": [0.57, 0, -0.25],
							"lerp_mode": "catmullrom"
						},
						"8.6458": {
							"post": [1.48, 0, 0],
							"lerp_mode": "catmullrom"
						},
						"8.8021": {
							"post": [0.0425, 0, 0],
							"lerp_mode": "catmullrom"
						},
						"9.0104": {
							"post": [0.245, 0, 0.125],
							"lerp_mode": "catmullrom"
						},
						"9.1146": {
							"post": [-0.3975, 0, -0.25],
							"lerp_mode": "catmullrom"
						},
						"9.2188": {
							"post": [0.0225, 0, 0.0475],
							"lerp_mode": "catmullrom"
						},
						"9.3229": {
							"post": [-0.0375, 0, 0],
							"lerp_mode": "catmullrom"
						},
						"9.5313": {
							"post": [0, 0, 0],
							"lerp_mode": "catmullrom"
						}
					}
				},
				"additional_magazine": {
					"scale": 0
				},
				"bone3": {
					"rotation": {
						"2.2917": [0, 0, 0],
						"2.3438": [-20, 0, 0],
						"2.3958": [0, 0, 0]
					}
				},
				"bullet": {
					"scale": 0
				}
			},
			"sound_effects": {
				"0.0": {
					"effect": "tacz:ak47/ak47_inspect_turn"
				},
				"1.0417": {
					"effect": "tacz:ak47/ak47_reload_mvt2"
				},
				"2.2188": {
					"effect": "tacz:ak47/ak47_inspect_magout"
				},
				"3.0417": {
					"effect": "tacz:ak47/ak47_inspect_magbump"
				},
				"4.3646": {
					"effect": "tacz:ak47/ak47_inspect_mvt"
				},
				"4.9896": {
					"effect": "tacz:ak47/ak47_reload_empty_shoulder"
				},
				"5.6354": {
					"effect": "tacz:ak47/ak47_inspect_pull"
				},
				"6.0208": {
					"effect": "tacz:ak47/ak47_inspect_release"
				},
				"6.1875": {
					"effect": "tacz:ak47/ak47_inspect_pull"
				},
				"6.4167": {
					"effect": "tacz:ak47/ak47_inspect_release"
				},
				"6.6875": {
					"effect": "tacz:ak47/ak47_inspect_pull"
				},
				"7.0521": {
					"effect": "tacz:ak47/ak47_inspect_release"
				},
				"7.625": {
					"effect": "tacz:ak47/ak47_inspect_turn"
				},
				"8.1875": {
					"effect": "tacz:ak47/ak47_inspect_magin"
				},
				"8.7083": {
					"effect": "tacz:ak47/ak47_inspect_over"
				}
			}
		}
	}
}