{
	"format_version": "1.8.0",
	"animations": {
		"static_idle": {
			"animation_length": 0.1,
			"bones": {
				"lefthand": {
					"rotation": [91.47237, -398.26212, -126.75784],
					"position": [7.75, -13, -3.5],
					"scale": [1, 1.5, 1]
				},
				"righthand": {
					"rotation": [100.21875, 11.81504, -177.88617],
					"position": [-6.6, -14.2, 2.2],
					"scale": [1, 1.5, 1]
				},
				"constraint": {
					"rotation": [0.05, 0.2, 0.1],
					"position": [0.15, 0.2, 0.35]
				}
			}
		},
		"static_bolt_caught": {
			"loop": true,
			"bones": {
				"lefthand": {
					"rotation": [91.47237, -398.26212, -126.75784],
					"position": [7.75, -13, -3.5],
					"scale": [1, 1.5, 1]
				},
				"bullet": {
					"scale": 0
				},
				"righthand": {
					"rotation": [100.21875, 11.81504, -177.88617],
					"position": [-6.6, -14.2, 2.2],
					"scale": [1, 1.5, 1]
				},
				"bolt_release": {
					"rotation": [-10, 0, 0]
				},
				"mp7_bolt": {
					"position": [0, 0, 2.75]
				}
			}
		},
		"draw": {
			"animation_length": 0.9333,
			"bones": {
				"root": {
					"rotation": {
						"0.0": [0.81, -32.64, 33.95],
						"0.0667": [0.27, -29.86, 31.4],
						"0.1": [-0.53, -25.86, 27.73],
						"0.1667": [-1.28, -21.36, 23.7],
						"0.2": {
							"pre": [-1.65, -17.06, 20.1],
							"post": [-1.65, -17.06, 20.1],
							"lerp_mode": "catmullrom"
						},
						"0.2667": {
							"post": [1.70735, -9.30144, 9.38105],
							"lerp_mode": "catmullrom"
						},
						"0.3333": {
							"post": [-1.6159, -7.3966, 16.90035],
							"lerp_mode": "catmullrom"
						},
						"0.4333": {
							"post": [-0.74811, -5.33582, 9.34692],
							"lerp_mode": "catmullrom"
						},
						"0.5667": {
							"post": [1.675, 0.675, -1],
							"lerp_mode": "catmullrom"
						},
						"0.6": {
							"post": [1.07939, 0.63873, -2.06255],
							"lerp_mode": "catmullrom"
						},
						"0.7": {
							"post": [0, 0, 1.0625],
							"lerp_mode": "catmullrom"
						},
						"0.8333": {
							"post": [0, 0, 0],
							"lerp_mode": "catmullrom"
						}
					},
					"position": {
						"0.0": {
							"post": [-3.18, -5.58, 24],
							"lerp_mode": "catmullrom"
						},
						"0.0667": {
							"post": [-2.73, -4.99, 16.05],
							"lerp_mode": "catmullrom"
						},
						"0.1": {
							"post": [-2.08, -4.13, 0.05],
							"lerp_mode": "catmullrom"
						},
						"0.1667": {
							"post": [-1.41, -3.22, -7.31],
							"lerp_mode": "catmullrom"
						},
						"0.2": {
							"post": [-0.89, -2.21, -6.26],
							"lerp_mode": "catmullrom"
						},
						"0.2667": {
							"post": [-0.45, -1.695, -4.8925],
							"lerp_mode": "catmullrom"
						},
						"0.4": {
							"post": [-0.45, -1.32, -3.3925],
							"lerp_mode": "catmullrom"
						},
						"0.5333": {
							"post": [-0.31, -0.85, -1.78],
							"lerp_mode": "catmullrom"
						},
						"0.6": {
							"post": [-0.06, -0.425, 0.025],
							"lerp_mode": "catmullrom"
						},
						"0.7": {
							"post": [0, -0.125, -0.275],
							"lerp_mode": "catmullrom"
						},
						"0.8": {
							"post": [0, 0, 0],
							"lerp_mode": "catmullrom"
						}
					}
				},
				"lefthand": {
					"rotation": {
						"0.0": [91.47237, -398.26212, -126.75784],
						"0.2": [91.47, -398.26, -126.76],
						"0.2667": [92.81043, -425.74335, -128.41226],
						"0.3667": {
							"pre": [92.81043, -425.74335, -128.41226],
							"post": [92.81043, -425.74335, -128.41226],
							"lerp_mode": "catmullrom"
						},
						"0.5333": {
							"post": [91.47, -398.26, -126.76],
							"lerp_mode": "catmullrom"
						}
					},
					"position": {
						"0.0": [7.75, -22, -3.5],
						"0.2": [7.5, -12.5, 10.5],
						"0.2667": [7.5, -12.5, 17.75],
						"0.3333": {
							"pre": [7.5, -12.5, 17.75],
							"post": [7.5, -12.5, 17.75],
							"lerp_mode": "catmullrom"
						},
						"0.4333": {
							"post": [11.63, -15.75, 0.12],
							"lerp_mode": "catmullrom"
						},
						"0.5333": {
							"post": [7.75, -13, -3.5],
							"lerp_mode": "catmullrom"
						}
					},
					"scale": [1, 1.5, 1]
				},
				"righthand": {
					"rotation": [100.22, 11.82, -177.89],
					"position": [-6.6, -14.2, 2.2],
					"scale": [1, 1.5, 1]
				},
				"camera": {
					"rotation": {
						"0.0": {
							"post": [0, 0, 0],
							"lerp_mode": "catmullrom"
						},
						"0.1": {
							"post": [0.11, 0.06, 0.13],
							"lerp_mode": "catmullrom"
						},
						"0.1667": {
							"post": [0.385, 0.22, 0.53],
							"lerp_mode": "catmullrom"
						},
						"0.2": {
							"post": [0.535, 0.23, 0.7175],
							"lerp_mode": "catmullrom"
						},
						"0.2667": {
							"post": [0.565, 0.23, 2],
							"lerp_mode": "catmullrom"
						},
						"0.3667": {
							"post": [0.595, 0.23, -0.29],
							"lerp_mode": "catmullrom"
						},
						"0.4667": {
							"post": [-0.0425, 0.19, 0.35],
							"lerp_mode": "catmullrom"
						},
						"0.5333": {
							"post": [-0.145, 0, 0],
							"lerp_mode": "catmullrom"
						},
						"0.6": {
							"post": [-0.1425, -0.01, 0.1275],
							"lerp_mode": "catmullrom"
						},
						"0.7333": {
							"post": [0.01, 0, -0.05],
							"lerp_mode": "catmullrom"
						},
						"0.8": {
							"post": [0, 0, 0],
							"lerp_mode": "catmullrom"
						}
					}
				},
				"gunstock": {
					"position": {
						"0.0": [0, 0, -7.25],
						"0.2": [0, 0, -7.25],
						"0.2667": [0, 0, 0]
					}
				}
			}
		},
		"put_away": {
			"animation_length": 0.6333,
			"bones": {
				"root": {
					"rotation": {
						"0.0": {
							"post": [0, 0, 0],
							"lerp_mode": "catmullrom"
						},
						"0.1": {
							"post": [3.72, -1.98, -11.25],
							"lerp_mode": "catmullrom"
						},
						"0.2": {
							"post": [16.37, -9.07, -10.1],
							"lerp_mode": "catmullrom"
						},
						"0.2667": {
							"post": [28.96898, -21.22718, 3.83539],
							"lerp_mode": "catmullrom"
						},
						"0.3667": {
							"post": [51.39, -34.85, -5.6175],
							"lerp_mode": "catmullrom"
						},
						"0.4333": {
							"post": [54.49, -48.64, 7.37],
							"lerp_mode": "catmullrom"
						},
						"0.5": {
							"post": [55.27, -53.19, 7.61],
							"lerp_mode": "catmullrom"
						}
					},
					"position": {
						"0.0": [0, 0, 0],
						"0.0333": [0.17, -0.22, 0],
						"0.0667": [0.4, -0.52, 0],
						"0.1": [0.69, -0.93, 0],
						"0.1333": [1.05, -1.48, 0],
						"0.2": [1.62, -2.08, 0],
						"0.3": [3.05, -5, 0],
						"0.3667": [3.99, -9.74, 0],
						"0.4333": [5.01, -15.76, 0],
						"0.5": [5.73, -20.1, 0]
					}
				},
				"lefthand": {
					"rotation": [91.47237, -398.26212, -126.75784],
					"position": [7.75, -13, -3.5],
					"scale": [1, 1.5, 1]
				},
				"righthand": {
					"rotation": {
						"0.0": [100.21875, 11.81504, -177.88617],
						"0.1": [105.94152, 22.99469, -163.42299],
						"0.2": [43.88245, -66.35959, -81.76048]
					},
					"position": {
						"0.0": [-6.6, -14.2, 2.2],
						"0.1": [-7.95823, -15.99396, 1.84695],
						"0.1333": [-8.89145, -16.58212, 3.16495],
						"0.2": [-5.4662, -11.51428, 19.83287],
						"0.2667": [-5.4662, -11.51428, 12.58287]
					},
					"scale": [1, 1.5, 1]
				},
				"camera": {
					"rotation": {
						"0.0": [0, 0, 0],
						"0.0333": [0.05, 0, -0.02],
						"0.0667": [0.12, 0, -0.04],
						"0.1": [0.18, 0, -0.07],
						"0.1333": [0.18, 0, -0.1],
						"0.1667": [0.07, 0, -0.14],
						"0.2": [-0.1, 0, -0.2],
						"0.2333": [-0.26, 0, -0.24],
						"0.2667": [-0.35, 0, -0.25],
						"0.3": [-0.32, 0, -0.21],
						"0.3667": {
							"pre": [0.1125, 0, 0.62],
							"post": [0.1125, 0, 0.62],
							"lerp_mode": "catmullrom"
						},
						"0.4333": {
							"post": [0.175, 0, -0.38],
							"lerp_mode": "catmullrom"
						},
						"0.5667": {
							"post": [0, 0, 0],
							"lerp_mode": "catmullrom"
						}
					}
				},
				"gunstock": {
					"position": {
						"0.2": [0, 0, 0],
						"0.2667": [0, 0, -7.25]
					}
				}
			}
		},
		"reload_tactical": {
			"animation_length": 2.0909,
			"bones": {
				"9mm": {
					"position": [0, 1, 0]
				},
				"root": {
					"rotation": {
						"0.0": {
							"post": [0, 0, 0],
							"lerp_mode": "catmullrom"
						},
						"0.0909": {
							"post": [-6.0138, -4.32632, -1.32223],
							"lerp_mode": "catmullrom"
						},
						"0.1818": {
							"post": [-12.12464, -6.97892, -12.11251],
							"lerp_mode": "catmullrom"
						},
						"0.2727": {
							"post": [-15.76216, -11.2285, -22.20705],
							"lerp_mode": "catmullrom"
						},
						"0.3636": {
							"post": [-19.26364, -12.64972, -25.48627],
							"lerp_mode": "catmullrom"
						},
						"0.5": {
							"post": [-20.14, -12.66, -27.495],
							"lerp_mode": "catmullrom"
						},
						"0.5909": {
							"post": [-19.40168, -11.75024, -18.39142],
							"lerp_mode": "catmullrom"
						},
						"0.6364": {
							"post": [-23.44086, -1.16411, 2.93944],
							"lerp_mode": "catmullrom"
						},
						"0.6818": {
							"post": [-25.85441, -3.59839, -6.12485],
							"lerp_mode": "catmullrom"
						},
						"0.7273": {
							"post": [-25.94092, -7.38766, -14.7941],
							"lerp_mode": "catmullrom"
						},
						"0.8636": {
							"post": [-21.97189, -13.3926, -21.09712],
							"lerp_mode": "catmullrom"
						},
						"1.0": {
							"post": [-15.75624, -22.00034, -40.54217],
							"lerp_mode": "catmullrom"
						},
						"1.1818": [-23.12124, -33.91823, -44.57729],
						"1.2273": [-33.68427, -21.61441, -19.32192],
						"1.3182": {
							"pre": [-16.09819, -30.82385, -45.37303],
							"post": [-16.09819, -30.82385, -45.37303],
							"lerp_mode": "catmullrom"
						},
						"1.4545": {
							"post": [-9.565, -21.445, -28.5],
							"lerp_mode": "catmullrom"
						},
						"1.5909": {
							"post": [-0.0375, -5.75, -2.925],
							"lerp_mode": "catmullrom"
						},
						"1.7273": {
							"post": [1.675, 0.675, -1],
							"lerp_mode": "catmullrom"
						},
						"1.7727": {
							"post": [1.07939, 0.63873, 3.74995],
							"lerp_mode": "catmullrom"
						},
						"1.8636": {
							"post": [0, 0, -1.8125],
							"lerp_mode": "catmullrom"
						},
						"2.0": {
							"post": [0, 0, 0],
							"lerp_mode": "catmullrom"
						}
					},
					"position": {
						"0.0": {
							"post": [0, 0, 0],
							"lerp_mode": "catmullrom"
						},
						"0.0909": {
							"post": [-0.32, -0.795, 0.1],
							"lerp_mode": "catmullrom"
						},
						"0.1818": [-1.315, -0.145, 0.3],
						"0.2727": {
							"pre": [-1.445, 0.95, 0.3],
							"post": [-1.445, 0.95, 0.3],
							"lerp_mode": "catmullrom"
						},
						"0.3636": {
							"post": [-1.365, 1.26, 0.35],
							"lerp_mode": "catmullrom"
						},
						"0.4545": {
							"post": [-1.24, 0.79, 0.38],
							"lerp_mode": "catmullrom"
						},
						"0.5909": {
							"post": [-1.17, 0.5, 0.4],
							"lerp_mode": "catmullrom"
						},
						"0.6818": {
							"post": [-1.865, 1.6, 0.35],
							"lerp_mode": "catmullrom"
						},
						"0.7727": {
							"post": [-2.02, 1.8, 0.4],
							"lerp_mode": "catmullrom"
						},
						"0.9091": {
							"post": [-1.9, 0.98, 0.61],
							"lerp_mode": "catmullrom"
						},
						"1.0": {
							"post": [-1.58, 1.27, 1.35],
							"lerp_mode": "catmullrom"
						},
						"1.1364": {
							"post": [-1.42, 1.11, 1.35],
							"lerp_mode": "catmullrom"
						},
						"1.1818": {
							"post": [-0.82651, 0.53315, 1.41168],
							"lerp_mode": "catmullrom"
						},
						"1.2273": {
							"post": [-1.51305, 0.48316, 1.41363],
							"lerp_mode": "catmullrom"
						},
						"1.2727": {
							"post": [-1.15, 0.39, 1.35],
							"lerp_mode": "catmullrom"
						},
						"1.3636": {
							"post": [-0.97, 0.365, 1.35],
							"lerp_mode": "catmullrom"
						},
						"1.4545": {
							"post": [-0.7, 0.01, -2.31],
							"lerp_mode": "catmullrom"
						},
						"1.5455": {
							"post": [-0.445, -0.4, -3.25],
							"lerp_mode": "catmullrom"
						},
						"1.6818": {
							"post": [-0.31, -0.85, -1.78],
							"lerp_mode": "catmullrom"
						},
						"1.7727": {
							"post": [-0.06, -0.425, 0.025],
							"lerp_mode": "catmullrom"
						},
						"1.8636": {
							"post": [0, -0.125, -0.275],
							"lerp_mode": "catmullrom"
						},
						"1.9545": {
							"post": [0, 0, 0],
							"lerp_mode": "catmullrom"
						}
					}
				},
				"lefthand": {
					"rotation": {
						"0.0": {
							"post": [91.47237, -398.26212, -126.75784],
							"lerp_mode": "catmullrom"
						},
						"0.5": [88.33765, -359.54251, -116.93021],
						"0.7273": {
							"pre": [88.33765, -359.54251, -116.93021],
							"post": [88.33765, -359.54251, -116.93021],
							"lerp_mode": "catmullrom"
						},
						"0.9091": {
							"post": [87.43922, -409.51406, -114.96875],
							"lerp_mode": "catmullrom"
						},
						"1.0455": [87.43922, -409.51406, -114.96875],
						"1.1818": [87.17, -413.51, -114.64],
						"1.2273": [88.32321, -367.53913, -116.69687],
						"1.4091": [88.32321, -367.53913, -116.69687],
						"1.6818": {
							"pre": [91.16, -395.22, -125.76],
							"post": [91.16, -395.22, -125.76],
							"lerp_mode": "catmullrom"
						},
						"1.7273": {
							"post": [91.47237, -398.26212, -126.75784],
							"lerp_mode": "catmullrom"
						}
					},
					"position": {
						"0.0": {
							"post": [7.75, -13, -3.5],
							"lerp_mode": "catmullrom"
						},
						"0.0909": {
							"post": [13.63037, -17.74808, 2.88007],
							"lerp_mode": "catmullrom"
						},
						"0.2273": {
							"post": [10.51292, -28.52293, 9.50465],
							"lerp_mode": "catmullrom"
						},
						"0.3636": [6.84, -29.535, 13.76],
						"0.5": [7.5, -17.95, 2.775],
						"0.5909": [7.5, -17.875, 2.7],
						"0.7273": [7.5, -23.775, 2.7],
						"0.8636": [7.5, -23.475, 2.7],
						"1.0": [6.4, -23.15, 2.7],
						"1.0455": [6.4, -23.1, 2.7],
						"1.1818": [6.4, -23.1, 2.7],
						"1.2273": [6.2, -18.375, 2.7],
						"1.4091": [6.2, -18.375, 2.7],
						"1.5455": [12.24, -29.535, 13.76],
						"1.6818": {
							"pre": [8.8, -16.62, 0.27],
							"post": [8.8, -16.62, 0.27],
							"lerp_mode": "catmullrom"
						},
						"1.7273": {
							"post": [7.75, -13, -3.5],
							"lerp_mode": "catmullrom"
						}
					},
					"scale": [1, 1.5, 1]
				},
				"mag_and_bullet": {
					"rotation": {
						"0.5": [81.17589, 6.59392, 36.49067],
						"0.5909": [81.17589, 6.59392, 36.49067],
						"0.7273": {
							"pre": [81.17589, 6.59392, 36.49067],
							"post": [81.17589, 6.59392, 36.49067],
							"lerp_mode": "catmullrom"
						},
						"0.8182": {
							"post": [39.95775, 8.47336, 12.11125],
							"lerp_mode": "catmullrom"
						},
						"0.9091": {
							"post": [-1.375, 0, 0],
							"lerp_mode": "catmullrom"
						},
						"1.0455": {
							"post": [1, 0, 0],
							"lerp_mode": "catmullrom"
						},
						"1.1818": {
							"post": [0, 0, 0],
							"lerp_mode": "catmullrom"
						}
					},
					"position": {
						"0.2273": [0, -19.9, 19.3],
						"0.5": [1.1, -0.6, 1],
						"0.5909": [1.1, -0.6, 1],
						"0.7273": [1.18, -6.52, 0.87],
						"0.8182": [1.01, -6.08, 0.19],
						"0.8636": [0.67, -5.39, 0.13],
						"1.0455": [0, -5.1, 0],
						"1.1818": [0, -4.975, 0],
						"1.2273": [0, 0, 0]
					}
				},
				"righthand": {
					"rotation": {
						"0.0": [100.21875, 11.81504, -177.88617],
						"0.1364": [99.32832, 0.7636, -187.45209],
						"1.5": [99.32832, 0.7636, -187.45209],
						"1.6364": [100.21875, 11.81504, -177.88617]
					},
					"position": {
						"0.0": [-6.6, -14.2, 2.2],
						"0.1364": [-8.1, -14.2, 2.2],
						"1.5": [-8.1, -14.2, 2.2],
						"1.6364": [-6.6, -14.2, 2.2]
					},
					"scale": {
						"0.0": [1, 1.5, 1],
						"1.6364": [1, 1.5, 1]
					}
				},
				"additional_magazine": {
					"rotation": {
						"0.7273": {
							"pre": [0, 0, 0],
							"post": [0, 0, 0],
							"lerp_mode": "catmullrom"
						},
						"0.8182": {
							"post": [-27.0311, -14.59256, -15.02474],
							"lerp_mode": "catmullrom"
						},
						"0.9091": {
							"post": [-57.90363, -19.77839, -11.9825],
							"lerp_mode": "catmullrom"
						},
						"1.0455": [-57.90363, -19.77839, -11.9825],
						"1.1818": [-57.90363, -19.77839, -11.9825],
						"1.2273": [-95.60794, -26.88896, 2.54272],
						"1.3636": [-95.60794, -26.88896, 2.54272]
					},
					"position": {
						"0.5": [0, 0, 0],
						"0.5909": [0, 0, 0],
						"0.7273": [0, -5.9, 0],
						"0.9091": [0, -5.6, 0],
						"1.0": [-1.1, -5.6, 0],
						"1.0455": [-1.1, -5.6, 0],
						"1.1818": [-1.1, -5.6, 0],
						"1.2273": [-1.3, -0.5, 0],
						"1.3636": [-1.3, -0.5, 0],
						"1.4545": [1.74109, -6.16381, 1.35757],
						"1.5455": [4.94181, -11.93369, 7.00118]
					}
				},
				"camera": {
					"rotation": {
						"0.0": {
							"post": [0, 0, 0],
							"lerp_mode": "catmullrom"
						},
						"0.0909": {
							"post": [0.19, 0.11, -0.2],
							"lerp_mode": "catmullrom"
						},
						"0.2727": {
							"post": [1.55, 0.875, -1.25],
							"lerp_mode": "catmullrom"
						},
						"0.3182": {
							"post": [1.79, 1.105, -1.175],
							"lerp_mode": "catmullrom"
						},
						"0.4091": {
							"post": [2.09, 1.205, -1.27],
							"lerp_mode": "catmullrom"
						},
						"0.5": {
							"post": [1.78, 0.97, -1.28],
							"lerp_mode": "catmullrom"
						},
						"0.5909": {
							"post": [1.825, 0.825, -1.2],
							"lerp_mode": "catmullrom"
						},
						"0.6364": {
							"post": [2.925, 0.525, -3],
							"lerp_mode": "catmullrom"
						},
						"0.6818": {
							"post": [2.8, 0.25, -2.91],
							"lerp_mode": "catmullrom"
						},
						"0.7727": {
							"post": [2.21, -0.25, -0.38],
							"lerp_mode": "catmullrom"
						},
						"0.9091": {
							"post": [1.26, -0.95, -1.8],
							"lerp_mode": "catmullrom"
						},
						"1.0455": {
							"post": [1.19678, -1.05035, -1.32626],
							"lerp_mode": "catmullrom"
						},
						"1.1364": {
							"post": [1.925, -0.775, -1.2],
							"lerp_mode": "catmullrom"
						},
						"1.1818": {
							"post": [3.325, -0.575, -0.075],
							"lerp_mode": "catmullrom"
						},
						"1.2273": {
							"post": [2.87, -0.25, -0.34],
							"lerp_mode": "catmullrom"
						},
						"1.2727": {
							"post": [2.225, 0.025, -2.55],
							"lerp_mode": "catmullrom"
						},
						"1.3636": {
							"post": [2.155, -0.23, -1.245],
							"lerp_mode": "catmullrom"
						},
						"1.5": {
							"post": [1.21, -0.15, 0.01],
							"lerp_mode": "catmullrom"
						},
						"1.6818": {
							"post": [-0.125, 0, 0.575],
							"lerp_mode": "catmullrom"
						},
						"1.7273": {
							"post": [-0.01, 0.025, 1.225],
							"lerp_mode": "catmullrom"
						},
						"1.8182": {
							"post": [0.275, 0.025, -0.525],
							"lerp_mode": "catmullrom"
						},
						"1.9091": {
							"post": [-0.025, -0.025, 0.3375],
							"lerp_mode": "catmullrom"
						},
						"2.0455": {
							"post": [0, 0, 0],
							"lerp_mode": "catmullrom"
						}
					}
				}
			},
			"sound_effects": {
				"0.0": {
					"effect": "tacz:p90/p90_reload_raise"
				},
				"0.5909": {
					"effect": "tacz:spr15hb/spr15hb_reload_magout"
				},
				"0.7727": {
					"effect": "tacz:spr15hb/spr15hb_reload_xmag_magin"
				},
				"1.5455": {
					"effect": "tacz:p90/p90_reload_end"
				}
			}
		},
		"reload_empty": {
			"animation_length": 3.1364,
			"bones": {
				"root": {
					"rotation": {
						"0.0": {
							"post": [0, 0, 0],
							"lerp_mode": "catmullrom"
						},
						"0.1364": {
							"post": [-7.54415, -5.87751, 4.76458],
							"lerp_mode": "catmullrom"
						},
						"0.2727": {
							"post": [-22.53, -14.96, -2.195],
							"lerp_mode": "catmullrom"
						},
						"0.3182": {
							"post": [-9.67624, -21.1066, -31.32323],
							"lerp_mode": "catmullrom"
						},
						"0.3636": {
							"post": [-8.07409, -23.10732, -51.01019],
							"lerp_mode": "catmullrom"
						},
						"0.4091": {
							"post": [-10.7779, -21.4074, -42.37622],
							"lerp_mode": "catmullrom"
						},
						"0.4545": {
							"post": [-15.75796, -17.86803, -29.30348],
							"lerp_mode": "catmullrom"
						},
						"0.5455": {
							"post": [-18.19404, -15.49338, -14.23416],
							"lerp_mode": "catmullrom"
						},
						"0.6818": {
							"post": [-18.72606, -16.42449, -12.70661],
							"lerp_mode": "catmullrom"
						},
						"0.9091": {
							"post": [-17.405, -32.2675, -43.48123],
							"lerp_mode": "catmullrom"
						},
						"1.0": {
							"post": [-16.99, -33.41, -47.31],
							"lerp_mode": "catmullrom"
						},
						"1.0455": {
							"post": [-13.84582, -33.52752, -46.70914],
							"lerp_mode": "catmullrom"
						},
						"1.0909": {
							"post": [-13.91144, -33.79948, -50.07075],
							"lerp_mode": "catmullrom"
						},
						"1.1364": {
							"post": [-16.6394, -33.01111, -50.59831],
							"lerp_mode": "catmullrom"
						},
						"1.1818": {
							"post": [-20.69803, -31.03774, -46.4211],
							"lerp_mode": "catmullrom"
						},
						"1.2273": {
							"post": [-19.29304, -29.44221, -43.59394],
							"lerp_mode": "catmullrom"
						},
						"1.2727": {
							"post": [-9.31265, -31.67549, -54.91938],
							"lerp_mode": "catmullrom"
						},
						"1.3182": {
							"post": [-15.78949, -23.82619, -23.06606],
							"lerp_mode": "catmullrom"
						},
						"1.4545": {
							"post": [-14.23744, -26.78473, -41.42063],
							"lerp_mode": "catmullrom"
						},
						"1.5": {
							"post": [-11.86781, -23.87904, -42.44325],
							"lerp_mode": "catmullrom"
						},
						"1.5455": {
							"post": [-12.49329, -21.23871, -34.64225],
							"lerp_mode": "catmullrom"
						},
						"1.6364": {
							"post": [-12.50347, -16.30479, -5.48014],
							"lerp_mode": "catmullrom"
						},
						"1.7273": {
							"post": [-13.31591, 5.09458, 39.61304],
							"lerp_mode": "catmullrom"
						},
						"1.8182": {
							"post": [-10.89362, 8.12636, 56.81184],
							"lerp_mode": "catmullrom"
						},
						"1.9091": {
							"post": [-12.96, 6.41, 54.05],
							"lerp_mode": "catmullrom"
						},
						"2.0": {
							"post": [-13.965, 5.89, 53.62],
							"lerp_mode": "catmullrom"
						},
						"2.0455": {
							"post": [-21.36454, 5.23044, 43.44843],
							"lerp_mode": "catmullrom"
						},
						"2.1818": {
							"post": [-13.65, 8.25, 49.05],
							"lerp_mode": "catmullrom"
						},
						"2.3636": {
							"post": [2.17309, 1.00739, 5.12481],
							"lerp_mode": "catmullrom"
						},
						"2.5455": {
							"post": [1.07939, 0.63873, 3.74995],
							"lerp_mode": "catmullrom"
						},
						"2.6364": {
							"post": [0, 0, -1.8125],
							"lerp_mode": "catmullrom"
						},
						"2.8182": {
							"post": [0, 0, 0.0225],
							"lerp_mode": "catmullrom"
						},
						"2.9545": {
							"post": [0, 0, 0],
							"lerp_mode": "catmullrom"
						}
					},
					"position": {
						"0.0": {
							"post": [0, 0, 0],
							"lerp_mode": "catmullrom"
						},
						"0.1364": {
							"post": [-0.81, 1.28, 0.02],
							"lerp_mode": "catmullrom"
						},
						"0.2727": {
							"post": [-1.11, 1.82, -0.2],
							"lerp_mode": "catmullrom"
						},
						"0.3636": {
							"post": [-1.195, 1.8, -0.35],
							"lerp_mode": "catmullrom"
						},
						"0.4091": {
							"post": [-0.95, 2.09, -0.45],
							"lerp_mode": "catmullrom"
						},
						"0.4545": {
							"post": [-0.62, 1.8, -0.5],
							"lerp_mode": "catmullrom"
						},
						"0.5455": {
							"post": [-0.395, 1.53, -0.47],
							"lerp_mode": "catmullrom"
						},
						"0.6364": {
							"post": [-0.58, 1.335, -0.44],
							"lerp_mode": "catmullrom"
						},
						"0.7273": {
							"post": [-1.045, 1.275, -0.35],
							"lerp_mode": "catmullrom"
						},
						"0.8636": {
							"post": [-1.495, 1.45, -0.35],
							"lerp_mode": "catmullrom"
						},
						"1.0": {
							"post": [-1.55, 1.25, 0.24],
							"lerp_mode": "catmullrom"
						},
						"1.0455": {
							"post": [-1.69, 1.32, 0.46],
							"lerp_mode": "catmullrom"
						},
						"1.0909": {
							"post": [-1.57, 1.69, 0.6],
							"lerp_mode": "catmullrom"
						},
						"1.3182": [-1.57, 1.165, 0.6],
						"1.3636": [-0.62, 0.29, 0.6],
						"1.5455": {
							"pre": [-0.92, 0.29, 1],
							"post": [-0.92, 0.29, 1],
							"lerp_mode": "catmullrom"
						},
						"1.7273": [0.23, -0.45, 2.6],
						"1.8182": [0.46, -1.25, 2.68],
						"2.0": [0.39, -1.675, 2.85],
						"2.0455": [0.185, -1.69, 0.9],
						"2.1364": [0.21, -1.71, 0.155],
						"2.2273": [0.255, -1.75, -1.5],
						"2.4091": {
							"pre": [0, -1.45, -3.2],
							"post": [0, -1.45, -3.2],
							"lerp_mode": "catmullrom"
						},
						"2.5455": {
							"post": [-0.06, -0.425, 0.025],
							"lerp_mode": "catmullrom"
						},
						"2.6364": {
							"post": [0, -0.125, -0.45],
							"lerp_mode": "catmullrom"
						},
						"2.7727": {
							"post": [0, 0, 0],
							"lerp_mode": "catmullrom"
						},
						"2.8636": {
							"post": [0, 0, -0.035],
							"lerp_mode": "catmullrom"
						},
						"3.0": {
							"post": [0, 0, 0],
							"lerp_mode": "catmullrom"
						}
					}
				},
				"lefthand": {
					"rotation": {
						"0.0": {
							"post": [91.47237, -398.26212, -126.75784],
							"lerp_mode": "catmullrom"
						},
						"0.0455": {
							"post": [87.1, -402.46, -127.775],
							"lerp_mode": "catmullrom"
						},
						"0.1818": [105.98904, -367.42973, -208.10939],
						"0.3182": [105.98904, -367.42973, -208.10939],
						"0.3636": [106.25, -367.62, -208.27],
						"0.8636": {
							"pre": [111.07206, -370.91149, -211.54837],
							"post": [111.07206, -370.91149, -211.54837],
							"lerp_mode": "catmullrom"
						},
						"0.9545": {
							"post": [111.99, -368.57, -216.11],
							"lerp_mode": "catmullrom"
						},
						"1.0": {
							"post": [105.85399, -377.1741, -189.57013],
							"lerp_mode": "catmullrom"
						},
						"1.3182": {
							"post": [104.63879, -369.53269, -190.69635],
							"lerp_mode": "catmullrom"
						},
						"1.5455": {
							"post": [104.64, -369.53, -190.7],
							"lerp_mode": "catmullrom"
						},
						"1.8636": [119.1829, -372.74878, -201.75502],
						"2.0": [119.1829, -372.74878, -201.75502],
						"2.0455": [96.6829, -372.74878, -201.75502],
						"2.1364": [101.6829, -372.74878, -201.75502],
						"2.4091": {
							"pre": [91.47237, -398.26212, -126.75784],
							"post": [91.47237, -398.26212, -126.75784],
							"lerp_mode": "catmullrom"
						},
						"2.5909": {
							"post": [91.47237, -398.26212, -126.75784],
							"lerp_mode": "catmullrom"
						}
					},
					"position": {
						"0.0": {
							"post": [7.75, -13, -3.5],
							"lerp_mode": "catmullrom"
						},
						"0.0455": {
							"post": [6.96, -13.25, -2.5],
							"lerp_mode": "catmullrom"
						},
						"0.1818": [6.4, -18.1, 1.4],
						"0.3182": [6.4, -18.1, 1.4],
						"0.4091": [6.45, -22.51, 2.71],
						"0.5455": {
							"pre": [13.59584, -28.98929, 5.19778],
							"post": [13.59584, -28.98929, 5.19778],
							"lerp_mode": "catmullrom"
						},
						"0.6364": {
							"post": [22.21057, -31.33405, 5.97071],
							"lerp_mode": "catmullrom"
						},
						"0.7273": {
							"post": [5.24419, -41.57542, 6.09631],
							"lerp_mode": "catmullrom"
						},
						"0.8636": [13.2, -31.6, 0.8],
						"0.9545": [9.76, -25.65, 0.8],
						"1.0": [8.625, -24.925, 0.8],
						"1.0909": [8.335, -24.475, 0.8],
						"1.1818": [8.195, -24.265, 0.8],
						"1.2273": [7.2, -23.75, 0.8],
						"1.3182": [7.2, -18.7, 0.8],
						"1.3636": {
							"pre": [7.175, -18.7, 0.8],
							"post": [7.175, -18.7, 0.8],
							"lerp_mode": "catmullrom"
						},
						"1.5455": {
							"post": [7.35, -18.7, 0.8],
							"lerp_mode": "catmullrom"
						},
						"1.6818": {
							"post": [10.49025, -15.17231, -1.68963],
							"lerp_mode": "catmullrom"
						},
						"1.8636": [9.07, -12.62, -0.75],
						"2.0": [9.07, -12.62, -0.75],
						"2.0455": [9.07, -13.37, -0.75],
						"2.1364": [9.07, -13.12, -0.75],
						"2.4091": {
							"pre": [7.75, -13, -3.5],
							"post": [7.75, -13, -3.5],
							"lerp_mode": "catmullrom"
						},
						"2.5909": {
							"post": [7.75, -13, -3.5],
							"lerp_mode": "catmullrom"
						}
					},
					"scale": {
						"0.0": [1, 1.5, 1],
						"2.4091": [1, 1.5, 1]
					}
				},
				"mag_and_bullet": {
					"rotation": {
						"0.4091": [0, 0, 0],
						"0.5455": [11, 0, 11.57],
						"0.7273": [11, 0, 11.57],
						"0.8636": [0, 0, -21],
						"0.9545": [3.96356, 0.53927, -14.52635],
						"1.0909": [4.51527, 0.49834, -9.40841],
						"1.1818": [5.08356, 0.38599, -3.042],
						"1.2273": [0, 0, 0],
						"1.3182": [0, 0, 0]
					},
					"position": {
						"0.0": [0, 0, 0],
						"0.3182": [0, 0, 0],
						"0.4091": [0, -6.2, 0],
						"0.5455": [-2.48943, -12.63405, 2.44571],
						"0.7273": [-1.95581, -22.87542, 5.29631],
						"0.8636": [4.9, -12.9, 0],
						"0.9545": [1.61, -6.95, 0],
						"1.0": [0.73353, -5.27072, -0.05424],
						"1.0909": [0.48727, -5.56247, -0.05904],
						"1.1818": [0.42991, -5.34403, -0.06645],
						"1.2273": [0, -5.05, 0],
						"1.3182": [0, 0, 0]
					}
				},
				"righthand": {
					"rotation": {
						"0.0": [100.21875, 11.81504, -177.88617],
						"0.2727": [100.21875, 11.81504, -177.88617],
						"0.4091": [99.32832, 0.7636, -187.45209],
						"1.5455": [99.32832, 0.7636, -187.45209],
						"1.6818": [100.21875, 11.81504, -177.88617]
					},
					"position": {
						"0.0": [-6.6, -14.2, 2.2],
						"0.2727": [-6.6, -14.2, 2.2],
						"0.4091": [-8.1, -14.2, 2.2],
						"1.5455": [-8.1, -14.2, 2.2],
						"1.6818": [-6.6, -14.2, 2.2]
					},
					"scale": {
						"0.0": [1, 1.5, 1],
						"0.2727": [1, 1.5, 1],
						"1.6818": [1, 1.5, 1]
					}
				},
				"additional_magazine": {
					"scale": 0
				},
				"mp7_bolt": {
					"position": {
						"2.0": [0, 0, 2.75],
						"2.0455": [0, 0, 0],
						"2.0909": [0, 0, 0.25],
						"2.1818": [0, 0, 0]
					}
				},
				"bolt_release": {
					"rotation": {
						"2.0": [-10, 0, 0],
						"2.0455": [2.5, 0, 0],
						"2.0909": [0, 0, 0]
					}
				},
				"camera": {
					"rotation": {
						"0.0": {
							"post": [0, 0, 0],
							"lerp_mode": "catmullrom"
						},
						"0.0909": {
							"post": [0.08, -0.075, -0.22],
							"lerp_mode": "catmullrom"
						},
						"0.1818": {
							"post": [0.58, 0.645, -0.8],
							"lerp_mode": "catmullrom"
						},
						"0.3182": {
							"post": [2.15, 0.9, -1.3],
							"lerp_mode": "catmullrom"
						},
						"0.4091": {
							"post": [0.77, 0.84, -2.595],
							"lerp_mode": "catmullrom"
						},
						"0.5455": {
							"post": [2.625, 0.2, -2.15],
							"lerp_mode": "catmullrom"
						},
						"0.6364": {
							"post": [2.52, -0.33, -2.225],
							"lerp_mode": "catmullrom"
						},
						"0.7727": {
							"post": [2.66, -0.46, -1.75],
							"lerp_mode": "catmullrom"
						},
						"1.0": {
							"post": [1.1, -0.5, -1.6],
							"lerp_mode": "catmullrom"
						},
						"1.0455": {
							"post": [0.095, -0.45, -0.525],
							"lerp_mode": "catmullrom"
						},
						"1.1364": {
							"post": [0.65, -0.4, -1.75],
							"lerp_mode": "catmullrom"
						},
						"1.2727": {
							"post": [0.94, 0.07, -1.6],
							"lerp_mode": "catmullrom"
						},
						"1.3182": {
							"post": [1.47, 0.25, -0.45],
							"lerp_mode": "catmullrom"
						},
						"1.4091": {
							"post": [0.4, 0.4, -1.925],
							"lerp_mode": "catmullrom"
						},
						"1.5455": {
							"post": [1.94, 0.45, -1.54],
							"lerp_mode": "catmullrom"
						},
						"1.6818": {
							"post": [1.39, 0.23, 0.62],
							"lerp_mode": "catmullrom"
						},
						"1.7727": {
							"post": [1.9, -0.2, 1.5],
							"lerp_mode": "catmullrom"
						},
						"1.8182": {
							"post": [2.18, -0.37, 1.42],
							"lerp_mode": "catmullrom"
						},
						"2.0": {
							"post": [3.61, -0.32, 0.88],
							"lerp_mode": "catmullrom"
						},
						"2.0455": {
							"post": [1.83, -0.25, -0.98],
							"lerp_mode": "catmullrom"
						},
						"2.1818": {
							"post": [2.1, -0.1, 1.7],
							"lerp_mode": "catmullrom"
						},
						"2.3182": {
							"post": [0.9, -0.2, 0.3875],
							"lerp_mode": "catmullrom"
						},
						"2.5": {
							"post": [0.125, 0, -0.215],
							"lerp_mode": "catmullrom"
						},
						"2.5455": {
							"post": [0, 0, -0.875],
							"lerp_mode": "catmullrom"
						},
						"2.6818": {
							"post": [0.175, 0.025, 0.325],
							"lerp_mode": "catmullrom"
						},
						"2.7727": {
							"post": [-0.025, -0.025, -0.1125],
							"lerp_mode": "catmullrom"
						},
						"2.9091": {
							"post": [0, 0, 0],
							"lerp_mode": "catmullrom"
						}
					}
				},
				"bullet_in_barrel": {
					"scale": {
						"1.9545": [0, 0, 0],
						"2.0": [1, 1, 1]
					}
				}
			},
			"sound_effects": {
				"0.0": {
					"effect": "tacz:p90/p90_reload_raise"
				},
				"0.3182": {
					"effect": "tacz:spr15hb/spr15hb_reload_empty_magout"
				},
				"0.5909": {
					"effect": "tacz:spr15hb/spr15hb_reload_empty_mag_drop"
				},
				"0.9545": {
					"effect": "tacz:spr15hb/spr15hb_reload_xmag_magin"
				},
				"1.0": {
					"effect": "tacz:spr15hb/spr15hb_reload_maghit"
				},
				"1.5455": {
					"effect": "tacz:p90/p90_reload_empty_armmvmnt"
				},
				"2.0": {
					"effect": "tacz:spr15hb/spr15hb_reload_empty_charge"
				},
				"2.3636": {
					"effect": "tacz:p90/p90_reload_end"
				}
			}
		},
		"inspect": {
			"animation_length": 6.8,
			"bones": {
				"root": {
					"rotation": {
						"0.0": {
							"post": [0, 0, 0],
							"lerp_mode": "catmullrom"
						},
						"0.2667": {
							"post": [-11.4, -39.17, -45.465],
							"lerp_mode": "catmullrom"
						},
						"0.4": {
							"post": [-12.09, -47.67, -53.42],
							"lerp_mode": "catmullrom"
						},
						"0.6": {
							"post": [-10.94, -48.79, -55.465],
							"lerp_mode": "catmullrom"
						},
						"0.8333": {
							"post": [-8.36907, -49.45083, -58.20011],
							"lerp_mode": "catmullrom"
						},
						"1.0667": {
							"post": [-8.975, -48.64, -58.35],
							"lerp_mode": "catmullrom"
						},
						"1.2333": {
							"post": [-16.26359, -34.63452, -39.31901],
							"lerp_mode": "catmullrom"
						},
						"1.4333": {
							"post": [-12.82021, -10.31204, -36.61094],
							"lerp_mode": "catmullrom"
						},
						"1.6667": {
							"post": [-15.32021, -10.31204, -36.61094],
							"lerp_mode": "catmullrom"
						},
						"1.7667": {
							"post": [-12.314, -10.19722, -24.19624],
							"lerp_mode": "catmullrom"
						},
						"1.9667": {
							"post": [-14.66959, -13.28761, -38.49377],
							"lerp_mode": "catmullrom"
						},
						"2.2": {
							"post": [-13.61949, -11.00059, -35.08987],
							"lerp_mode": "catmullrom"
						},
						"3.0": {
							"post": [-21.52566, -13.12871, -34.34283],
							"lerp_mode": "catmullrom"
						},
						"3.2333": {
							"post": [-21.38924, -28.19537, -29.13162],
							"lerp_mode": "catmullrom"
						},
						"3.4667": {
							"post": [-21.18, -29.07, -30.26],
							"lerp_mode": "catmullrom"
						},
						"3.6667": {
							"post": [-31.30096, 16.43112, 33.32269],
							"lerp_mode": "catmullrom"
						},
						"3.8": {
							"post": [-25.84194, 31.21953, 62.76622],
							"lerp_mode": "catmullrom"
						},
						"3.9667": {
							"post": [-28.393, 31.80206, 59.87553],
							"lerp_mode": "catmullrom"
						},
						"4.0667": {
							"post": [-10.98157, 41.16738, 81.99467],
							"lerp_mode": "catmullrom"
						},
						"4.1667": {
							"post": [-19.54539, 38.21502, 73.70025],
							"lerp_mode": "catmullrom"
						},
						"4.3": {
							"post": [-20.12666, 36.22786, 70.33468],
							"lerp_mode": "catmullrom"
						},
						"4.4667": {
							"post": [-23.35194, 33.96609, 66.55857],
							"lerp_mode": "catmullrom"
						},
						"4.6": {
							"post": [-23.53038, 33.64611, 67.09245],
							"lerp_mode": "catmullrom"
						},
						"4.6667": {
							"post": [-23.85688, 22.99749, 54.99604],
							"lerp_mode": "catmullrom"
						},
						"4.7333": {
							"post": [-19.21774, 30.33025, 65.9105],
							"lerp_mode": "catmullrom"
						},
						"4.8": {
							"post": [-25.22168, 28.29232, 61.21886],
							"lerp_mode": "catmullrom"
						},
						"4.9333": {
							"post": [-29.99067, 25.09443, 53.59178],
							"lerp_mode": "catmullrom"
						},
						"5.0667": {
							"post": [-21.17344, 8.75809, 22.61335],
							"lerp_mode": "catmullrom"
						},
						"5.2": {
							"post": [-14.06914, -12.93791, -37.68337],
							"lerp_mode": "catmullrom"
						},
						"5.3": {
							"post": [-14.31012, -25.1787, -46.89249],
							"lerp_mode": "catmullrom"
						},
						"5.4": {
							"post": [-16.96827, -34.21514, -44.43707],
							"lerp_mode": "catmullrom"
						},
						"5.5": {
							"post": [-17.85707, -37.87786, -44.21183],
							"lerp_mode": "catmullrom"
						},
						"5.5667": {
							"post": [-17.18915, -38.03604, -46.06745],
							"lerp_mode": "catmullrom"
						},
						"5.6333": {
							"post": [-16.26, -37.08, -45.52],
							"lerp_mode": "catmullrom"
						},
						"5.6667": {
							"post": [-24.12444, -34.14264, -37.13555],
							"lerp_mode": "catmullrom"
						},
						"5.7": {
							"post": [-12.91889, -34.27774, -38.61258],
							"lerp_mode": "catmullrom"
						},
						"5.7667": {
							"post": [-14.81359, -31.12537, -28.95823],
							"lerp_mode": "catmullrom"
						},
						"5.8333": {
							"post": [-6.65, -32.04, -42.93],
							"lerp_mode": "catmullrom"
						},
						"5.9667": {
							"post": [-11.08, -18.88, -22.82],
							"lerp_mode": "catmullrom"
						},
						"6.1": {
							"post": [2.51996, -7.02572, -0.01833],
							"lerp_mode": "catmullrom"
						},
						"6.2333": {
							"post": [0.25183, -0.82226, -1.85471],
							"lerp_mode": "catmullrom"
						},
						"6.3": {
							"post": [-0.00274, -0.34214, 0.80421],
							"lerp_mode": "catmullrom"
						},
						"6.4": {
							"post": [0, 0.08125, -0.775],
							"lerp_mode": "catmullrom"
						},
						"6.5333": {
							"post": [0, 0, 0.25],
							"lerp_mode": "catmullrom"
						},
						"6.6667": {
							"post": [0, 0, 0],
							"lerp_mode": "catmullrom"
						}
					},
					"position": {
						"0.0": {
							"post": [0, 0, 0],
							"lerp_mode": "catmullrom"
						},
						"0.1333": {
							"post": [0.345, -0.28, -0.12],
							"lerp_mode": "catmullrom"
						},
						"0.3": {
							"post": [1.6, 3.75, 0.6],
							"lerp_mode": "catmullrom"
						},
						"0.4333": {
							"post": [2.325, 4.25, 1.18],
							"lerp_mode": "catmullrom"
						},
						"0.6": {
							"post": [2.545, 3.825, 1.53],
							"lerp_mode": "catmullrom"
						},
						"0.9": {
							"post": [2.54, 3.695, 1.68],
							"lerp_mode": "catmullrom"
						},
						"1.0": {
							"post": [2.53, 3.905, 1.73],
							"lerp_mode": "catmullrom"
						},
						"1.1333": {
							"post": [2.395, 3.6, 1.68],
							"lerp_mode": "catmullrom"
						},
						"1.2667": {
							"post": [1.435, 1.145, 0.955],
							"lerp_mode": "catmullrom"
						},
						"1.4333": {
							"post": [-0.03, 0.85, 1.23],
							"lerp_mode": "catmullrom"
						},
						"1.5333": {
							"post": [-0.27, 0.98, 1.105],
							"lerp_mode": "catmullrom"
						},
						"1.6667": {
							"post": [-0.345, 0.48, 1.11],
							"lerp_mode": "catmullrom"
						},
						"1.7667": {
							"post": [-1.42, 1.93, 1.435],
							"lerp_mode": "catmullrom"
						},
						"1.8667": {
							"post": [-1.795, 1.76, 1.44],
							"lerp_mode": "catmullrom"
						},
						"2.0": {
							"post": [-1.62, 0.9, 1.44],
							"lerp_mode": "catmullrom"
						},
						"2.2667": {
							"post": [-1.47, 0.405, 1.44],
							"lerp_mode": "catmullrom"
						},
						"2.6667": {
							"post": [-1.465, 0.16875, 1.46],
							"lerp_mode": "catmullrom"
						},
						"3.0667": {
							"post": [-1.395, 0.555, 1.44],
							"lerp_mode": "catmullrom"
						},
						"3.4": {
							"post": [-0.685, -0.065, -0.425],
							"lerp_mode": "catmullrom"
						},
						"3.5333": {
							"post": [0.415, -0.565, -0.505],
							"lerp_mode": "catmullrom"
						},
						"3.6333": {
							"post": [0.49, -0.19, -2.17],
							"lerp_mode": "catmullrom"
						},
						"3.7333": {
							"post": [0.565, 1.085, -3.555],
							"lerp_mode": "catmullrom"
						},
						"3.8333": {
							"post": [0.55, 1.83, -3.345],
							"lerp_mode": "catmullrom"
						},
						"3.9333": {
							"post": [0.52, 1.75, -3.55],
							"lerp_mode": "catmullrom"
						},
						"4.0333": {
							"post": [0.52, 1.04, -3.365],
							"lerp_mode": "catmullrom"
						},
						"4.1667": {
							"post": [0.52, 1.32, -3.09],
							"lerp_mode": "catmullrom"
						},
						"4.4": {
							"post": [0.54, 1.47, -3.245],
							"lerp_mode": "catmullrom"
						},
						"4.6": {
							"post": [0.55, 1.33, -3.49],
							"lerp_mode": "catmullrom"
						},
						"4.6667": {
							"post": [0.55, 2.135, -3.88],
							"lerp_mode": "catmullrom"
						},
						"4.7667": {
							"post": [0.55, 2.055, -4.17],
							"lerp_mode": "catmullrom"
						},
						"4.9333": {
							"post": [0.47, 1.18, -2.65],
							"lerp_mode": "catmullrom"
						},
						"5.0667": {
							"post": [0.155, 0.18, 0.6],
							"lerp_mode": "catmullrom"
						},
						"5.2": {
							"post": [-0.4, 0.55, 1.44],
							"lerp_mode": "catmullrom"
						},
						"5.3": {
							"post": [-0.545, 1.75, 0.885],
							"lerp_mode": "catmullrom"
						},
						"5.4333": {
							"post": [-0.245, 2.45, 1.14],
							"lerp_mode": "catmullrom"
						},
						"5.6333": {
							"post": [0.405, 2.355, 1.315],
							"lerp_mode": "catmullrom"
						},
						"5.7": {
							"post": [1.105, 0.68, 1.32],
							"lerp_mode": "catmullrom"
						},
						"5.8333": {
							"post": [0.63, 0.98, 1.32],
							"lerp_mode": "catmullrom"
						},
						"5.9667": {
							"post": [0.59, -0.53, -1.86],
							"lerp_mode": "catmullrom"
						},
						"6.0667": {
							"post": [0.51, -1.965, -2.34],
							"lerp_mode": "catmullrom"
						},
						"6.1333": {
							"post": [0.31, -0.86, -0.41],
							"lerp_mode": "catmullrom"
						},
						"6.2333": {
							"post": [0, -0.05, 0.6],
							"lerp_mode": "catmullrom"
						},
						"6.3333": {
							"post": [0, -0.125, -0.15],
							"lerp_mode": "catmullrom"
						},
						"6.4333": {
							"post": [0, 0, 0.15],
							"lerp_mode": "catmullrom"
						},
						"6.5667": {
							"post": [0, 0, 0],
							"lerp_mode": "catmullrom"
						}
					}
				},
				"mag_and_lefthand": {
					"rotation": {
						"1.6667": [0, 0, 0],
						"1.7333": [0, 0, 0],
						"1.8": [0.31838, -3.05966, -13.14528],
						"1.9333": [-22.93073, -9.02445, 14.64036],
						"2.3667": {
							"pre": [-22.93, -9.02, 14.64],
							"post": [-22.93, -9.02, 14.64],
							"lerp_mode": "catmullrom"
						},
						"2.5": {
							"post": [24.00125, 13.01889, 65.38409],
							"lerp_mode": "catmullrom"
						},
						"2.7333": {
							"post": [17.11163, 13.23259, 55.62339],
							"lerp_mode": "catmullrom"
						},
						"3.0333": [16.41306, 14.098, 52.66719],
						"3.2": [-13.51108, 17.04604, -10.24615],
						"3.4667": [0, 0, 0],
						"4.6": [0, 0, 0],
						"5.0667": [4.38338, -16.66847, -73.78579],
						"5.2667": [-22.93073, -9.02445, 14.64036],
						"5.3333": [-21.36627, -4.32852, -29.00362],
						"5.4333": [-10.66045, -1.38032, -5.61365],
						"5.5333": [-1.75, 0, 0],
						"5.6333": [0, 0, 0],
						"5.7": [0, 0, 0]
					},
					"position": {
						"1.6667": {
							"pre": [0, 0, 0],
							"post": [0, 0, 0],
							"lerp_mode": "catmullrom"
						},
						"1.7333": {
							"post": [0, -5.9, 0],
							"lerp_mode": "catmullrom"
						},
						"1.8": {
							"post": [1.86, -7.34, -0.07],
							"lerp_mode": "catmullrom"
						},
						"1.9333": {
							"post": [5.325, -3.575, -0.225],
							"lerp_mode": "catmullrom"
						},
						"2.0667": {
							"post": [6.45, -2.345, -0.24],
							"lerp_mode": "catmullrom"
						},
						"2.3333": {
							"post": [6.5, -2.28, -0.24],
							"lerp_mode": "catmullrom"
						},
						"2.5333": {
							"post": [6.00649, -1.96095, -0.06063],
							"lerp_mode": "catmullrom"
						},
						"2.7333": {
							"post": [6.696, -2.01753, -0.36326],
							"lerp_mode": "catmullrom"
						},
						"3.0": {
							"post": [5.9862, -2.64152, 0.14752],
							"lerp_mode": "catmullrom"
						},
						"3.2667": {
							"post": [0.66769, -8.94792, 6.14443],
							"lerp_mode": "catmullrom"
						},
						"3.4667": [0.18137, -9.65475, 6.78589],
						"3.6667": [1.8, -7.02, 4.8],
						"4.6": [1.8, -7.02, 4.8],
						"5.0667": {
							"pre": [16.62863, -6.52224, 4.9447],
							"post": [16.62863, -6.52224, 4.9447],
							"lerp_mode": "catmullrom"
						},
						"5.1667": {
							"post": [-1.92155, -18.75609, 9.49435],
							"lerp_mode": "catmullrom"
						},
						"5.2667": {
							"post": [-2.39748, -8.71562, 5.21463],
							"lerp_mode": "catmullrom"
						},
						"5.4333": [0.25, -7.025, 0.275],
						"5.6333": [0, -5.9, 0],
						"5.7": [0, 0, 0]
					}
				},
				"lefthand": {
					"rotation": {
						"0.0": [91.47, -398.26, -126.76],
						"0.3": [135.4661, -414.89607, -145.74556],
						"1.2": [91.47237, -398.26212, -126.75784],
						"1.3": [67.94594, -402.21263, -86.55696],
						"1.4667": [102.01512, -419.10604, -129.90951],
						"1.6": [120.0116, -414.55218, -151.31838],
						"2.3667": [113.51566, -403.36221, -142.75697],
						"2.5": [136.48766, -374.47713, -187.04113],
						"2.9333": [136.48766, -374.47713, -187.04113],
						"3.3667": [120.0116, -414.55218, -151.31838],
						"3.5": [102.01512, -419.10604, -129.90951],
						"3.7333": [101.7321, -399.55235, -185.93504],
						"3.8333": [109.95093, -403.33467, -201.22264],
						"3.9333": [116.38885, -392.56819, -210.53953],
						"4.0": [111.29303, -384.42978, -206.15981],
						"4.0667": [116.38885, -392.56819, -210.53953],
						"4.3": [115.34933, -388.96859, -208.50867],
						"4.6": [115.34933, -388.96859, -208.50867],
						"4.7": [108.37996, -412.69629, -242.39095],
						"4.8333": [115.6938, -423.84788, -250.94488],
						"5.1333": [100.88876, -412.25625, -127.33969],
						"5.5": [100.89, -412.26, -127.34],
						"5.6667": [96.58116, -360.91757, -108.72856],
						"5.9": [96.58116, -360.91757, -108.72856],
						"6.0333": [91.47, -398.26, -126.76]
					},
					"position": {
						"0.0": [7.75, -13, -3.5],
						"0.1333": [8.95872, -16.59584, 0.06092],
						"0.2": [7.77341, -22.66102, 3.20472],
						"0.3": [0.51156, -27.46069, 10.36215],
						"1.2": [1.20272, -29.15603, 9.84726],
						"1.3": [6.22787, -24.10779, 4.45804],
						"1.4667": [7.225, -18.375, 1.9],
						"1.6": [7.225, -18.375, 1.9],
						"2.3667": [7.225, -18.375, 1.9],
						"2.5": [7.66527, -18.19908, 1.64764],
						"2.9333": [7.66527, -18.19908, 1.64764],
						"3.3667": [7.225, -18.375, 1.9],
						"3.5667": [11.93877, -18.62905, 1.37239],
						"3.6": [15.25441, -14.47807, 1.25513],
						"3.6333": [16.62257, -10.75636, 1.28233],
						"3.6667": [16.41013, -8.06521, 1.68501],
						"3.7": [15.30777, -5.44709, 1.87488],
						"3.7333": [12.96443, -3.59552, 2.73852],
						"3.7667": [10.00947, -2.29152, 3.36829],
						"3.8": [6.71451, -2.12146, 4.76555],
						"3.9333": [6.71451, -2.12146, 4.76555],
						"4.0": [6.71451, -2.12146, 6.26555],
						"4.6": [6.71451, -2.12146, 6.26555],
						"4.7": [11.54637, -2.50368, 12.56477],
						"4.8": [12.41, -2.56, 14.11],
						"4.9333": [15.84984, -2.76615, 20.31588],
						"5.1333": [7.425, -18.7, 1.9],
						"5.5": [7.43, -18.7, 1.9],
						"5.6667": [7.43, -19.55, 1.9],
						"5.9": [7.43, -19.55, 1.9],
						"6.0333": [7.75, -13, -3.5]
					},
					"scale": [1, 1.5, 1]
				},
				"mag_and_bullet": {
					"scale": {
						"0.0": [1, 1, 1],
						"3.2667": {
							"pre": [1, 1, 1],
							"post": [0, 0, 0]
						},
						"5.2333": {
							"pre": [0, 0, 0],
							"post": [1, 1, 1]
						}
					}
				},
				"gun_and_righthand": {
					"rotation": {
						"1.7": {
							"pre": [0, 0, 0],
							"post": [0, 0, 0],
							"lerp_mode": "catmullrom"
						},
						"1.7667": {
							"post": [1.02678, 0.00359, -3.14566],
							"lerp_mode": "catmullrom"
						},
						"1.8667": {
							"post": [2.27514, 0.29255, -8.26714],
							"lerp_mode": "catmullrom"
						},
						"2.1": {
							"post": [1.19454, 0.09593, -4.58574],
							"lerp_mode": "catmullrom"
						},
						"2.4333": {
							"post": [1.19454, 0.09593, -4.58574],
							"lerp_mode": "catmullrom"
						},
						"2.6667": {
							"post": [0, 0, 0],
							"lerp_mode": "catmullrom"
						}
					}
				},
				"righthand": {
					"rotation": [100.21875, 11.81504, -177.88617],
					"position": {
						"0.0": [-6.6, -14.2, 2.2],
						"0.2": [-8.2, -14.2, 2.2],
						"0.9333": [-8.2, -14.2, 2.2],
						"1.0": [-8.2, -14.2, 2.2],
						"1.1": [-8.325, -14.2, 2.55],
						"1.2": [-8.2, -14.2, 2.2],
						"3.5": [-8.2, -14.2, 2.2],
						"3.6333": [-6.6, -14.2, 2.2],
						"5.0667": [-6.6, -14.2, 2.2],
						"5.2": [-8.2, -14.2, 2.2],
						"5.9": [-8.2, -14.2, 2.2],
						"6.0333": [-6.6, -14.2, 2.2]
					},
					"scale": [1, 1.5, 1]
				},
				"constraint": {
					"rotation": [0.05, 0.2, 0.1],
					"position": [0.15, 0.2, 0.35]
				},
				"additional_magazine": {
					"scale": {
						"0.0": [0, 0, 0],
						"6.3333": {
							"pre": [0, 0, 0],
							"post": [1, 1, 1]
						}
					}
				},
				"camera": {
					"rotation": {
						"0.0": {
							"post": [0, 0, 0],
							"lerp_mode": "catmullrom"
						},
						"0.2": {
							"post": [0.65, 0.14, -0.18],
							"lerp_mode": "catmullrom"
						},
						"0.4333": {
							"post": [3.275, 0.65, -0.775],
							"lerp_mode": "catmullrom"
						},
						"1.0333": {
							"post": [3.745, 0.65, -1.1],
							"lerp_mode": "catmullrom"
						},
						"1.3667": {
							"post": [1.075, 0.65, -0.3],
							"lerp_mode": "catmullrom"
						},
						"1.7": {
							"post": [1.22, 0.075, -0.575],
							"lerp_mode": "catmullrom"
						},
						"1.8333": {
							"post": [3.29, -1.37, -0.25],
							"lerp_mode": "catmullrom"
						},
						"1.9333": {
							"post": [4.17, -2.45, -1.75],
							"lerp_mode": "catmullrom"
						},
						"2.1333": {
							"post": [4.03, -2.97, -0.75],
							"lerp_mode": "catmullrom"
						},
						"2.3333": {
							"post": [4.32, -3.425, -1.425],
							"lerp_mode": "catmullrom"
						},
						"2.5667": {
							"post": [3.59, -3.7, -0.94],
							"lerp_mode": "catmullrom"
						},
						"2.8333": {
							"post": [2.645, -3.975, -0.9],
							"lerp_mode": "catmullrom"
						},
						"3.0667": {
							"post": [2.25, -4.1, -0.725],
							"lerp_mode": "catmullrom"
						},
						"3.2667": {
							"post": [1.34, -4.09, -0.46],
							"lerp_mode": "catmullrom"
						},
						"3.4": {
							"post": [1.215, -3.625, 0.45],
							"lerp_mode": "catmullrom"
						},
						"3.5333": {
							"post": [2.04, -2, 0.3],
							"lerp_mode": "catmullrom"
						},
						"3.7333": {
							"post": [3.495, 0.65, 0.3],
							"lerp_mode": "catmullrom"
						},
						"3.9667": {
							"post": [4, 0.99, 0.475],
							"lerp_mode": "catmullrom"
						},
						"4.0667": {
							"post": [4.545, 0.99, 1.075],
							"lerp_mode": "catmullrom"
						},
						"4.2333": {
							"post": [3.6, 0.93, -0.075],
							"lerp_mode": "catmullrom"
						},
						"4.4667": {
							"post": [4.18, 0.88, 0.475],
							"lerp_mode": "catmullrom"
						},
						"4.5667": {
							"post": [4.23, 0.86, 0.475],
							"lerp_mode": "catmullrom"
						},
						"4.6667": {
							"post": [5.05, 0.75, 1.35],
							"lerp_mode": "catmullrom"
						},
						"4.8": {
							"post": [3.235, 0.47, -0.225],
							"lerp_mode": "catmullrom"
						},
						"4.9667": {
							"post": [3.415, 0.06, 0.4],
							"lerp_mode": "catmullrom"
						},
						"5.1667": {
							"post": [2.12, -0.1, 0.015],
							"lerp_mode": "catmullrom"
						},
						"5.3": {
							"post": [1.72, -0.14, 0.175],
							"lerp_mode": "catmullrom"
						},
						"5.4333": {
							"post": [1.625, -0.16, -0.035],
							"lerp_mode": "catmullrom"
						},
						"5.6333": {
							"post": [2.75, -0.175, -0.3],
							"lerp_mode": "catmullrom"
						},
						"5.7333": {
							"post": [3.46, -0.14, 0.835],
							"lerp_mode": "catmullrom"
						},
						"5.9": {
							"post": [1.815, -0.08, -0.83],
							"lerp_mode": "catmullrom"
						},
						"6.0667": {
							"post": [0.95, 0, 0.325],
							"lerp_mode": "catmullrom"
						},
						"6.2": {
							"post": [-0.325, 0, -0.225],
							"lerp_mode": "catmullrom"
						},
						"6.3333": {
							"post": [0.175, 0, 0.45],
							"lerp_mode": "catmullrom"
						},
						"6.4667": {
							"post": [-0.125, 0, -0.125],
							"lerp_mode": "catmullrom"
						},
						"6.6333": {
							"post": [0, 0, 0],
							"lerp_mode": "catmullrom"
						}
					}
				},
				"Bolt2": {
					"position": {
						"3.9333": [0, 0, 0],
						"4.0": [0, 0, 1.5],
						"4.6": [0, 0, 1.5],
						"4.7": [0, 0, 0],
						"4.7667": [0, 0, 0.3125],
						"4.8667": [0, 0, 0]
					}
				},
				"mp7_bolt": {
					"position": {
						"3.9333": [0, 0, 0],
						"4.0": [0, 0, 1.5],
						"4.6": [0, 0, 1.5],
						"4.7": [0, 0, 0],
						"4.7667": [0, 0, 0.25],
						"4.8667": [0, 0, 0]
					}
				}
			},
			"sound_effects": {
				"0.0": {
					"effect": "tacz:p90/p90_inspect_raise"
				},
				"1.1667": {
					"effect": "tacz:p90/p90_inspect_tilt"
				},
				"1.6": {
					"effect": "tacz:spr15hb/spr15hb_reload_empty_magout"
				},
				"2.3333": {
					"effect": "tacz:spr15hb/spr15hb_inspect_rotate"
				},
				"3.1333": {
					"effect": "tacz:p90/p90_inspect_rattle"
				},
				"3.8667": {
					"effect": "tacz:victor45/victor_inspect_boltpull"
				},
				"4.6": {
					"effect": "tacz:victor45/victor_inspect_boltrelease"
				},
				"5.0333": {
					"effect": "tacz:p90/p90_inspect_armdown"
				},
				"5.4667": {
					"effect": "tacz:spr15hb/spr15hb_inspect_rattle2"
				},
				"5.6333": {
					"effect": "tacz:spr15hb/spr15hb_reload_magin"
				},
				"6.0333": {
					"effect": "tacz:p90/p90_inspect_end"
				}
			}
		},
		"inspect_empty": {
			"animation_length": 6.8,
			"bones": {
				"root": {
					"rotation": {
						"0.0": {
							"post": [0, 0, 0],
							"lerp_mode": "catmullrom"
						},
						"0.2667": {
							"post": [-11.4, -39.17, -45.465],
							"lerp_mode": "catmullrom"
						},
						"0.4": {
							"post": [-12.09, -47.67, -53.42],
							"lerp_mode": "catmullrom"
						},
						"0.6": {
							"post": [-10.94, -48.79, -55.465],
							"lerp_mode": "catmullrom"
						},
						"0.8333": {
							"post": [-8.36907, -49.45083, -58.20011],
							"lerp_mode": "catmullrom"
						},
						"1.0667": {
							"post": [-8.975, -48.64, -58.35],
							"lerp_mode": "catmullrom"
						},
						"1.2333": {
							"post": [-16.26359, -34.63452, -39.31901],
							"lerp_mode": "catmullrom"
						},
						"1.4333": {
							"post": [-15.32021, -10.31204, -36.61094],
							"lerp_mode": "catmullrom"
						},
						"1.6667": {
							"post": [-15.32021, -10.31204, -36.61094],
							"lerp_mode": "catmullrom"
						},
						"1.7667": {
							"post": [-12.314, -10.19722, -24.19624],
							"lerp_mode": "catmullrom"
						},
						"1.9667": {
							"post": [-14.66959, -13.28761, -38.49377],
							"lerp_mode": "catmullrom"
						},
						"2.2": {
							"post": [-13.61949, -11.00059, -35.08987],
							"lerp_mode": "catmullrom"
						},
						"3.0": {
							"post": [-19.02566, -13.12871, -34.34283],
							"lerp_mode": "catmullrom"
						},
						"3.2333": {
							"post": [-18.88924, -28.19537, -29.13162],
							"lerp_mode": "catmullrom"
						},
						"3.4667": {
							"post": [-21.18, -29.07, -30.26],
							"lerp_mode": "catmullrom"
						},
						"3.6667": {
							"post": [-31.30096, 16.43112, 33.32269],
							"lerp_mode": "catmullrom"
						},
						"3.8": {
							"post": [-19.80011, 35.11186, 73.78018],
							"lerp_mode": "catmullrom"
						},
						"4.0333": {
							"post": [-22.29015, 36.09717, 70.77313],
							"lerp_mode": "catmullrom"
						},
						"4.2": {
							"post": [-26.05503, 32.18806, 59.64138],
							"lerp_mode": "catmullrom"
						},
						"4.3333": {
							"post": [-21.17344, 8.75809, 22.61335],
							"lerp_mode": "catmullrom"
						},
						"4.4667": {
							"post": [-14.06914, -12.93791, -37.68337],
							"lerp_mode": "catmullrom"
						},
						"4.5667": {
							"post": [-14.31012, -25.1787, -46.89249],
							"lerp_mode": "catmullrom"
						},
						"4.6667": {
							"post": [-16.96827, -34.21514, -44.43707],
							"lerp_mode": "catmullrom"
						},
						"4.7667": {
							"post": [-17.85707, -37.87786, -44.21183],
							"lerp_mode": "catmullrom"
						},
						"4.8333": {
							"post": [-17.18915, -38.03604, -46.06745],
							"lerp_mode": "catmullrom"
						},
						"4.9": {
							"post": [-16.26, -37.08, -45.52],
							"lerp_mode": "catmullrom"
						},
						"4.9333": {
							"post": [-24.12444, -34.14264, -37.13555],
							"lerp_mode": "catmullrom"
						},
						"4.9667": {
							"post": [-12.91889, -34.27774, -38.61258],
							"lerp_mode": "catmullrom"
						},
						"5.0333": {
							"post": [-14.81359, -31.12537, -28.95823],
							"lerp_mode": "catmullrom"
						},
						"5.1": {
							"post": [-6.65, -32.04, -42.93],
							"lerp_mode": "catmullrom"
						},
						"5.2333": {
							"post": [-11.08, -18.88, -22.82],
							"lerp_mode": "catmullrom"
						},
						"5.3667": {
							"post": [2.51996, -7.02572, -0.01833],
							"lerp_mode": "catmullrom"
						},
						"5.5": {
							"post": [0.25183, -0.82226, -1.85471],
							"lerp_mode": "catmullrom"
						},
						"5.5667": {
							"post": [-0.00274, -0.34214, 0.80421],
							"lerp_mode": "catmullrom"
						},
						"5.6667": {
							"post": [0, 0.08125, -0.775],
							"lerp_mode": "catmullrom"
						},
						"5.8": {
							"post": [0, 0, 0.25],
							"lerp_mode": "catmullrom"
						},
						"5.9333": {
							"post": [0, 0, 0],
							"lerp_mode": "catmullrom"
						}
					},
					"position": {
						"0.0": {
							"post": [0, 0, 0],
							"lerp_mode": "catmullrom"
						},
						"0.1333": {
							"post": [0.345, -0.28, -0.12],
							"lerp_mode": "catmullrom"
						},
						"0.3": {
							"post": [1.6, 3.75, 0.6],
							"lerp_mode": "catmullrom"
						},
						"0.4333": {
							"post": [2.325, 4.25, 1.18],
							"lerp_mode": "catmullrom"
						},
						"0.6": {
							"post": [2.545, 3.825, 1.53],
							"lerp_mode": "catmullrom"
						},
						"0.9": {
							"post": [2.54, 3.695, 1.68],
							"lerp_mode": "catmullrom"
						},
						"1.0": {
							"post": [2.53, 3.905, 1.73],
							"lerp_mode": "catmullrom"
						},
						"1.1333": {
							"post": [2.395, 3.6, 1.68],
							"lerp_mode": "catmullrom"
						},
						"1.2667": {
							"post": [1.435, 1.145, 0.955],
							"lerp_mode": "catmullrom"
						},
						"1.4333": {
							"post": [-0.03, 0.85, 1.23],
							"lerp_mode": "catmullrom"
						},
						"1.5333": {
							"post": [-0.27, 0.98, 1.105],
							"lerp_mode": "catmullrom"
						},
						"1.6667": {
							"post": [-0.345, 0.48, 1.11],
							"lerp_mode": "catmullrom"
						},
						"1.7667": {
							"post": [-1.42, 1.93, 1.435],
							"lerp_mode": "catmullrom"
						},
						"1.8667": {
							"post": [-1.795, 1.76, 1.44],
							"lerp_mode": "catmullrom"
						},
						"2.0": {
							"post": [-1.62, 0.9, 1.44],
							"lerp_mode": "catmullrom"
						},
						"2.2667": {
							"post": [-1.47, 0.405, 1.44],
							"lerp_mode": "catmullrom"
						},
						"2.6667": {
							"post": [-1.465, 0.16875, 1.46],
							"lerp_mode": "catmullrom"
						},
						"3.0667": {
							"post": [-1.395, 0.555, 1.44],
							"lerp_mode": "catmullrom"
						},
						"3.4": {
							"post": [-0.685, -0.065, -0.425],
							"lerp_mode": "catmullrom"
						},
						"3.5333": {
							"post": [0.415, -0.565, -0.505],
							"lerp_mode": "catmullrom"
						},
						"3.6333": {
							"post": [0.49, -0.19, -1.67],
							"lerp_mode": "catmullrom"
						},
						"3.7333": {
							"post": [0.565, 0.835, -2.555],
							"lerp_mode": "catmullrom"
						},
						"3.8333": {
							"post": [0.55, 1.33, -2.345],
							"lerp_mode": "catmullrom"
						},
						"4.0": {
							"post": [0.52, 1.25, -2.55],
							"lerp_mode": "catmullrom"
						},
						"4.1667": {
							"post": [0.52, 1.25, -2.55],
							"lerp_mode": "catmullrom"
						},
						"4.3333": {
							"post": [0.155, 0.18, 0.6],
							"lerp_mode": "catmullrom"
						},
						"4.4667": {
							"post": [-0.4, 0.55, 1.44],
							"lerp_mode": "catmullrom"
						},
						"4.5667": {
							"post": [-0.545, 1.75, 0.885],
							"lerp_mode": "catmullrom"
						},
						"4.7": {
							"post": [-0.245, 2.45, 1.14],
							"lerp_mode": "catmullrom"
						},
						"4.9": {
							"post": [0.405, 2.355, 1.315],
							"lerp_mode": "catmullrom"
						},
						"4.9667": {
							"post": [1.105, 0.68, 1.32],
							"lerp_mode": "catmullrom"
						},
						"5.1": {
							"post": [0.63, 0.98, 1.32],
							"lerp_mode": "catmullrom"
						},
						"5.2333": {
							"post": [0.59, -0.53, -1.86],
							"lerp_mode": "catmullrom"
						},
						"5.3333": {
							"post": [0.51, -1.965, -2.34],
							"lerp_mode": "catmullrom"
						},
						"5.4": {
							"post": [0.31, -0.86, -0.41],
							"lerp_mode": "catmullrom"
						},
						"5.5": {
							"post": [0, -0.05, 0.6],
							"lerp_mode": "catmullrom"
						},
						"5.6": {
							"post": [0, -0.125, -0.15],
							"lerp_mode": "catmullrom"
						},
						"5.7": {
							"post": [0, 0, 0.15],
							"lerp_mode": "catmullrom"
						},
						"5.8333": {
							"post": [0, 0, 0],
							"lerp_mode": "catmullrom"
						}
					}
				},
				"mag_and_lefthand": {
					"rotation": {
						"1.6667": [0, 0, 0],
						"1.7333": [0, 0, 0],
						"1.8": [0.31838, -3.05966, -13.14528],
						"1.9333": [-22.93073, -9.02445, 14.64036],
						"2.3667": {
							"pre": [-22.93, -9.02, 14.64],
							"post": [-22.93, -9.02, 14.64],
							"lerp_mode": "catmullrom"
						},
						"2.5": {
							"post": [24.00125, 13.01889, 65.38409],
							"lerp_mode": "catmullrom"
						},
						"2.7333": {
							"post": [17.11163, 13.23259, 55.62339],
							"lerp_mode": "catmullrom"
						},
						"3.0333": [16.41306, 14.098, 52.66719],
						"3.2": [-13.51108, 17.04604, -10.24615],
						"3.4667": [0, 0, 0],
						"4.3333": [4.38338, -16.66847, -73.78579],
						"4.4": [0, 0, 0],
						"4.5333": [-22.93073, -9.02445, 14.64036],
						"4.6": [-21.36627, -4.32852, -29.00362],
						"4.7": [-10.66045, -1.38032, -5.61365],
						"4.8": [-1.75, 0, 0],
						"4.9": [0, 0, 0],
						"4.9667": [0, 0, 0]
					},
					"position": {
						"1.6667": {
							"pre": [0, 0, 0],
							"post": [0, 0, 0],
							"lerp_mode": "catmullrom"
						},
						"1.7333": {
							"post": [0, -5.9, 0],
							"lerp_mode": "catmullrom"
						},
						"1.8": {
							"post": [1.86, -7.34, -0.07],
							"lerp_mode": "catmullrom"
						},
						"1.9333": {
							"post": [5.325, -3.575, -0.225],
							"lerp_mode": "catmullrom"
						},
						"2.0667": {
							"post": [6.45, -2.345, -0.24],
							"lerp_mode": "catmullrom"
						},
						"2.3333": {
							"post": [6.5, -2.28, -0.24],
							"lerp_mode": "catmullrom"
						},
						"2.5333": {
							"post": [6.00649, -1.96095, -0.06063],
							"lerp_mode": "catmullrom"
						},
						"2.7333": {
							"post": [6.696, -2.01753, -0.36326],
							"lerp_mode": "catmullrom"
						},
						"3.0": {
							"post": [5.9862, -2.64152, 0.14752],
							"lerp_mode": "catmullrom"
						},
						"3.2667": {
							"post": [0.66769, -8.94792, 6.14443],
							"lerp_mode": "catmullrom"
						},
						"3.4667": [0.18137, -9.65475, 6.78589],
						"3.6667": [1.8, -7.02, 4.8],
						"4.3333": {
							"pre": [16.62863, -6.52224, 4.9447],
							"post": [16.62863, -6.52224, 4.9447],
							"lerp_mode": "catmullrom"
						},
						"4.4": [1.8, -7.02, 4.8],
						"4.4333": {
							"pre": [-1.92155, -18.75609, 9.49435],
							"post": [-1.92155, -18.75609, 9.49435],
							"lerp_mode": "catmullrom"
						},
						"4.5333": {
							"post": [-2.39748, -8.71562, 5.21463],
							"lerp_mode": "catmullrom"
						},
						"4.7": [0.25, -7.025, 0.275],
						"4.9": [0, -5.9, 0],
						"4.9667": [0, 0, 0]
					}
				},
				"lefthand": {
					"rotation": {
						"0.0": [91.47, -398.26, -126.76],
						"0.3": [135.4661, -414.89607, -145.74556],
						"1.2": [91.47237, -398.26212, -126.75784],
						"1.3": [67.94594, -402.21263, -86.55696],
						"1.4667": [102.01512, -419.10604, -129.90951],
						"1.6": [120.0116, -414.55218, -151.31838],
						"2.3667": [113.51566, -403.36221, -142.75697],
						"2.5": [136.48766, -374.47713, -187.04113],
						"2.9333": [136.48766, -374.47713, -187.04113],
						"3.3667": [120.0116, -414.55218, -151.31838],
						"4.4": [100.88876, -412.25625, -127.33969],
						"4.7667": [100.89, -412.26, -127.34],
						"4.9333": [96.58116, -360.91757, -108.72856],
						"5.1667": [96.58116, -360.91757, -108.72856],
						"5.3": [91.47, -398.26, -126.76]
					},
					"position": {
						"0.0": [7.75, -13, -3.5],
						"0.1333": [8.95872, -16.59584, 0.06092],
						"0.2": [7.77341, -22.66102, 3.20472],
						"0.3": [0.51156, -27.46069, 10.36215],
						"1.2": [1.20272, -29.15603, 9.84726],
						"1.3": [6.22787, -24.10779, 4.45804],
						"1.4667": [7.225, -18.375, 1.9],
						"1.6": [7.225, -18.375, 1.9],
						"2.3667": [7.225, -18.375, 1.9],
						"2.5": [7.66527, -18.19908, 1.64764],
						"2.9333": [7.66527, -18.19908, 1.64764],
						"3.3667": [7.225, -18.375, 1.9],
						"4.4": [7.425, -18.7, 1.9],
						"4.7667": [7.43, -18.7, 1.9],
						"4.9333": [7.43, -19.55, 1.9],
						"5.1667": [7.43, -19.55, 1.9],
						"5.3": [7.75, -13, -3.5]
					},
					"scale": [1, 1.5, 1]
				},
				"mag_and_bullet": {
					"scale": {
						"0.0": [1, 1, 1],
						"3.2667": {
							"pre": [1, 1, 1],
							"post": [0, 0, 0]
						},
						"4.5": {
							"pre": [0, 0, 0],
							"post": [1, 1, 1]
						}
					}
				},
				"gun_and_righthand": {
					"rotation": {
						"1.7": {
							"pre": [0, 0, 0],
							"post": [0, 0, 0],
							"lerp_mode": "catmullrom"
						},
						"1.7667": {
							"post": [1.02678, 0.00359, -3.14566],
							"lerp_mode": "catmullrom"
						},
						"1.8667": {
							"post": [2.27514, 0.29255, -8.26714],
							"lerp_mode": "catmullrom"
						},
						"2.1": {
							"post": [1.19454, 0.09593, -4.58574],
							"lerp_mode": "catmullrom"
						},
						"2.4333": {
							"post": [1.19454, 0.09593, -4.58574],
							"lerp_mode": "catmullrom"
						},
						"2.6667": {
							"post": [0, 0, 0],
							"lerp_mode": "catmullrom"
						}
					}
				},
				"righthand": {
					"rotation": [100.21875, 11.81504, -177.88617],
					"position": {
						"0.0": [-6.6, -14.2, 2.2],
						"0.2": [-8.2, -14.2, 2.2],
						"0.9333": [-8.2, -14.2, 2.2],
						"1.0": [-8.2, -14.2, 2.2],
						"1.1": [-8.325, -14.2, 2.55],
						"1.2": [-8.2, -14.2, 2.2],
						"3.5": [-8.2, -14.2, 2.2],
						"3.6333": [-6.6, -14.2, 2.2],
						"4.3333": [-6.6, -14.2, 2.2],
						"4.4667": [-8.2, -14.2, 2.2],
						"5.1667": [-8.2, -14.2, 2.2],
						"5.3": [-6.6, -14.2, 2.2]
					},
					"scale": [1, 1.5, 1]
				},
				"constraint": {
					"rotation": [0.05, 0.2, 0.1],
					"position": [0.15, 0.2, 0.35]
				},
				"additional_magazine": {
					"scale": {
						"0.0": [0, 0, 0],
						"5.6": {
							"pre": [0, 0, 0],
							"post": [1, 1, 1]
						}
					}
				},
				"camera": {
					"rotation": {
						"0.0": {
							"post": [0, 0, 0],
							"lerp_mode": "catmullrom"
						},
						"0.2": {
							"post": [0.65, 0.14, -0.18],
							"lerp_mode": "catmullrom"
						},
						"0.4333": {
							"post": [3.275, 0.65, -0.775],
							"lerp_mode": "catmullrom"
						},
						"1.0333": {
							"post": [3.745, 0.65, -1.1],
							"lerp_mode": "catmullrom"
						},
						"1.3667": {
							"post": [1.075, 0.65, -0.3],
							"lerp_mode": "catmullrom"
						},
						"1.7": {
							"post": [1.22, 0.075, -0.575],
							"lerp_mode": "catmullrom"
						},
						"1.8333": {
							"post": [3.29, -1.37, -0.25],
							"lerp_mode": "catmullrom"
						},
						"1.9333": {
							"post": [4.17, -2.45, -1.75],
							"lerp_mode": "catmullrom"
						},
						"2.1333": {
							"post": [4.03, -2.97, -0.75],
							"lerp_mode": "catmullrom"
						},
						"2.3333": {
							"post": [4.32, -3.425, -1.425],
							"lerp_mode": "catmullrom"
						},
						"2.5667": {
							"post": [3.59, -3.7, -0.94],
							"lerp_mode": "catmullrom"
						},
						"2.8333": {
							"post": [2.645, -3.975, -0.9],
							"lerp_mode": "catmullrom"
						},
						"3.0667": {
							"post": [2.25, -4.1, -0.725],
							"lerp_mode": "catmullrom"
						},
						"3.2667": {
							"post": [1.34, -4.09, -0.46],
							"lerp_mode": "catmullrom"
						},
						"3.4": {
							"post": [1.215, -3.625, 0.45],
							"lerp_mode": "catmullrom"
						},
						"3.5333": {
							"post": [2.04, -2, 0.3],
							"lerp_mode": "catmullrom"
						},
						"3.7333": {
							"post": [3.495, 0.65, 0.3],
							"lerp_mode": "catmullrom"
						},
						"3.9667": {
							"post": [4, 0.99, 0.475],
							"lerp_mode": "catmullrom"
						},
						"4.2667": {
							"post": [3.6, 0.93, -0.075],
							"lerp_mode": "catmullrom"
						},
						"4.4333": {
							"post": [2.12, -0.1, 0.015],
							"lerp_mode": "catmullrom"
						},
						"4.5667": {
							"post": [1.72, -0.14, 0.175],
							"lerp_mode": "catmullrom"
						},
						"4.7": {
							"post": [1.625, -0.16, -0.035],
							"lerp_mode": "catmullrom"
						},
						"4.9": {
							"post": [2.75, -0.175, -0.3],
							"lerp_mode": "catmullrom"
						},
						"5.0": {
							"post": [3.46, -0.14, 0.835],
							"lerp_mode": "catmullrom"
						},
						"5.1667": {
							"post": [1.815, -0.08, -0.83],
							"lerp_mode": "catmullrom"
						},
						"5.3333": {
							"post": [0.95, 0, 0.325],
							"lerp_mode": "catmullrom"
						},
						"5.4667": {
							"post": [-0.325, 0, -0.225],
							"lerp_mode": "catmullrom"
						},
						"5.6": {
							"post": [0.175, 0, 0.45],
							"lerp_mode": "catmullrom"
						},
						"5.7333": {
							"post": [-0.125, 0, -0.125],
							"lerp_mode": "catmullrom"
						},
						"5.9": {
							"post": [0, 0, 0],
							"lerp_mode": "catmullrom"
						}
					}
				},
				"bullet": {
					"scale": 0
				},
				"bullet_in_mag": {
					"scale": 0
				},
				"mp7_bolt": {
					"position": [0, 0, 2.75]
				},
				"bullet_in_barrel": {
					"scale": 0
				}
			},
			"sound_effects": {
				"0.0": {
					"effect": "tacz:p90/p90_inspect_raise"
				},
				"1.1667": {
					"effect": "tacz:p90/p90_inspect_tilt"
				},
				"1.6": {
					"effect": "tacz:spr15hb/spr15hb_reload_empty_magout"
				},
				"2.3333": {
					"effect": "tacz:spr15hb/spr15hb_inspect_rotate"
				},
				"3.1333": {
					"effect": "tacz:p90/p90_inspect_rattle"
				},
				"4.3": {
					"effect": "tacz:p90/p90_inspect_armdown"
				},
				"4.7333": {
					"effect": "tacz:spr15hb/spr15hb_inspect_rattle2"
				},
				"4.9": {
					"effect": "tacz:spr15hb/spr15hb_reload_magin"
				},
				"5.3": {
					"effect": "tacz:p90/p90_inspect_end"
				}
			}
		},
		"shoot": {
			"animation_length": 0.3667,
			"bones": {
				"root": {
					"rotation": {
						"0.0": {
							"post": [0, 0, 0],
							"lerp_mode": "catmullrom"
						},
						"0.0333": {
							"post": [-0.43757, -0.87497, -1.24236],
							"lerp_mode": "catmullrom"
						},
						"0.1": {
							"post": [0, 0, 1],
							"lerp_mode": "catmullrom"
						},
						"0.1667": {
							"post": [0.0625, 0, -0.125],
							"lerp_mode": "catmullrom"
						},
						"0.3333": {
							"post": [0, 0, 0],
							"lerp_mode": "catmullrom"
						}
					},
					"position": {
						"0.0": {
							"post": [0, 0, 0],
							"lerp_mode": "catmullrom"
						},
						"0.0333": {
							"post": [-0.0225, 0.005, 0.75],
							"lerp_mode": "catmullrom"
						},
						"0.1333": {
							"post": [0.0125, 0, 0],
							"lerp_mode": "catmullrom"
						},
						"0.2": {
							"post": [0, 0, 0.0625],
							"lerp_mode": "catmullrom"
						},
						"0.3333": {
							"post": [0, 0, 0],
							"lerp_mode": "catmullrom"
						}
					}
				},
				"camera": {
					"rotation": {
						"0.0": [0, 0, 0],
						"0.0333": [0, 0, 0.625],
						"0.1": [0, 0, -0.37],
						"0.1333": [0, 0, 0.4],
						"0.2": [0, 0, -0.12],
						"0.2333": [0, 0, 0.185],
						"0.2667": [0, 0, 0]
					},
					"scale": 1
				},
				"mp7_bolt": {
					"position": {
						"0.0": [0, 0, 0],
						"0.0333": [0, 0, 2.75],
						"0.1": [0, 0, 0],
						"0.1333": [0, 0, 0.3125],
						"0.1667": [0, 0, 0]
					}
				},
				"Trigger": {
					"rotation": {
						"0.0": [0, 0, 0],
						"0.0333": [17.5, 0, 0],
						"0.0667": [0, 0, 0]
					},
					"position": {
						"0.0": [0, 0, 0],
						"0.0333": [0.00191, 0.00095, 0.12498],
						"0.0667": [0, 0, 0]
					}
				},
				"bullet_in_barrel": {
					"rotation": {
						"0.0333": [-10, 0, 0],
						"0.0667": [0, 0, 0]
					},
					"position": {
						"0.0333": [0, -0.25, 0],
						"0.0667": [0, 0, 0]
					},
					"scale": {
						"0.0333": [0, 0, 0],
						"0.0667": [1, 1, 1]
					}
				},
				"constraint": {
					"rotation": {
						"0.1667": [0.002, 0.09, 0.006],
						"0.3333": [0, 0, 0]
					},
					"position": {
						"0.1667": [0.01, 0.01, 0.25],
						"0.3333": [0, 0, 0]
					}
				}
			}
		}
	}
}