{
	"format_version": "1.12.0",
	"minecraft:geometry": [
		{
			"description": {
				"identifier": "geometry.OFA_JSEC_MODEL",
				"texture_width": 64,
				"texture_height": 64,
				"visible_bounds_width": 4,
				"visible_bounds_height": 2.5,
				"visible_bounds_offset": [0, 0.75, 0]
			},
			"bones": [
				{
					"name": "root",
					"pivot": [0, 10, 3.5]
				},
				{
					"name": "mag_and_lefthand",
					"parent": "root",
					"pivot": [0, 5.8, 0]
				},
				{
					"name": "lefthand",
					"parent": "mag_and_lefthand",
					"pivot": [-6, 19, 8]
				},
				{
					"name": "lefthand_pos",
					"parent": "lefthand",
					"pivot": [0, 8, 8],
					"cubes": [
						{
							"origin": [-7, 8, 6],
							"size": [3, 12, 4],
							"uv": {
								"north": {"uv": [12, 0], "uv_size": [4, 12]},
								"east": {"uv": [4, 12], "uv_size": [4, 12]},
								"south": {"uv": [8, 12], "uv_size": [4, 12]},
								"west": {"uv": [12, 12], "uv_size": [4, 12]},
								"up": {"uv": [16, 8], "uv_size": [4, 4]},
								"down": {"uv": [16, 16], "uv_size": [4, -4]}
							}
						}
					]
				},
				{
					"name": "magazine",
					"parent": "mag_and_lefthand",
					"pivot": [-11, 0, 0]
				},
				{
					"name": "mag_standard",
					"parent": "magazine",
					"pivot": [0, 8.10864, 2.79981]
				},
				{
					"name": "mag_extended_1",
					"parent": "magazine",
					"pivot": [0, 6.42941, 1.42753]
				},
				{
					"name": "mag_extended_2",
					"parent": "magazine",
					"pivot": [0, 6.42941, 1.42753]
				},
				{
					"name": "gun_and_righthand",
					"parent": "root",
					"pivot": [0, 0, 0]
				},
				{
					"name": "righthand",
					"parent": "gun_and_righthand",
					"pivot": [6, 19, 8]
				},
				{
					"name": "righthand_pos",
					"parent": "righthand",
					"pivot": [0, 8, 8],
					"cubes": [
						{
							"origin": [4, 8, 6],
							"size": [3, 12, 4],
							"uv": {
								"north": {"uv": [0, 0], "uv_size": [4, 12]},
								"east": {"uv": [4, 0], "uv_size": [4, 12]},
								"south": {"uv": [8, 0], "uv_size": [4, 12]},
								"west": {"uv": [0, 12], "uv_size": [4, 12]},
								"up": {"uv": [16, 0], "uv_size": [4, 4]},
								"down": {"uv": [16, 8], "uv_size": [4, -4]}
							}
						}
					]
				},
				{
					"name": "z80",
					"parent": "gun_and_righthand",
					"pivot": [-1, 1.66864, 11.43081]
				},
				{
					"name": "body",
					"parent": "z80",
					"pivot": [-0.93729, 5.05051, -3.40512],
					"cubes": [
						{
							"origin": [-0.46229, 10.01926, -2.28012],
							"size": [0.90092, 0.90404, 9.5624],
							"pivot": [0.44083, 10.92551, -4.03012],
							"rotation": [0, 0, 45],
							"uv": {
								"north": {"uv": [3, 22], "uv_size": [1, 1]},
								"east": {"uv": [23, 8], "uv_size": [9.5, 1]},
								"south": {"uv": [26, 15], "uv_size": [1, 1]},
								"west": {"uv": [23, 9], "uv_size": [9.5, 1]},
								"up": {"uv": [17, 20], "uv_size": [1, 9.5]},
								"down": {"uv": [7, 32.5], "uv_size": [1, -9.5]}
							}
						},
						{
							"origin": [-0.46229, 10.01926, -12.21762],
							"size": [0.9, 0.90625, 2.8125],
							"pivot": [0.44083, 10.92551, -17.90512],
							"rotation": [0, 0, 45],
							"uv": {
								"north": {"uv": [27, 21], "uv_size": [1, 1]},
								"east": {"uv": [23, 15], "uv_size": [3, 1]},
								"south": {"uv": [23, 27], "uv_size": [1, 1]},
								"west": {"uv": [35, 11], "uv_size": [3, 1]},
								"up": {"uv": [2, 27], "uv_size": [1, 3]},
								"down": {"uv": [3, 38], "uv_size": [1, -3]}
							}
						},
						{
							"origin": [-0.46229, 10.01926, -14.8425],
							"size": [0.9, 0.90625, 0.875],
							"pivot": [0.44083, 10.92551, -15.03012],
							"rotation": [0, 0, 45],
							"uv": {
								"north": {"uv": [29, 14], "uv_size": [1, 1]},
								"east": {"uv": [30, 20], "uv_size": [1, 1]},
								"south": {"uv": [33, 20], "uv_size": [1, 1]},
								"west": {"uv": [23, 40], "uv_size": [1, 1]},
								"up": {"uv": [43, 17], "uv_size": [1, 1]},
								"down": {"uv": [24, 44], "uv_size": [1, -1]}
							}
						},
						{
							"origin": [-0.46229, 10.01926, -13.96762],
							"size": [0.9, 0.90625, 1.375],
							"pivot": [0.44083, 10.92551, -13.96762],
							"rotation": [-45, 0, 45],
							"uv": {
								"north": {"uv": [43, 24], "uv_size": [1, 1]},
								"east": {"uv": [22, 39], "uv_size": [1.5, 1]},
								"south": {"uv": [25, 43], "uv_size": [1, 1]},
								"west": {"uv": [39, 22], "uv_size": [1.5, 1]},
								"up": {"uv": [37, 39], "uv_size": [1, 1.5]},
								"down": {"uv": [38, 40.5], "uv_size": [1, -1.5]}
							}
						},
						{
							"origin": [-0.46229, 10.01926, -13.59262],
							"size": [0.9, 0.90625, 1.375],
							"pivot": [0.44083, 10.92551, -12.21762],
							"rotation": [45, 0, 45],
							"uv": {
								"north": {"uv": [26, 43], "uv_size": [1, 1]},
								"east": {"uv": [39, 39], "uv_size": [1.5, 1]},
								"south": {"uv": [43, 26], "uv_size": [1, 1]},
								"west": {"uv": [21, 40], "uv_size": [1.5, 1]},
								"up": {"uv": [9, 40], "uv_size": [1, 1.5]},
								"down": {"uv": [17, 41.5], "uv_size": [1, -1.5]}
							}
						},
						{
							"origin": [-2.35025, 8.30207, -1.95199],
							"size": [2.78796, 2.62344, 9.23438],
							"uv": {
								"north": {"uv": [23, 12], "uv_size": [3, 2.5]},
								"east": {"uv": [11, 0], "uv_size": [9, 2.5]},
								"south": {"uv": [26, 12], "uv_size": [3, 2.5]},
								"west": {"uv": [11, 3], "uv_size": [9, 2.5]},
								"up": {"uv": [8, 0], "uv_size": [3, 9]},
								"down": {"uv": [8, 18], "uv_size": [3, -9]}
							}
						},
						{
							"origin": [-1.83729, 8.92551, -4.63949],
							"size": [1.65, 2.15625, 2.48438],
							"uv": {
								"north": {"uv": [35, 12], "uv_size": [1.5, 2]},
								"east": {"uv": [20, 30], "uv_size": [2.5, 2]},
								"south": {"uv": [35, 14], "uv_size": [1.5, 2]},
								"west": {"uv": [30, 27], "uv_size": [2.5, 2]},
								"up": {"uv": [28, 32], "uv_size": [1.5, 2.5]},
								"down": {"uv": [32, 33.5], "uv_size": [1.5, -2.5]}
							}
						},
						{
							"origin": [-1.83729, 8.92551, -5.12387],
							"size": [1.65, 2.15625, 0.48438],
							"uv": {
								"north": {"uv": [35, 16], "uv_size": [1.5, 2]},
								"east": {"uv": [43, 27], "uv_size": [0.5, 2]},
								"south": {"uv": [35, 18], "uv_size": [1.5, 2]},
								"west": {"uv": [28, 43], "uv_size": [0.5, 2]},
								"up": {"uv": [43, 44], "uv_size": [1.5, 0.5]},
								"down": {"uv": [44, 43.5], "uv_size": [1.5, -0.5]}
							}
						},
						{
							"origin": [-0.45441, 8.92551, -5.01645],
							"size": [0.3375, 2.15625, 0.54688],
							"pivot": [-0.94191, 10.00363, -4.71176],
							"rotation": [0, 45, 0],
							"uv": {
								"north": {"uv": [29, 43], "uv_size": [0.5, 2]},
								"east": {"uv": [30, 43], "uv_size": [0.5, 2]},
								"south": {"uv": [31, 43], "uv_size": [0.5, 2]},
								"west": {"uv": [43, 31], "uv_size": [0.5, 2]},
								"up": {"uv": [49, 36], "uv_size": [0.5, 0.5]},
								"down": {"uv": [37, 49.5], "uv_size": [0.5, -0.5]}
							}
						},
						{
							"origin": [-1.64979, 8.92551, -8.35824],
							"size": [1.275, 2.15625, 3.23438],
							"uv": {
								"north": {"uv": [20, 35], "uv_size": [1.5, 2]},
								"east": {"uv": [29, 12], "uv_size": [3, 2]},
								"south": {"uv": [28, 35], "uv_size": [1.5, 2]},
								"west": {"uv": [30, 14], "uv_size": [3, 2]},
								"up": {"uv": [20, 32], "uv_size": [1.5, 3]},
								"down": {"uv": [32, 24], "uv_size": [1.5, -3]}
							}
						},
						{
							"origin": [-1.61854, 8.90988, -8.79574],
							"size": [1.2125, 2.15625, 0.46875],
							"uv": {
								"north": {"uv": [17, 12], "uv_size": [1, 2]},
								"east": {"uv": [32, 43], "uv_size": [0.5, 2]},
								"south": {"uv": [17, 38], "uv_size": [1, 2]},
								"west": {"uv": [33, 43], "uv_size": [0.5, 2]},
								"up": {"uv": [33, 47], "uv_size": [1, 0.5]},
								"down": {"uv": [47, 33.5], "uv_size": [1, -0.5]}
							}
						},
						{
							"origin": [-1.64979, 8.92551, -9.42074],
							"size": [1.275, 2.15625, 0.65625],
							"uv": {
								"north": {"uv": [35, 29], "uv_size": [1.5, 2]},
								"east": {"uv": [34, 43], "uv_size": [0.5, 2]},
								"south": {"uv": [34, 35], "uv_size": [1.5, 2]},
								"west": {"uv": [35, 43], "uv_size": [0.5, 2]},
								"up": {"uv": [45, 6], "uv_size": [1.5, 0.5]},
								"down": {"uv": [45, 7.5], "uv_size": [1.5, -0.5]}
							}
						},
						{
							"origin": [-1.64979, 10.70676, -8.53012],
							"size": [1.275, 0.375, 0.17188],
							"uv": {
								"north": {"uv": [45, 8], "uv_size": [1.5, 0.5]},
								"east": {"uv": [49, 37], "uv_size": [0.5, 0.5]},
								"south": {"uv": [9, 45], "uv_size": [1.5, 0.5]},
								"west": {"uv": [38, 49], "uv_size": [0.5, 0.5]},
								"up": {"uv": [45, 9], "uv_size": [1.5, 0.5]},
								"down": {"uv": [45, 10.5], "uv_size": [1.5, -0.5]}
							}
						},
						{
							"origin": [-1.64979, 8.89426, -8.53012],
							"size": [1.275, 0.5, 0.17188],
							"uv": {
								"north": {"uv": [11, 45], "uv_size": [1.5, 0.5]},
								"east": {"uv": [49, 38], "uv_size": [0.5, 0.5]},
								"south": {"uv": [45, 12], "uv_size": [1.5, 0.5]},
								"west": {"uv": [39, 49], "uv_size": [0.5, 0.5]},
								"up": {"uv": [45, 13], "uv_size": [1.5, 0.5]},
								"down": {"uv": [45, 14.5], "uv_size": [1.5, -0.5]}
							}
						},
						{
							"origin": [-1.64979, 10.70676, -8.76449],
							"size": [1.275, 0.375, 0.17188],
							"uv": {
								"north": {"uv": [45, 15], "uv_size": [1.5, 0.5]},
								"east": {"uv": [49, 39], "uv_size": [0.5, 0.5]},
								"south": {"uv": [45, 16], "uv_size": [1.5, 0.5]},
								"west": {"uv": [40, 49], "uv_size": [0.5, 0.5]},
								"up": {"uv": [45, 17], "uv_size": [1.5, 0.5]},
								"down": {"uv": [45, 18.5], "uv_size": [1.5, -0.5]}
							}
						},
						{
							"origin": [-1.64979, 8.89426, -8.76449],
							"size": [1.275, 0.5, 0.17188],
							"uv": {
								"north": {"uv": [45, 19], "uv_size": [1.5, 0.5]},
								"east": {"uv": [49, 40], "uv_size": [0.5, 0.5]},
								"south": {"uv": [45, 20], "uv_size": [1.5, 0.5]},
								"west": {"uv": [41, 49], "uv_size": [0.5, 0.5]},
								"up": {"uv": [45, 21], "uv_size": [1.5, 0.5]},
								"down": {"uv": [45, 22.5], "uv_size": [1.5, -0.5]}
							}
						},
						{
							"origin": [-1.64979, 9.33176, -8.84262],
							"size": [1.275, 0.125, 0.15625],
							"pivot": [-1.01229, 9.39426, -8.76449],
							"rotation": [-45, 0, 0],
							"uv": {
								"north": {"uv": [24, 45], "uv_size": [1.5, 0.5]},
								"east": {"uv": [49, 41], "uv_size": [0.5, 0.5]},
								"south": {"uv": [45, 24], "uv_size": [1.5, 0.5]},
								"west": {"uv": [42, 49], "uv_size": [0.5, 0.5]},
								"up": {"uv": [45, 25], "uv_size": [1.5, 0.5]},
								"down": {"uv": [26, 45.5], "uv_size": [1.5, -0.5]}
							}
						},
						{
							"origin": [-1.64979, 10.61301, -8.78012],
							"size": [1.275, 0.1875, 0.09375],
							"pivot": [-1.01229, 10.70676, -8.76449],
							"rotation": [-45, 0, 0],
							"uv": {
								"north": {"uv": [45, 26], "uv_size": [1.5, 0.5]},
								"east": {"uv": [49, 42], "uv_size": [0.5, 0.5]},
								"south": {"uv": [45, 27], "uv_size": [1.5, 0.5]},
								"west": {"uv": [43, 49], "uv_size": [0.5, 0.5]},
								"up": {"uv": [28, 45], "uv_size": [1.5, 0.5]},
								"down": {"uv": [45, 28.5], "uv_size": [1.5, -0.5]}
							}
						},
						{
							"origin": [-2.35025, 8.92551, -2.28012],
							"size": [2.78796, 2, 0.32813],
							"uv": {
								"north": {"uv": [27, 15], "uv_size": [3, 2.5]},
								"east": {"uv": [27, 42], "uv_size": [0.5, 2.5]},
								"south": {"uv": [27, 18], "uv_size": [3, 2.5]},
								"west": {"uv": [42, 31], "uv_size": [0.5, 2.5]},
								"up": {"uv": [40, 24], "uv_size": [3, 0.5]},
								"down": {"uv": [40, 27.5], "uv_size": [3, -0.5]}
							}
						},
						{
							"origin": [-2.35025, 8.30207, -9.40512],
							"size": [2.78796, 0.62344, 7.45313],
							"uv": {
								"north": {"uv": [28, 40], "uv_size": [3, 0.5]},
								"east": {"uv": [32, 24], "uv_size": [7.5, 0.5]},
								"south": {"uv": [40, 28], "uv_size": [3, 0.5]},
								"west": {"uv": [33, 8], "uv_size": [7.5, 0.5]},
								"up": {"uv": [11, 6], "uv_size": [3, 7.5]},
								"down": {"uv": [14, 13.5], "uv_size": [3, -7.5]}
							}
						},
						{
							"origin": [-2.3484, 8.5119, -2.84052],
							"size": [2.786, 2.281, 1.34218],
							"pivot": [-0.49831, 9.71559, -2.289],
							"rotation": [-27.5, 0, 0],
							"uv": {
								"north": {"uv": [20, 27], "uv_size": [3, 2.5]},
								"east": {"uv": [0, 33], "uv_size": [1.5, 2.5]},
								"south": {"uv": [28, 21], "uv_size": [3, 2.5]},
								"west": {"uv": [7, 33], "uv_size": [1.5, 2.5]},
								"up": {"uv": [32, 12], "uv_size": [3, 1.5]},
								"down": {"uv": [32, 30.5], "uv_size": [3, -1.5]}
							}
						},
						{
							"origin": [-2.3484, 8.62328, -3.54767],
							"size": [2.786, 0.65661, 0.20218],
							"pivot": [-0.90025, 8.92073, -3.37694],
							"rotation": [-60, 0, 0],
							"uv": {
								"north": {"uv": [31, 40], "uv_size": [3, 0.5]},
								"east": {"uv": [49, 46], "uv_size": [0.5, 0.5]},
								"south": {"uv": [40, 35], "uv_size": [3, 0.5]},
								"west": {"uv": [47, 49], "uv_size": [0.5, 0.5]},
								"up": {"uv": [39, 40], "uv_size": [3, 0.5]},
								"down": {"uv": [41, 8.5], "uv_size": [3, -0.5]}
							}
						},
						{
							"origin": [-2.3484, 8.76391, -9.38754],
							"size": [2.786, 0.49999, 0.24665],
							"pivot": [-0.90025, 8.92073, -9.31056],
							"rotation": [42.5, 0, 0],
							"uv": {
								"north": {"uv": [21, 41], "uv_size": [3, 0.5]},
								"east": {"uv": [49, 47], "uv_size": [0.5, 0.5]},
								"south": {"uv": [41, 22], "uv_size": [3, 0.5]},
								"west": {"uv": [48, 49], "uv_size": [0.5, 0.5]},
								"up": {"uv": [41, 23], "uv_size": [3, 0.5]},
								"down": {"uv": [41, 25.5], "uv_size": [3, -0.5]}
							}
						},
						{
							"origin": [-2.35025, 8.30207, -14.84262],
							"size": [2.78796, 2.62344, 5.4375],
							"uv": {
								"north": {"uv": [23, 28], "uv_size": [3, 2.5]},
								"east": {"uv": [21, 16], "uv_size": [5.5, 2.5]},
								"south": {"uv": [28, 24], "uv_size": [3, 2.5]},
								"west": {"uv": [21, 19], "uv_size": [5.5, 2.5]},
								"up": {"uv": [15, 14], "uv_size": [3, 5.5]},
								"down": {"uv": [17, 11.5], "uv_size": [3, -5.5]}
							}
						},
						{
							"origin": [-1.85025, 8.02082, -14.84262],
							"size": [1.97546, 0.28125, 22.125],
							"uv": {
								"north": {"uv": [36, 43], "uv_size": [2, 0.5]},
								"east": {"uv": [23, 6], "uv_size": [22, 0.5]},
								"south": {"uv": [43, 40], "uv_size": [2, 0.5]},
								"west": {"uv": [23, 7], "uv_size": [22, 0.5]},
								"up": {"uv": [0, 0], "uv_size": [2, 22]},
								"down": {"uv": [2, 22], "uv_size": [2, -22]}
							}
						},
						{
							"origin": [-1.71229, 10.92551, -2.28012],
							"size": [1.5136, 0.6364, 9.5625],
							"uv": {
								"north": {"uv": [45, 34], "uv_size": [1.5, 0.5]},
								"east": {"uv": [31, 25], "uv_size": [9.5, 0.5]},
								"south": {"uv": [45, 35], "uv_size": [1.5, 0.5]},
								"west": {"uv": [31, 26], "uv_size": [9.5, 0.5]},
								"up": {"uv": [15, 20], "uv_size": [1.5, 9.5]},
								"down": {"uv": [21, 15.5], "uv_size": [1.5, -9.5]}
							}
						},
						{
							"origin": [-1.71229, 10.92551, -14.84262],
							"size": [1.51452, 0.63861, 5.4375],
							"uv": {
								"north": {"uv": [36, 45], "uv_size": [1.5, 0.5]},
								"east": {"uv": [36, 31], "uv_size": [5.5, 0.5]},
								"south": {"uv": [45, 36], "uv_size": [1.5, 0.5]},
								"west": {"uv": [36, 32], "uv_size": [5.5, 0.5]},
								"up": {"uv": [26, 22], "uv_size": [1.5, 5.5]},
								"down": {"uv": [0, 32.5], "uv_size": [1.5, -5.5]}
							}
						},
						{
							"origin": [-1.52479, 11.55051, -15.34262],
							"size": [1.13952, 0.45111, 5.9375],
							"uv": {
								"north": {"uv": [37, 47], "uv_size": [1, 0.5]},
								"east": {"uv": [36, 20], "uv_size": [6, 0.5]},
								"south": {"uv": [47, 37], "uv_size": [1, 0.5]},
								"west": {"uv": [36, 21], "uv_size": [6, 0.5]},
								"up": {"uv": [20, 6], "uv_size": [1, 6]},
								"down": {"uv": [5, 36], "uv_size": [1, -6]}
							}
						},
						{
							"origin": [-1.5247, 10.62017, -9.6301],
							"size": [1.1393, 0.45111, 1.0625],
							"pivot": [-0.95504, 10.84572, -6.66135],
							"rotation": [-18.5, 0, 0],
							"uv": {
								"north": {"uv": [38, 47], "uv_size": [1, 0.5]},
								"east": {"uv": [47, 38], "uv_size": [1, 0.5]},
								"south": {"uv": [39, 47], "uv_size": [1, 0.5]},
								"west": {"uv": [47, 39], "uv_size": [1, 0.5]},
								"up": {"uv": [38, 43], "uv_size": [1, 1]},
								"down": {"uv": [43, 42], "uv_size": [1, -1]}
							}
						},
						{
							"origin": [-1.64979, 11.34738, -1.36051],
							"size": [1.38952, 0.45111, 0.46875],
							"pivot": [-0.57278, 11.79849, -0.89176],
							"rotation": [31.5, 0, 0],
							"uv": {
								"north": {"uv": [40, 47], "uv_size": [1, 0.5]},
								"east": {"uv": [49, 48], "uv_size": [0.5, 0.5]},
								"south": {"uv": [47, 40], "uv_size": [1, 0.5]},
								"west": {"uv": [49, 49], "uv_size": [0.5, 0.5]},
								"up": {"uv": [41, 47], "uv_size": [1, 0.5]},
								"down": {"uv": [47, 41.5], "uv_size": [1, -0.5]}
							}
						},
						{
							"origin": [-1.64979, 11.53488, -0.89176],
							"size": [1.38952, 0.26361, 3.71875],
							"uv": {
								"north": {"uv": [45, 37], "uv_size": [1.5, 0.5]},
								"east": {"uv": [38, 18], "uv_size": [3.5, 0.5]},
								"south": {"uv": [38, 45], "uv_size": [1.5, 0.5]},
								"west": {"uv": [37, 38], "uv_size": [3.5, 0.5]},
								"up": {"uv": [15, 30], "uv_size": [1.5, 3.5]},
								"down": {"uv": [30, 19.5], "uv_size": [1.5, -3.5]}
							}
						},
						{
							"origin": [-1.64979, 11.6674, 2.50707],
							"size": [1.38952, 0.26361, 0.26563],
							"pivot": [-0.95504, 11.7992, 2.63988],
							"rotation": [-45, 0, 0],
							"uv": {
								"north": {"uv": [45, 38], "uv_size": [1.5, 0.5]},
								"east": {"uv": [0, 50], "uv_size": [0.5, 0.5]},
								"south": {"uv": [45, 39], "uv_size": [1.5, 0.5]},
								"west": {"uv": [50, 0], "uv_size": [0.5, 0.5]},
								"up": {"uv": [40, 45], "uv_size": [1.5, 0.5]},
								"down": {"uv": [45, 40.5], "uv_size": [1.5, -0.5]}
							}
						},
						{
							"origin": [-1.5259, 11.71428, 2.38207],
							"size": [1.14173, 0.16986, 0.39063],
							"pivot": [-0.95504, 11.7992, 2.63988],
							"rotation": [-45, 0, 0],
							"uv": {
								"north": {"uv": [42, 47], "uv_size": [1, 0.5]},
								"east": {"uv": [1, 50], "uv_size": [0.5, 0.5]},
								"south": {"uv": [47, 42], "uv_size": [1, 0.5]},
								"west": {"uv": [50, 1], "uv_size": [0.5, 0.5]},
								"up": {"uv": [43, 47], "uv_size": [1, 0.5]},
								"down": {"uv": [47, 44.5], "uv_size": [1, -0.5]}
							}
						},
						{
							"origin": [-1.5259, 11.71428, 1.81957],
							"size": [0.32923, 0.16986, 0.5625],
							"pivot": [-0.95504, 11.7992, 2.63988],
							"rotation": [-45, 0, 0],
							"uv": {
								"north": {"uv": [2, 50], "uv_size": [0.5, 0.5]},
								"east": {"uv": [50, 2], "uv_size": [0.5, 0.5]},
								"south": {"uv": [3, 50], "uv_size": [0.5, 0.5]},
								"west": {"uv": [50, 3], "uv_size": [0.5, 0.5]},
								"up": {"uv": [4, 50], "uv_size": [0.5, 0.5]},
								"down": {"uv": [50, 4.5], "uv_size": [0.5, -0.5]}
							}
						},
						{
							"origin": [-1.5259, 11.71428, 0.38207],
							"size": [1.14173, 0.16986, 0.14063],
							"pivot": [-0.95504, 11.7992, 2.63988],
							"rotation": [-45, 0, 0],
							"uv": {
								"north": {"uv": [46, 47], "uv_size": [1, 0.5]},
								"east": {"uv": [5, 50], "uv_size": [0.5, 0.5]},
								"south": {"uv": [47, 47], "uv_size": [1, 0.5]},
								"west": {"uv": [50, 5], "uv_size": [0.5, 0.5]},
								"up": {"uv": [0, 48], "uv_size": [1, 0.5]},
								"down": {"uv": [48, 0.5], "uv_size": [1, -0.5]}
							}
						},
						{
							"origin": [-1.63417, 11.71428, 0.38207],
							"size": [0.10827, 0.16986, 2.39063],
							"pivot": [-0.95504, 11.7992, 2.63988],
							"rotation": [-45, 0, 0],
							"uv": {
								"north": {"uv": [6, 50], "uv_size": [0.5, 0.5]},
								"east": {"uv": [42, 34], "uv_size": [2.5, 0.5]},
								"south": {"uv": [50, 6], "uv_size": [0.5, 0.5]},
								"west": {"uv": [36, 42], "uv_size": [2.5, 0.5]},
								"up": {"uv": [39, 42], "uv_size": [0.5, 2.5]},
								"down": {"uv": [40, 44.5], "uv_size": [0.5, -2.5]}
							}
						},
						{
							"origin": [-0.38417, 11.71428, 0.38207],
							"size": [0.10827, 0.16986, 2.39063],
							"pivot": [-0.95504, 11.7992, 2.63988],
							"rotation": [-45, 0, 0],
							"uv": {
								"north": {"uv": [7, 50], "uv_size": [0.5, 0.5]},
								"east": {"uv": [42, 36], "uv_size": [2.5, 0.5]},
								"south": {"uv": [50, 7], "uv_size": [0.5, 0.5]},
								"west": {"uv": [42, 37], "uv_size": [2.5, 0.5]},
								"up": {"uv": [42, 40], "uv_size": [0.5, 2.5]},
								"down": {"uv": [41, 44.5], "uv_size": [0.5, -2.5]}
							}
						},
						{
							"origin": [-1.52479, 11.43464, -8.40281],
							"size": [1.13952, 0.23236, 0.3125],
							"pivot": [-0.95504, 11.6602, -8.40281],
							"rotation": [-51, 0, 0],
							"uv": {
								"north": {"uv": [1, 48], "uv_size": [1, 0.5]},
								"east": {"uv": [8, 50], "uv_size": [0.5, 0.5]},
								"south": {"uv": [48, 1], "uv_size": [1, 0.5]},
								"west": {"uv": [50, 8], "uv_size": [0.5, 0.5]},
								"up": {"uv": [2, 48], "uv_size": [1, 0.5]},
								"down": {"uv": [48, 2.5], "uv_size": [1, -0.5]}
							}
						},
						{
							"origin": [-1.52479, 10.49517, -9.6301],
							"size": [1.13952, 0.11854, 0.46034],
							"pivot": [-0.95504, 10.72072, -6.66135],
							"rotation": [-18.5, 0, 0],
							"uv": {
								"north": {"uv": [3, 48], "uv_size": [1, 0.5]},
								"east": {"uv": [9, 50], "uv_size": [0.5, 0.5]},
								"south": {"uv": [48, 3], "uv_size": [1, 0.5]},
								"west": {"uv": [50, 9], "uv_size": [0.5, 0.5]},
								"up": {"uv": [4, 48], "uv_size": [1, 0.5]},
								"down": {"uv": [48, 4.5], "uv_size": [1, -0.5]}
							}
						},
						{
							"origin": [-1.58729, 11.26926, -9.40512],
							"size": [1.26452, 0.16986, 7.125],
							"uv": {
								"north": {"uv": [45, 41], "uv_size": [1.5, 0.5]},
								"east": {"uv": [33, 27], "uv_size": [7, 0.5]},
								"south": {"uv": [42, 45], "uv_size": [1.5, 0.5]},
								"west": {"uv": [33, 28], "uv_size": [7, 0.5]},
								"up": {"uv": [3, 23], "uv_size": [1.5, 7]},
								"down": {"uv": [5, 30], "uv_size": [1.5, -7]}
							}
						},
						{
							"origin": [-0.46341, 11.19113, -9.40512],
							"size": [0.10827, 0.20111, 7.125],
							"pivot": [-0.4874, 11.29168, -5.84262],
							"rotation": [0, 0, 45],
							"uv": {
								"north": {"uv": [10, 50], "uv_size": [0.5, 0.5]},
								"east": {"uv": [34, 23], "uv_size": [7, 0.5]},
								"south": {"uv": [50, 10], "uv_size": [0.5, 0.5]},
								"west": {"uv": [34, 34], "uv_size": [7, 0.5]},
								"up": {"uv": [22, 32], "uv_size": [0.5, 7]},
								"down": {"uv": [9, 40], "uv_size": [0.5, -7]}
							}
						},
						{
							"origin": [-1.55493, 11.19113, -9.40512],
							"size": [0.10827, 0.20111, 7.125],
							"pivot": [-1.42267, 11.29168, -5.84262],
							"rotation": [0, 0, -45],
							"uv": {
								"north": {"uv": [10.5, 50], "uv_size": [-0.5, 0.5]},
								"east": {"uv": [41, 34], "uv_size": [-7, 0.5]},
								"south": {"uv": [50.5, 10], "uv_size": [-0.5, 0.5]},
								"west": {"uv": [41, 23], "uv_size": [-7, 0.5]},
								"up": {"uv": [22.5, 32], "uv_size": [-0.5, 7]},
								"down": {"uv": [9.5, 40], "uv_size": [-0.5, -7]}
							}
						},
						{
							"origin": [-1.46229, 11.12863, -9.40512],
							"size": [1.01452, 0.15423, 7.125],
							"uv": {
								"north": {"uv": [5, 48], "uv_size": [1, 0.5]},
								"east": {"uv": [35, 9], "uv_size": [7, 0.5]},
								"south": {"uv": [48, 5], "uv_size": [1, 0.5]},
								"west": {"uv": [35, 10], "uv_size": [7, 0.5]},
								"up": {"uv": [10, 23], "uv_size": [1, 7]},
								"down": {"uv": [4, 37], "uv_size": [1, -7]}
							}
						},
						{
							"origin": [-1.71321, 7.66411, -15.34262],
							"size": [1.51452, 0.38861, 22.625],
							"uv": {
								"north": {"uv": [45, 42], "uv_size": [1.5, 0.5]},
								"east": {"uv": [23, 0], "uv_size": [22.5, 0.5]},
								"south": {"uv": [44, 45], "uv_size": [1.5, 0.5]},
								"west": {"uv": [23, 1], "uv_size": [22.5, 0.5]},
								"up": {"uv": [4, 0], "uv_size": [1.5, 22.5]},
								"down": {"uv": [6, 22.5], "uv_size": [1.5, -22.5]}
							}
						},
						{
							"origin": [-0.46321, 8.30272, -15.34262],
							"size": [0.9, 0.40625, 22.624],
							"pivot": [0.43991, 8.30272, -4.03012],
							"rotation": [0, 0, -45],
							"uv": {
								"north": {"uv": [6, 48], "uv_size": [1, 0.5]},
								"east": {"uv": [23, 2], "uv_size": [22.5, 0.5]},
								"south": {"uv": [7, 48], "uv_size": [1, 0.5]},
								"west": {"uv": [23, 3], "uv_size": [22.5, 0.5]},
								"up": {"uv": [11, 14], "uv_size": [1, 22.5]},
								"down": {"uv": [12, 36.5], "uv_size": [1, -22.5]}
							}
						},
						{
							"origin": [-2.34934, 10.01861, -14.8425],
							"size": [0.9, 0.90625, 0.875],
							"pivot": [-2.35246, 10.92486, -15.03012],
							"rotation": [0, 0, -45],
							"uv": {
								"north": {"uv": [42, 43], "uv_size": [1, 1]},
								"east": {"uv": [43, 42], "uv_size": [1, 1]},
								"south": {"uv": [43, 43], "uv_size": [1, 1]},
								"west": {"uv": [44, 8], "uv_size": [1, 1]},
								"up": {"uv": [9, 44], "uv_size": [1, 1]},
								"down": {"uv": [44, 10], "uv_size": [1, -1]}
							}
						},
						{
							"origin": [-2.35025, 8.30207, -15.34262],
							"size": [0.35046, 2.62344, 0.5],
							"uv": {
								"north": {"uv": [0, 43], "uv_size": [0.5, 2.5]},
								"east": {"uv": [1, 43], "uv_size": [0.5, 2.5]},
								"south": {"uv": [2, 43], "uv_size": [0.5, 2.5]},
								"west": {"uv": [3, 43], "uv_size": [0.5, 2.5]},
								"up": {"uv": [11, 50], "uv_size": [0.5, 0.5]},
								"down": {"uv": [50, 11.5], "uv_size": [0.5, -0.5]}
							}
						},
						{
							"origin": [0.08725, 8.30207, -15.34262],
							"size": [0.35046, 2.62344, 0.5],
							"uv": {
								"north": {"uv": [4, 43], "uv_size": [0.5, 2.5]},
								"east": {"uv": [5, 43], "uv_size": [0.5, 2.5]},
								"south": {"uv": [6, 43], "uv_size": [0.5, 2.5]},
								"west": {"uv": [7, 43], "uv_size": [0.5, 2.5]},
								"up": {"uv": [12, 50], "uv_size": [0.5, 0.5]},
								"down": {"uv": [50, 12.5], "uv_size": [0.5, -0.5]}
							}
						},
						{
							"origin": [-0.46229, 10.58176, -15.34262],
							"size": [0.9, 0.34375, 0.5],
							"pivot": [0.44083, 10.92551, -15.53012],
							"rotation": [0, 0, 45],
							"uv": {
								"north": {"uv": [8, 48], "uv_size": [1, 0.5]},
								"east": {"uv": [13, 50], "uv_size": [0.5, 0.5]},
								"south": {"uv": [9, 48], "uv_size": [1, 0.5]},
								"west": {"uv": [50, 13], "uv_size": [0.5, 0.5]},
								"up": {"uv": [10, 48], "uv_size": [1, 0.5]},
								"down": {"uv": [11, 48.5], "uv_size": [1, -0.5]}
							}
						},
						{
							"origin": [-2.34934, 10.58111, -15.34262],
							"size": [0.9, 0.34375, 0.5],
							"pivot": [-2.35246, 10.92486, -15.53012],
							"rotation": [0, 0, -45],
							"uv": {
								"north": {"uv": [48, 11], "uv_size": [1, 0.5]},
								"east": {"uv": [14, 50], "uv_size": [0.5, 0.5]},
								"south": {"uv": [12, 48], "uv_size": [1, 0.5]},
								"west": {"uv": [50, 14], "uv_size": [0.5, 0.5]},
								"up": {"uv": [13, 48], "uv_size": [1, 0.5]},
								"down": {"uv": [14, 48.5], "uv_size": [1, -0.5]}
							}
						},
						{
							"origin": [-1.71229, 11.23801, -15.34262],
							"size": [1.51452, 0.32611, 0.5],
							"uv": {
								"north": {"uv": [45, 44], "uv_size": [1.5, 0.5]},
								"east": {"uv": [15, 50], "uv_size": [0.5, 0.5]},
								"south": {"uv": [0, 46], "uv_size": [1.5, 0.5]},
								"west": {"uv": [50, 15], "uv_size": [0.5, 0.5]},
								"up": {"uv": [46, 0], "uv_size": [1.5, 0.5]},
								"down": {"uv": [46, 1.5], "uv_size": [1.5, -0.5]}
							}
						},
						{
							"origin": [-2.34934, 10.01861, -13.96762],
							"size": [0.9, 0.90625, 1.375],
							"pivot": [-2.35246, 10.92486, -13.96762],
							"rotation": [-45, 0, -45],
							"uv": {
								"north": {"uv": [10, 44], "uv_size": [1, 1]},
								"east": {"uv": [34, 40], "uv_size": [1.5, 1]},
								"south": {"uv": [44, 10], "uv_size": [1, 1]},
								"west": {"uv": [41, 26], "uv_size": [1.5, 1]},
								"up": {"uv": [3, 41], "uv_size": [1, 1.5]},
								"down": {"uv": [28, 42.5], "uv_size": [1, -1.5]}
							}
						},
						{
							"origin": [-2.34934, 10.01861, -13.59262],
							"size": [0.9, 0.90625, 1.375],
							"pivot": [-2.35246, 10.92486, -12.21762],
							"rotation": [45, 0, -45],
							"uv": {
								"north": {"uv": [11, 44], "uv_size": [1, 1]},
								"east": {"uv": [29, 41], "uv_size": [1.5, 1]},
								"south": {"uv": [12, 44], "uv_size": [1, 1]},
								"west": {"uv": [31, 41], "uv_size": [1.5, 1]},
								"up": {"uv": [33, 41], "uv_size": [1, 1.5]},
								"down": {"uv": [41, 34.5], "uv_size": [1, -1.5]}
							}
						},
						{
							"origin": [-2.34934, 10.01861, -12.21762],
							"size": [0.9, 0.90625, 2.8125],
							"pivot": [-2.35246, 10.92486, -17.90512],
							"rotation": [0, 0, -45],
							"uv": {
								"north": {"uv": [44, 12], "uv_size": [1, 1]},
								"east": {"uv": [5, 36], "uv_size": [3, 1]},
								"south": {"uv": [44, 13], "uv_size": [1, 1]},
								"west": {"uv": [36, 22], "uv_size": [3, 1]},
								"up": {"uv": [17, 35], "uv_size": [1, 3]},
								"down": {"uv": [0, 39], "uv_size": [1, -3]}
							}
						},
						{
							"origin": [-2.34842, 8.30207, -15.34262],
							"size": [0.9, 0.40625, 22.624],
							"pivot": [-2.35155, 8.30207, -4.03012],
							"rotation": [0, 0, 45],
							"uv": {
								"north": {"uv": [15, 48], "uv_size": [1, 0.5]},
								"east": {"uv": [23, 4], "uv_size": [22.5, 0.5]},
								"south": {"uv": [16, 48], "uv_size": [1, 0.5]},
								"west": {"uv": [23, 5], "uv_size": [22.5, 0.5]},
								"up": {"uv": [13, 14], "uv_size": [1, 22.5]},
								"down": {"uv": [14, 36.5], "uv_size": [1, -22.5]}
							}
						},
						{
							"origin": [-1.90768, 8.92551, -5.01645],
							"size": [0.3375, 2.15625, 0.54688],
							"pivot": [-1.08268, 10.00363, -4.71176],
							"rotation": [0, -45, 0],
							"uv": {
								"north": {"uv": [44, 14], "uv_size": [0.5, 2]},
								"east": {"uv": [44, 16], "uv_size": [0.5, 2]},
								"south": {"uv": [44, 20], "uv_size": [0.5, 2]},
								"west": {"uv": [22, 44], "uv_size": [0.5, 2]},
								"up": {"uv": [16, 50], "uv_size": [0.5, 0.5]},
								"down": {"uv": [50, 16.5], "uv_size": [0.5, -0.5]}
							}
						},
						{
							"origin": [-2.35025, 10.01861, -2.28012],
							"size": [0.90092, 0.90404, 9.5624],
							"pivot": [-2.35246, 10.92486, -4.03012],
							"rotation": [0, 0, -45],
							"uv": {
								"north": {"uv": [44, 18], "uv_size": [1, 1]},
								"east": {"uv": [23, 10], "uv_size": [9.5, 1]},
								"south": {"uv": [44, 22], "uv_size": [1, 1]},
								"west": {"uv": [23, 11], "uv_size": [9.5, 1]},
								"up": {"uv": [8, 23], "uv_size": [1, 9.5]},
								"down": {"uv": [9, 32.5], "uv_size": [1, -9.5]}
							}
						},
						{
							"origin": [-0.20667, 7.78976, -14.75361],
							"size": [0.80469, 0.20312, 4.77241],
							"pivot": [-0.17933, 7.69601, -10.17065],
							"rotation": [0, 0, -45],
							"uv": {
								"north": {"uv": [41, 48], "uv_size": [1, 0.5]},
								"east": {"uv": [36, 33], "uv_size": [5, 0.5]},
								"south": {"uv": [48, 41], "uv_size": [1, 0.5]},
								"west": {"uv": [12, 37], "uv_size": [5, 0.5]},
								"up": {"uv": [17, 30], "uv_size": [1, 5]},
								"down": {"uv": [30, 34], "uv_size": [1, -5]}
							}
						},
						{
							"origin": [-0.01917, 7.99289, -14.75361],
							"size": [0.42969, 0.20312, 4.77241],
							"pivot": [-0.17933, 7.69601, -10.17065],
							"rotation": [0, 0, -45],
							"uv": {
								"north": {"uv": [23, 50], "uv_size": [0.5, 0.5]},
								"east": {"uv": [37, 12], "uv_size": [5, 0.5]},
								"south": {"uv": [50, 23], "uv_size": [0.5, 0.5]},
								"west": {"uv": [37, 13], "uv_size": [5, 0.5]},
								"up": {"uv": [37, 14], "uv_size": [0.5, 5]},
								"down": {"uv": [18, 42], "uv_size": [0.5, -5]}
							}
						},
						{
							"origin": [-2.31677, 7.99289, -14.75361],
							"size": [0.42969, 0.20312, 4.77241],
							"pivot": [-1.72692, 7.69601, -10.17065],
							"rotation": [0, 0, 45],
							"uv": {
								"north": {"uv": [24, 50], "uv_size": [0.5, 0.5]},
								"east": {"uv": [37, 19], "uv_size": [5, 0.5]},
								"south": {"uv": [50, 24], "uv_size": [0.5, 0.5]},
								"west": {"uv": [28, 37], "uv_size": [5, 0.5]},
								"up": {"uv": [19, 37], "uv_size": [0.5, 5]},
								"down": {"uv": [20, 42], "uv_size": [0.5, -5]}
							}
						},
						{
							"origin": [-2.50427, 7.78976, -14.75361],
							"size": [0.80469, 0.20312, 4.77241],
							"pivot": [-1.72692, 7.69601, -10.17065],
							"rotation": [0, 0, 45],
							"uv": {
								"north": {"uv": [42, 48], "uv_size": [1, 0.5]},
								"east": {"uv": [37, 29], "uv_size": [5, 0.5]},
								"south": {"uv": [48, 42], "uv_size": [1, 0.5]},
								"west": {"uv": [37, 30], "uv_size": [5, 0.5]},
								"up": {"uv": [31, 20], "uv_size": [1, 5]},
								"down": {"uv": [23, 36], "uv_size": [1, -5]}
							}
						}
					]
				},
				{
					"name": "bits_illuminated",
					"parent": "body",
					"pivot": [-0.76229, 14.58176, -26.09262],
					"cubes": [
						{
							"origin": [-1.85292, 9.33176, -4.62387],
							"size": [1.68125, 0.10938, 0.28125],
							"uv": {
								"north": {"uv": [45, 29], "uv_size": [1.5, 0.5]},
								"east": {"uv": [49, 43], "uv_size": [0.5, 0.5]},
								"south": {"uv": [30, 45], "uv_size": [1.5, 0.5]},
								"west": {"uv": [44, 49], "uv_size": [0.5, 0.5]},
								"up": {"uv": [45, 30], "uv_size": [1.5, 0.5]},
								"down": {"uv": [45, 31.5], "uv_size": [1.5, -0.5]}
							}
						},
						{
							"origin": [-1.85292, 10.45676, -4.62387],
							"size": [1.68125, 0.15625, 0.28125],
							"uv": {
								"north": {"uv": [32, 45], "uv_size": [1.5, 0.5]},
								"east": {"uv": [49, 44], "uv_size": [0.5, 0.5]},
								"south": {"uv": [45, 32], "uv_size": [1.5, 0.5]},
								"west": {"uv": [45, 49], "uv_size": [0.5, 0.5]},
								"up": {"uv": [45, 33], "uv_size": [1.5, 0.5]},
								"down": {"uv": [34, 45.5], "uv_size": [1.5, -0.5]}
							}
						},
						{
							"origin": [-1.5259, 11.74553, 0.50707],
							"size": [1.17298, 0.10736, 1.875],
							"pivot": [-0.95504, 11.7992, 2.63988],
							"rotation": [-45, 0, 0],
							"uv": {
								"north": {"uv": [34, 47], "uv_size": [1, 0.5]},
								"east": {"uv": [43, 33], "uv_size": [2, 0.5]},
								"south": {"uv": [47, 34], "uv_size": [1, 0.5]},
								"west": {"uv": [43, 35], "uv_size": [2, 0.5]},
								"up": {"uv": [32, 38], "uv_size": [1, 2]},
								"down": {"uv": [33, 40], "uv_size": [1, -2]}
							}
						}
					]
				},
				{
					"name": "redoverlay_illuminated",
					"parent": "bits_illuminated",
					"pivot": [-0.93941, 11.87102, 2.65645],
					"cubes": [
						{
							"origin": [-1.5259, 11.8549, 2.39769],
							"size": [1.17298, 0.01361, 0.40625],
							"pivot": [-0.95504, 11.7992, 2.63988],
							"rotation": [-45, 0, 0],
							"uv": {
								"north": {"uv": [35, 47], "uv_size": [1, 0.5]},
								"east": {"uv": [49, 45], "uv_size": [0.5, 0.5]},
								"south": {"uv": [47, 35], "uv_size": [1, 0.5]},
								"west": {"uv": [46, 49], "uv_size": [0.5, 0.5]},
								"up": {"uv": [36, 47], "uv_size": [1, 0.5]},
								"down": {"uv": [47, 36.5], "uv_size": [1, -0.5]}
							}
						}
					]
				},
				{
					"name": "bone",
					"parent": "body",
					"pivot": [-0.95292, 3.33951, -2.52597],
					"cubes": [
						{
							"origin": [-1.3866, 7.08176, -1.61051],
							"size": [0.871, 0.09375, 0.26563],
							"pivot": [-0.95292, 7.08176, -1.64176],
							"rotation": [-45, 0, 0],
							"uv": {
								"north": {"uv": [17, 48], "uv_size": [1, 0.5]},
								"east": {"uv": [17, 50], "uv_size": [0.5, 0.5]},
								"south": {"uv": [18, 48], "uv_size": [1, 0.5]},
								"west": {"uv": [50, 17], "uv_size": [0.5, 0.5]},
								"up": {"uv": [19, 48], "uv_size": [1, 0.5]},
								"down": {"uv": [20, 48.5], "uv_size": [1, -0.5]}
							}
						},
						{
							"origin": [-1.3866, 6.93656, -1.12849],
							"size": [0.871, 0.20313, 0.125],
							"pivot": [-0.95292, 7.03031, -1.15974],
							"rotation": [-25, 0, 0],
							"uv": {
								"north": {"uv": [48, 20], "uv_size": [1, 0.5]},
								"east": {"uv": [18, 50], "uv_size": [0.5, 0.5]},
								"south": {"uv": [21, 48], "uv_size": [1, 0.5]},
								"west": {"uv": [50, 18], "uv_size": [0.5, 0.5]},
								"up": {"uv": [48, 21], "uv_size": [1, 0.5]},
								"down": {"uv": [48, 23.5], "uv_size": [1, -0.5]}
							}
						},
						{
							"origin": [-1.39042, 5.6356, -2.27656],
							"size": [0.875, 0.35938, 1.98437],
							"pivot": [-0.95292, 5.79185, -0.85469],
							"rotation": [-69, 0, 0],
							"uv": {
								"north": {"uv": [48, 24], "uv_size": [1, 0.5]},
								"east": {"uv": [44, 23], "uv_size": [2, 0.5]},
								"south": {"uv": [48, 25], "uv_size": [1, 0.5]},
								"west": {"uv": [24, 44], "uv_size": [2, 0.5]},
								"up": {"uv": [34, 38], "uv_size": [1, 2]},
								"down": {"uv": [35, 40], "uv_size": [1, -2]}
							}
						},
						{
							"origin": [-1.43727, 7.03553, -1.01552],
							"size": [0.875, 0.64063, 1.4375],
							"pivot": [-0.99979, 7.03553, -1.01552],
							"rotation": [26, 0, 0],
							"uv": {
								"north": {"uv": [48, 26], "uv_size": [1, 0.5]},
								"east": {"uv": [2, 46], "uv_size": [1.5, 0.5]},
								"south": {"uv": [48, 27], "uv_size": [1, 0.5]},
								"west": {"uv": [46, 2], "uv_size": [1.5, 0.5]},
								"up": {"uv": [34, 41], "uv_size": [1, 1.5]},
								"down": {"uv": [35, 42.5], "uv_size": [1, -1.5]}
							}
						},
						{
							"origin": [-1.39042, 7.33176, -4.11051],
							"size": [0.875, 0.34375, 3.0625],
							"uv": {
								"north": {"uv": [29, 48], "uv_size": [1, 0.5]},
								"east": {"uv": [36, 41], "uv_size": [3, 0.5]},
								"south": {"uv": [30, 48], "uv_size": [1, 0.5]},
								"west": {"uv": [41, 38], "uv_size": [3, 0.5]},
								"up": {"uv": [1, 36], "uv_size": [1, 3]},
								"down": {"uv": [8, 39], "uv_size": [1, -3]}
							}
						},
						{
							"origin": [-1.3885, 7.11079, -3.88954],
							"size": [0.873, 0.3125, 2.875],
							"pivot": [-0.95292, 7.11079, -3.88954],
							"rotation": [-1.5, 0, 0],
							"uv": {
								"north": {"uv": [31, 48], "uv_size": [1, 0.5]},
								"east": {"uv": [39, 41], "uv_size": [3, 0.5]},
								"south": {"uv": [32, 48], "uv_size": [1, 0.5]},
								"west": {"uv": [41, 39], "uv_size": [3, 0.5]},
								"up": {"uv": [10, 36], "uv_size": [1, 3]},
								"down": {"uv": [23, 39], "uv_size": [1, -3]}
							}
						},
						{
							"origin": [-1.39042, 7.33176, -4.11051],
							"size": [0.875, 0.34375, 0.3125],
							"pivot": [-0.95292, 7.33176, -4.11051],
							"rotation": [-45, 0, 0],
							"uv": {
								"north": {"uv": [33, 48], "uv_size": [1, 0.5]},
								"east": {"uv": [19, 50], "uv_size": [0.5, 0.5]},
								"south": {"uv": [48, 33], "uv_size": [1, 0.5]},
								"west": {"uv": [50, 19], "uv_size": [0.5, 0.5]},
								"up": {"uv": [34, 48], "uv_size": [1, 0.5]},
								"down": {"uv": [48, 34.5], "uv_size": [1, -0.5]}
							}
						},
						{
							"origin": [-1.39042, 4.90618, -0.60539],
							"size": [0.875, 0.36508, 0.14071],
							"pivot": [-0.95292, 4.90618, -0.59749],
							"rotation": [32.25, 0, 0],
							"uv": {
								"north": {"uv": [35, 48], "uv_size": [1, 0.5]},
								"east": {"uv": [20, 50], "uv_size": [0.5, 0.5]},
								"south": {"uv": [48, 35], "uv_size": [1, 0.5]},
								"west": {"uv": [50, 20], "uv_size": [0.5, 0.5]},
								"up": {"uv": [36, 48], "uv_size": [1, 0.5]},
								"down": {"uv": [48, 36.5], "uv_size": [1, -0.5]}
							}
						},
						{
							"origin": [-1.39042, 5.7606, -0.29219],
							"size": [0.875, 0.10938, 0.125],
							"pivot": [-0.95292, 5.79185, -0.85469],
							"rotation": [-69, 0, 0],
							"uv": {
								"north": {"uv": [37, 48], "uv_size": [1, 0.5]},
								"east": {"uv": [21, 50], "uv_size": [0.5, 0.5]},
								"south": {"uv": [48, 37], "uv_size": [1, 0.5]},
								"west": {"uv": [50, 21], "uv_size": [0.5, 0.5]},
								"up": {"uv": [38, 48], "uv_size": [1, 0.5]},
								"down": {"uv": [48, 38.5], "uv_size": [1, -0.5]}
							}
						},
						{
							"origin": [-1.39042, 4.90201, -0.6041],
							"size": [0.875, 0.4375, 0.14063],
							"uv": {
								"north": {"uv": [39, 48], "uv_size": [1, 0.5]},
								"east": {"uv": [22, 50], "uv_size": [0.5, 0.5]},
								"south": {"uv": [48, 39], "uv_size": [1, 0.5]},
								"west": {"uv": [50, 22], "uv_size": [0.5, 0.5]},
								"up": {"uv": [40, 48], "uv_size": [1, 0.5]},
								"down": {"uv": [48, 40.5], "uv_size": [1, -0.5]}
							}
						}
					]
				},
				{
					"name": "bone5",
					"parent": "body",
					"pivot": [-0.95313, 10.44484, -15.95478],
					"cubes": [
						{
							"origin": [-1.65234, 3.17922, -12.25361],
							"size": [1.39844, 5.1875, 2.53516],
							"pivot": [-0.95313, 5.24953, -11.07978],
							"rotation": [25, 0, 0],
							"uv": {
								"north": {"uv": [26, 28], "uv_size": [1.5, 5]},
								"east": {"uv": [0, 22], "uv_size": [2.5, 5]},
								"south": {"uv": [28, 27], "uv_size": [1.5, 5]},
								"west": {"uv": [21, 22], "uv_size": [2.5, 5]},
								"up": {"uv": [33, 9], "uv_size": [1.5, 2.5]},
								"down": {"uv": [33, 16.5], "uv_size": [1.5, -2.5]}
							}
						},
						{
							"origin": [-1.6522, 6.95064, -10.79291],
							"size": [1.3982, 0.5, 0.59766],
							"pivot": [-0.95313, 7.29439, -10.74408],
							"rotation": [65, 0, 0],
							"uv": {
								"north": {"uv": [46, 3], "uv_size": [1.5, 0.5]},
								"east": {"uv": [25, 50], "uv_size": [0.5, 0.5]},
								"south": {"uv": [4, 46], "uv_size": [1.5, 0.5]},
								"west": {"uv": [50, 25], "uv_size": [0.5, 0.5]},
								"up": {"uv": [46, 4], "uv_size": [1.5, 0.5]},
								"down": {"uv": [46, 5.5], "uv_size": [1.5, -0.5]}
							}
						},
						{
							"origin": [-1.6521, 6.96572, -10.71167],
							"size": [1.398, 0.07813, 0.31641],
							"pivot": [-0.95313, 7.1376, -10.55346],
							"rotation": [87.5, 0, 0],
							"uv": {
								"north": {"uv": [6, 46], "uv_size": [1.5, 0.5]},
								"east": {"uv": [26, 50], "uv_size": [0.5, 0.5]},
								"south": {"uv": [8, 46], "uv_size": [1.5, 0.5]},
								"west": {"uv": [50, 26], "uv_size": [0.5, 0.5]},
								"up": {"uv": [10, 46], "uv_size": [1.5, 0.5]},
								"down": {"uv": [46, 11.5], "uv_size": [1.5, -0.5]}
							}
						},
						{
							"origin": [-1.65234, 7.3876, -10.43042],
							"size": [1.39844, 0.125, 0.37891],
							"pivot": [-0.95313, 7.6376, -10.30346],
							"rotation": [20, 0, 0],
							"uv": {
								"north": {"uv": [12, 46], "uv_size": [1.5, 0.5]},
								"east": {"uv": [27, 50], "uv_size": [0.5, 0.5]},
								"south": {"uv": [14, 46], "uv_size": [1.5, 0.5]},
								"west": {"uv": [50, 27], "uv_size": [0.5, 0.5]},
								"up": {"uv": [16, 46], "uv_size": [1.5, 0.5]},
								"down": {"uv": [18, 46.5], "uv_size": [1.5, -0.5]}
							}
						},
						{
							"origin": [-1.65234, 2.86872, -11.78486],
							"size": [1.39844, 1.123, 2.46965],
							"uv": {
								"north": {"uv": [42, 9], "uv_size": [1.5, 1]},
								"east": {"uv": [33, 37], "uv_size": [2.5, 1]},
								"south": {"uv": [42, 10], "uv_size": [1.5, 1]},
								"west": {"uv": [37, 35], "uv_size": [2.5, 1]},
								"up": {"uv": [33, 17], "uv_size": [1.5, 2.5]},
								"down": {"uv": [26, 35.5], "uv_size": [1.5, -2.5]}
							}
						},
						{
							"origin": [-1.65234, 2.92111, -11.94042],
							"size": [1.39844, 0.37341, 0.29956],
							"pivot": [-0.95313, 3.10703, -11.79003],
							"rotation": [-37.5, 0, 0],
							"uv": {
								"north": {"uv": [20, 46], "uv_size": [1.5, 0.5]},
								"east": {"uv": [28, 50], "uv_size": [0.5, 0.5]},
								"south": {"uv": [22, 46], "uv_size": [1.5, 0.5]},
								"west": {"uv": [50, 28], "uv_size": [0.5, 0.5]},
								"up": {"uv": [46, 23], "uv_size": [1.5, 0.5]},
								"down": {"uv": [24, 46.5], "uv_size": [1.5, -0.5]}
							}
						},
						{
							"origin": [-1.65234, 2.96999, -11.90524],
							"size": [1.39844, 0.68597, 0.30036],
							"pivot": [-0.95313, 3.31221, -11.75527],
							"rotation": [-22, 0, 0],
							"uv": {
								"north": {"uv": [26, 46], "uv_size": [1.5, 0.5]},
								"east": {"uv": [29, 50], "uv_size": [0.5, 0.5]},
								"south": {"uv": [28, 46], "uv_size": [1.5, 0.5]},
								"west": {"uv": [50, 29], "uv_size": [0.5, 0.5]},
								"up": {"uv": [30, 46], "uv_size": [1.5, 0.5]},
								"down": {"uv": [32, 46.5], "uv_size": [1.5, -0.5]}
							}
						},
						{
							"origin": [-1.65234, 3.85109, -9.37861],
							"size": [1.39844, 0.25, 1.22266],
							"uv": {
								"north": {"uv": [34, 46], "uv_size": [1.5, 0.5]},
								"east": {"uv": [43, 48], "uv_size": [1, 0.5]},
								"south": {"uv": [36, 46], "uv_size": [1.5, 0.5]},
								"west": {"uv": [48, 43], "uv_size": [1, 0.5]},
								"up": {"uv": [42, 12], "uv_size": [1.5, 1]},
								"down": {"uv": [42, 14], "uv_size": [1.5, -1]}
							}
						},
						{
							"origin": [-1.65234, 3.59436, -8.48638],
							"size": [1.39844, 0.28125, 0.28516],
							"pivot": [-0.95313, 3.73498, -8.25005],
							"rotation": [-20, 0, 0],
							"uv": {
								"north": {"uv": [38, 46], "uv_size": [1.5, 0.5]},
								"east": {"uv": [30, 50], "uv_size": [0.5, 0.5]},
								"south": {"uv": [40, 46], "uv_size": [1.5, 0.5]},
								"west": {"uv": [50, 30], "uv_size": [0.5, 0.5]},
								"up": {"uv": [42, 46], "uv_size": [1.5, 0.5]},
								"down": {"uv": [46, 43.5], "uv_size": [1.5, -0.5]}
							}
						},
						{
							"origin": [-1.65234, 2.30556, -8.5998],
							"size": [1.39844, 1.28125, 0.34766],
							"pivot": [-0.95313, 3.58681, -8.2541],
							"rotation": [-56, 0, 0],
							"uv": {
								"north": {"uv": [28, 38], "uv_size": [1.5, 1.5]},
								"east": {"uv": [44, 46], "uv_size": [0.5, 1.5]},
								"south": {"uv": [30, 38], "uv_size": [1.5, 1.5]},
								"west": {"uv": [45, 46], "uv_size": [0.5, 1.5]},
								"up": {"uv": [46, 45], "uv_size": [1.5, 0.5]},
								"down": {"uv": [46, 46.5], "uv_size": [1.5, -0.5]}
							}
						},
						{
							"origin": [-1.65234, 3.61872, -9.31611],
							"size": [1.39844, 0.248, 0.8759],
							"uv": {
								"north": {"uv": [0, 47], "uv_size": [1.5, 0.5]},
								"east": {"uv": [44, 48], "uv_size": [1, 0.5]},
								"south": {"uv": [2, 47], "uv_size": [1.5, 0.5]},
								"west": {"uv": [48, 44], "uv_size": [1, 0.5]},
								"up": {"uv": [17, 42], "uv_size": [1.5, 1]},
								"down": {"uv": [42, 19], "uv_size": [1.5, -1]}
							}
						},
						{
							"origin": [-1.65234, 3.27497, -9.31611],
							"size": [1.39844, 0.34375, 0.51652],
							"uv": {
								"north": {"uv": [4, 47], "uv_size": [1.5, 0.5]},
								"east": {"uv": [31, 50], "uv_size": [0.5, 0.5]},
								"south": {"uv": [6, 47], "uv_size": [1.5, 0.5]},
								"west": {"uv": [50, 31], "uv_size": [0.5, 0.5]},
								"up": {"uv": [47, 6], "uv_size": [1.5, 0.5]},
								"down": {"uv": [47, 7.5], "uv_size": [1.5, -0.5]}
							}
						},
						{
							"origin": [-1.65234, 7.2281, -15.75361],
							"size": [1.39844, 0.4355, 2.46965],
							"uv": {
								"north": {"uv": [8, 47], "uv_size": [1.5, 0.5]},
								"east": {"uv": [10, 43], "uv_size": [2.5, 0.5]},
								"south": {"uv": [47, 8], "uv_size": [1.5, 0.5]},
								"west": {"uv": [43, 11], "uv_size": [2.5, 0.5]},
								"up": {"uv": [15, 34], "uv_size": [1.5, 2.5]},
								"down": {"uv": [18, 36.5], "uv_size": [1.5, -2.5]}
							}
						},
						{
							"origin": [-1.6522, 6.89997, -13.47236],
							"size": [1.3982, 0.248, 0.61027],
							"pivot": [-0.95313, 7.46147, -12.95628],
							"rotation": [-30, 0, 0],
							"uv": {
								"north": {"uv": [47, 9], "uv_size": [1.5, 0.5]},
								"east": {"uv": [32, 50], "uv_size": [0.5, 0.5]},
								"south": {"uv": [10, 47], "uv_size": [1.5, 0.5]},
								"west": {"uv": [50, 32], "uv_size": [0.5, 0.5]},
								"up": {"uv": [47, 10], "uv_size": [1.5, 0.5]},
								"down": {"uv": [12, 47.5], "uv_size": [1.5, -0.5]}
							}
						},
						{
							"origin": [-0.52734, 6.1051, -15.75361],
							"size": [0.27344, 1.123, 0.59465],
							"uv": {
								"north": {"uv": [45, 48], "uv_size": [0.5, 1]},
								"east": {"uv": [48, 45], "uv_size": [0.5, 1]},
								"south": {"uv": [46, 48], "uv_size": [0.5, 1]},
								"west": {"uv": [48, 46], "uv_size": [0.5, 1]},
								"up": {"uv": [33, 50], "uv_size": [0.5, 0.5]},
								"down": {"uv": [50, 33.5], "uv_size": [0.5, -0.5]}
							}
						},
						{
							"origin": [-0.52744, 5.54222, -15.75361],
							"size": [0.27344, 0.56288, 0.28264],
							"uv": {
								"north": {"uv": [34, 50], "uv_size": [0.5, 0.5]},
								"east": {"uv": [50, 34], "uv_size": [0.5, 0.5]},
								"south": {"uv": [35, 50], "uv_size": [0.5, 0.5]},
								"west": {"uv": [50, 35], "uv_size": [0.5, 0.5]},
								"up": {"uv": [36, 50], "uv_size": [0.5, 0.5]},
								"down": {"uv": [50, 36.5], "uv_size": [0.5, -0.5]}
							}
						},
						{
							"origin": [-0.52744, 5.5426, -15.75361],
							"size": [0.27344, 0.64357, 0.28222],
							"pivot": [-0.95313, 5.5416, -15.47191],
							"rotation": [-29, 0, 0],
							"uv": {
								"north": {"uv": [37, 50], "uv_size": [0.5, 0.5]},
								"east": {"uv": [50, 37], "uv_size": [0.5, 0.5]},
								"south": {"uv": [38, 50], "uv_size": [0.5, 0.5]},
								"west": {"uv": [50, 38], "uv_size": [0.5, 0.5]},
								"up": {"uv": [39, 50], "uv_size": [0.5, 0.5]},
								"down": {"uv": [50, 39.5], "uv_size": [0.5, -0.5]}
							}
						},
						{
							"origin": [-1.6522, 7.19481, -15.12973],
							"size": [1.3982, 0.39357, 0.21972],
							"pivot": [-0.95313, 7.26659, -15.05112],
							"rotation": [-71.5, 0, 0],
							"uv": {
								"north": {"uv": [47, 12], "uv_size": [1.5, 0.5]},
								"east": {"uv": [40, 50], "uv_size": [0.5, 0.5]},
								"south": {"uv": [47, 13], "uv_size": [1.5, 0.5]},
								"west": {"uv": [50, 40], "uv_size": [0.5, 0.5]},
								"up": {"uv": [14, 47], "uv_size": [1.5, 0.5]},
								"down": {"uv": [47, 14.5], "uv_size": [1.5, -0.5]}
							}
						},
						{
							"origin": [-0.52734, 6.94481, -15.31723],
							"size": [0.27344, 0.39357, 0.21972],
							"pivot": [-0.95313, 7.01659, -15.23862],
							"rotation": [-39, 0, 0],
							"uv": {
								"north": {"uv": [41, 50], "uv_size": [0.5, 0.5]},
								"east": {"uv": [50, 41], "uv_size": [0.5, 0.5]},
								"south": {"uv": [42, 50], "uv_size": [0.5, 0.5]},
								"west": {"uv": [50, 42], "uv_size": [0.5, 0.5]},
								"up": {"uv": [43, 50], "uv_size": [0.5, 0.5]},
								"down": {"uv": [50, 43.5], "uv_size": [0.5, -0.5]}
							}
						},
						{
							"origin": [-1.08984, 6.1051, -15.75361],
							"size": [0.27344, 1.123, 0.59465],
							"uv": {
								"north": {"uv": [47, 48], "uv_size": [0.5, 1]},
								"east": {"uv": [48, 47], "uv_size": [0.5, 1]},
								"south": {"uv": [48, 48], "uv_size": [0.5, 1]},
								"west": {"uv": [0, 49], "uv_size": [0.5, 1]},
								"up": {"uv": [44, 50], "uv_size": [0.5, 0.5]},
								"down": {"uv": [50, 44.5], "uv_size": [0.5, -0.5]}
							}
						},
						{
							"origin": [-1.0897, 5.79222, -15.75361],
							"size": [0.2732, 0.31288, 0.28264],
							"uv": {
								"north": {"uv": [45, 50], "uv_size": [0.5, 0.5]},
								"east": {"uv": [50, 45], "uv_size": [0.5, 0.5]},
								"south": {"uv": [46, 50], "uv_size": [0.5, 0.5]},
								"west": {"uv": [50, 46], "uv_size": [0.5, 0.5]},
								"up": {"uv": [47, 50], "uv_size": [0.5, 0.5]},
								"down": {"uv": [50, 47.5], "uv_size": [0.5, -0.5]}
							}
						},
						{
							"origin": [-1.37891, 5.54222, -15.75361],
							"size": [0.85156, 0.25, 0.28264],
							"uv": {
								"north": {"uv": [49, 0], "uv_size": [1, 0.5]},
								"east": {"uv": [48, 50], "uv_size": [0.5, 0.5]},
								"south": {"uv": [1, 49], "uv_size": [1, 0.5]},
								"west": {"uv": [50, 48], "uv_size": [0.5, 0.5]},
								"up": {"uv": [49, 1], "uv_size": [1, 0.5]},
								"down": {"uv": [2, 49.5], "uv_size": [1, -0.5]}
							}
						},
						{
							"origin": [-1.0897, 5.5426, -15.75361],
							"size": [0.2732, 0.64357, 0.28222],
							"pivot": [-1.51563, 5.5416, -15.47191],
							"rotation": [-29, 0, 0],
							"uv": {
								"north": {"uv": [49, 50], "uv_size": [0.5, 0.5]},
								"east": {"uv": [50, 49], "uv_size": [0.5, 0.5]},
								"south": {"uv": [50, 50], "uv_size": [0.5, 0.5]},
								"west": {"uv": [0, 51], "uv_size": [0.5, 0.5]},
								"up": {"uv": [51, 0], "uv_size": [0.5, 0.5]},
								"down": {"uv": [1, 51.5], "uv_size": [0.5, -0.5]}
							}
						},
						{
							"origin": [-1.08984, 6.94481, -15.31723],
							"size": [0.27344, 0.39357, 0.21972],
							"pivot": [-1.51563, 7.01659, -15.23862],
							"rotation": [-39, 0, 0],
							"uv": {
								"north": {"uv": [51, 1], "uv_size": [0.5, 0.5]},
								"east": {"uv": [2, 51], "uv_size": [0.5, 0.5]},
								"south": {"uv": [51, 2], "uv_size": [0.5, 0.5]},
								"west": {"uv": [3, 51], "uv_size": [0.5, 0.5]},
								"up": {"uv": [51, 3], "uv_size": [0.5, 0.5]},
								"down": {"uv": [4, 51.5], "uv_size": [0.5, -0.5]}
							}
						},
						{
							"origin": [-1.65234, 6.1051, -15.75361],
							"size": [0.27344, 1.123, 0.59465],
							"uv": {
								"north": {"uv": [49, 2], "uv_size": [0.5, 1]},
								"east": {"uv": [3, 49], "uv_size": [0.5, 1]},
								"south": {"uv": [49, 3], "uv_size": [0.5, 1]},
								"west": {"uv": [4, 49], "uv_size": [0.5, 1]},
								"up": {"uv": [51, 4], "uv_size": [0.5, 0.5]},
								"down": {"uv": [5, 51.5], "uv_size": [0.5, -0.5]}
							}
						},
						{
							"origin": [-1.65234, 6.94481, -15.31723],
							"size": [0.27344, 0.39357, 0.21972],
							"pivot": [-1.95313, 7.01659, -15.23862],
							"rotation": [-39, 0, 0],
							"uv": {
								"north": {"uv": [51, 5], "uv_size": [0.5, 0.5]},
								"east": {"uv": [6, 51], "uv_size": [0.5, 0.5]},
								"south": {"uv": [51, 6], "uv_size": [0.5, 0.5]},
								"west": {"uv": [7, 51], "uv_size": [0.5, 0.5]},
								"up": {"uv": [51, 7], "uv_size": [0.5, 0.5]},
								"down": {"uv": [8, 51.5], "uv_size": [0.5, -0.5]}
							}
						},
						{
							"origin": [-1.65244, 5.5426, -15.75361],
							"size": [0.27344, 0.64357, 0.28222],
							"pivot": [-1.95313, 5.5416, -15.47191],
							"rotation": [-29, 0, 0],
							"uv": {
								"north": {"uv": [51, 8], "uv_size": [0.5, 0.5]},
								"east": {"uv": [9, 51], "uv_size": [0.5, 0.5]},
								"south": {"uv": [51, 9], "uv_size": [0.5, 0.5]},
								"west": {"uv": [10, 51], "uv_size": [0.5, 0.5]},
								"up": {"uv": [51, 10], "uv_size": [0.5, 0.5]},
								"down": {"uv": [11, 51.5], "uv_size": [0.5, -0.5]}
							}
						},
						{
							"origin": [-1.65244, 5.54222, -15.75361],
							"size": [0.27344, 0.56288, 0.28264],
							"uv": {
								"north": {"uv": [51, 11], "uv_size": [0.5, 0.5]},
								"east": {"uv": [12, 51], "uv_size": [0.5, 0.5]},
								"south": {"uv": [51, 12], "uv_size": [0.5, 0.5]},
								"west": {"uv": [13, 51], "uv_size": [0.5, 0.5]},
								"up": {"uv": [51, 13], "uv_size": [0.5, 0.5]},
								"down": {"uv": [14, 51.5], "uv_size": [0.5, -0.5]}
							}
						},
						{
							"origin": [-0.37855, 7.60226, -14.75361],
							"size": [1.14844, 0.1875, 4.77241],
							"pivot": [-0.17933, 7.69601, -10.17065],
							"rotation": [0, 0, -45],
							"uv": {
								"north": {"uv": [49, 4], "uv_size": [1, 0.5]},
								"east": {"uv": [37, 36], "uv_size": [5, 0.5]},
								"south": {"uv": [5, 49], "uv_size": [1, 0.5]},
								"west": {"uv": [37, 37], "uv_size": [5, 0.5]},
								"up": {"uv": [24, 31], "uv_size": [1, 5]},
								"down": {"uv": [25, 36], "uv_size": [1, -5]}
							}
						},
						{
							"origin": [-2.46441, 8.30092, -14.75361],
							"size": [3.02257, 0.17518, 4.77241],
							"uv": {
								"north": {"uv": [19, 42], "uv_size": [3, 0.5]},
								"east": {"uv": [38, 11], "uv_size": [5, 0.5]},
								"south": {"uv": [42, 19], "uv_size": [3, 0.5]},
								"west": {"uv": [12, 38], "uv_size": [5, 0.5]},
								"up": {"uv": [8, 18], "uv_size": [3, 5]},
								"down": {"uv": [18, 17], "uv_size": [3, -5]}
							}
						},
						{
							"origin": [-1.65234, 7.48885, -10.36011],
							"size": [1.39844, 0.1875, 0.37891],
							"uv": {
								"north": {"uv": [47, 15], "uv_size": [1.5, 0.5]},
								"east": {"uv": [51, 14], "uv_size": [0.5, 0.5]},
								"south": {"uv": [16, 47], "uv_size": [1.5, 0.5]},
								"west": {"uv": [15, 51], "uv_size": [0.5, 0.5]},
								"up": {"uv": [47, 16], "uv_size": [1.5, 0.5]},
								"down": {"uv": [47, 17.5], "uv_size": [1.5, -0.5]}
							}
						},
						{
							"origin": [-2.67614, 7.60226, -14.75361],
							"size": [1.14844, 0.1875, 4.77241],
							"pivot": [-1.72692, 7.69601, -10.17065],
							"rotation": [0, 0, 45],
							"uv": {
								"north": {"uv": [49, 5], "uv_size": [1, 0.5]},
								"east": {"uv": [38, 14], "uv_size": [5, 0.5]},
								"south": {"uv": [6, 49], "uv_size": [1, 0.5]},
								"west": {"uv": [38, 15], "uv_size": [5, 0.5]},
								"up": {"uv": [31, 29], "uv_size": [1, 5]},
								"down": {"uv": [32, 21], "uv_size": [1, -5]}
							}
						},
						{
							"origin": [-2.67614, 7.60226, -15.75361],
							"size": [1.14844, 0.1875, 1],
							"pivot": [-1.72692, 7.69601, -11.17065],
							"rotation": [0, 0, 45],
							"uv": {
								"north": {"uv": [49, 6], "uv_size": [1, 0.5]},
								"east": {"uv": [7, 49], "uv_size": [1, 0.5]},
								"south": {"uv": [49, 7], "uv_size": [1, 0.5]},
								"west": {"uv": [8, 49], "uv_size": [1, 0.5]},
								"up": {"uv": [44, 24], "uv_size": [1, 1]},
								"down": {"uv": [44, 26], "uv_size": [1, -1]}
							}
						},
						{
							"origin": [-2.53552, 7.78976, -15.75361],
							"size": [0.83594, 0.17187, 1],
							"pivot": [-1.72692, 7.69601, -11.17065],
							"rotation": [0, 0, 45],
							"uv": {
								"north": {"uv": [49, 8], "uv_size": [1, 0.5]},
								"east": {"uv": [9, 49], "uv_size": [1, 0.5]},
								"south": {"uv": [49, 9], "uv_size": [1, 0.5]},
								"west": {"uv": [10, 49], "uv_size": [1, 0.5]},
								"up": {"uv": [26, 44], "uv_size": [1, 1]},
								"down": {"uv": [44, 27], "uv_size": [1, -1]}
							}
						},
						{
							"origin": [-2.46441, 8.30092, -15.75361],
							"size": [0.36632, 0.17518, 1],
							"uv": {
								"north": {"uv": [51, 15], "uv_size": [0.5, 0.5]},
								"east": {"uv": [49, 10], "uv_size": [1, 0.5]},
								"south": {"uv": [16, 51], "uv_size": [0.5, 0.5]},
								"west": {"uv": [11, 49], "uv_size": [1, 0.5]},
								"up": {"uv": [49, 11], "uv_size": [0.5, 1]},
								"down": {"uv": [12, 50], "uv_size": [0.5, -1]}
							}
						},
						{
							"origin": [-1.65234, 7.66359, -15.75361],
							"size": [1.39844, 0.32482, 1],
							"uv": {
								"north": {"uv": [18, 47], "uv_size": [1.5, 0.5]},
								"east": {"uv": [49, 12], "uv_size": [1, 0.5]},
								"south": {"uv": [47, 18], "uv_size": [1.5, 0.5]},
								"west": {"uv": [13, 49], "uv_size": [1, 0.5]},
								"up": {"uv": [42, 20], "uv_size": [1.5, 1]},
								"down": {"uv": [42, 22], "uv_size": [1.5, -1]}
							}
						},
						{
							"origin": [-0.20667, 7.78976, -15.75361],
							"size": [0.82031, 0.1875, 1],
							"pivot": [-0.17933, 7.69601, -11.17065],
							"rotation": [0, 0, -45],
							"uv": {
								"north": {"uv": [49, 13], "uv_size": [1, 0.5]},
								"east": {"uv": [14, 49], "uv_size": [1, 0.5]},
								"south": {"uv": [49, 14], "uv_size": [1, 0.5]},
								"west": {"uv": [15, 49], "uv_size": [1, 0.5]},
								"up": {"uv": [44, 27], "uv_size": [1, 1]},
								"down": {"uv": [44, 29], "uv_size": [1, -1]}
							}
						},
						{
							"origin": [-0.37855, 7.60226, -15.75361],
							"size": [1.14844, 0.1875, 1],
							"pivot": [-0.17933, 7.69601, -11.17065],
							"rotation": [0, 0, -45],
							"uv": {
								"north": {"uv": [49, 15], "uv_size": [1, 0.5]},
								"east": {"uv": [16, 49], "uv_size": [1, 0.5]},
								"south": {"uv": [49, 16], "uv_size": [1, 0.5]},
								"west": {"uv": [17, 49], "uv_size": [1, 0.5]},
								"up": {"uv": [44, 29], "uv_size": [1, 1]},
								"down": {"uv": [44, 31], "uv_size": [1, -1]}
							}
						},
						{
							"origin": [0.17621, 8.30092, -15.75361],
							"size": [0.38195, 0.17518, 1],
							"uv": {
								"north": {"uv": [51, 16], "uv_size": [0.5, 0.5]},
								"east": {"uv": [49, 17], "uv_size": [1, 0.5]},
								"south": {"uv": [17, 51], "uv_size": [0.5, 0.5]},
								"west": {"uv": [18, 49], "uv_size": [1, 0.5]},
								"up": {"uv": [49, 18], "uv_size": [0.5, 1]},
								"down": {"uv": [19, 50], "uv_size": [0.5, -1]}
							}
						},
						{
							"origin": [-1.65234, 7.66359, -14.75361],
							"size": [1.39844, 0.63732, 4.77241],
							"uv": {
								"north": {"uv": [47, 19], "uv_size": [1.5, 0.5]},
								"east": {"uv": [38, 16], "uv_size": [5, 0.5]},
								"south": {"uv": [20, 47], "uv_size": [1.5, 0.5]},
								"west": {"uv": [38, 17], "uv_size": [5, 0.5]},
								"up": {"uv": [18, 29], "uv_size": [1.5, 5]},
								"down": {"uv": [2, 35], "uv_size": [1.5, -5]}
							}
						}
					]
				},
				{
					"name": "bone2",
					"parent": "body",
					"pivot": [-0.95313, 7.30876, 1.24392],
					"cubes": [
						{
							"origin": [-1.65234, 2.55926, 2.29018],
							"size": [1.39844, 5.85938, 2.69141],
							"pivot": [-0.95312, 4.66864, 3.93081],
							"rotation": [17.5, 0, 0],
							"uv": {
								"north": {"uv": [18, 23], "uv_size": [1.5, 6]},
								"east": {"uv": [18, 17], "uv_size": [2.5, 6]},
								"south": {"uv": [24, 22], "uv_size": [1.5, 6]},
								"west": {"uv": [20, 0], "uv_size": [2.5, 6]},
								"up": {"uv": [34, 20], "uv_size": [1.5, 2.5]},
								"down": {"uv": [30, 36.5], "uv_size": [1.5, -2.5]}
							}
						},
						{
							"origin": [-1.45312, 2.55926, 4.97768],
							"size": [1, 3.73438, 0.20313],
							"pivot": [-0.95312, 4.66864, 3.93081],
							"rotation": [17.5, 0, 0],
							"uv": {
								"north": {"uv": [20, 23], "uv_size": [1, 3.5]},
								"east": {"uv": [0, 39], "uv_size": [0.5, 3.5]},
								"south": {"uv": [2, 35], "uv_size": [1, 3.5]},
								"west": {"uv": [1, 39], "uv_size": [0.5, 3.5]},
								"up": {"uv": [49, 19], "uv_size": [1, 0.5]},
								"down": {"uv": [20, 49.5], "uv_size": [1, -0.5]}
							}
						},
						{
							"origin": [-0.54736, 2.82218, 4.40462],
							"size": [0.28174, 3.73437, 0.21189],
							"pivot": [-0.26562, 6.00186, 4.59993],
							"rotation": [24.03208, 42.406, 16.73634],
							"uv": {
								"north": {"uv": [2, 39], "uv_size": [0.5, 3.5]},
								"east": {"uv": [8, 39], "uv_size": [0.5, 3.5]},
								"south": {"uv": [10, 39], "uv_size": [0.5, 3.5]},
								"west": {"uv": [12, 39], "uv_size": [0.5, 3.5]},
								"up": {"uv": [51, 17], "uv_size": [0.5, 0.5]},
								"down": {"uv": [18, 51.5], "uv_size": [0.5, -0.5]}
							}
						},
						{
							"origin": [-1.64063, 2.82218, 4.40462],
							"size": [0.28174, 3.73437, 0.21189],
							"pivot": [-1.64063, 6.00186, 4.59993],
							"rotation": [24.03208, -42.406, -16.73634],
							"uv": {
								"north": {"uv": [13, 39], "uv_size": [0.5, 3.5]},
								"east": {"uv": [14, 39], "uv_size": [0.5, 3.5]},
								"south": {"uv": [15, 39], "uv_size": [0.5, 3.5]},
								"west": {"uv": [16, 39], "uv_size": [0.5, 3.5]},
								"up": {"uv": [51, 18], "uv_size": [0.5, 0.5]},
								"down": {"uv": [19, 51.5], "uv_size": [0.5, -0.5]}
							}
						},
						{
							"origin": [-1.49081, 6.5941, 4.76811],
							"size": [0.28174, 1.29688, 0.21189],
							"pivot": [-0.95313, 6.77378, 4.52883],
							"rotation": [-38.0933, -38.203, 25.86455],
							"uv": {
								"north": {"uv": [47, 20], "uv_size": [0.5, 1.5]},
								"east": {"uv": [22, 47], "uv_size": [0.5, 1.5]},
								"south": {"uv": [23, 47], "uv_size": [0.5, 1.5]},
								"west": {"uv": [24, 47], "uv_size": [0.5, 1.5]},
								"up": {"uv": [51, 19], "uv_size": [0.5, 0.5]},
								"down": {"uv": [20, 51.5], "uv_size": [0.5, -0.5]}
							}
						},
						{
							"origin": [-0.69718, 6.5941, 4.76811],
							"size": [0.28174, 1.29688, 0.21189],
							"pivot": [-0.95313, 6.77378, 4.52883],
							"rotation": [-38.0933, 38.203, -25.86455],
							"uv": {
								"north": {"uv": [47, 24], "uv_size": [0.5, 1.5]},
								"east": {"uv": [25, 47], "uv_size": [0.5, 1.5]},
								"south": {"uv": [26, 47], "uv_size": [0.5, 1.5]},
								"west": {"uv": [47, 26], "uv_size": [0.5, 1.5]},
								"up": {"uv": [51, 20], "uv_size": [0.5, 0.5]},
								"down": {"uv": [21, 51.5], "uv_size": [0.5, -0.5]}
							}
						},
						{
							"origin": [-1.45312, 6.5941, 4.46374],
							"size": [1, 1.29688, 0.20313],
							"pivot": [-0.95313, 6.77378, 4.52883],
							"rotation": [-29, 0, 0],
							"uv": {
								"north": {"uv": [9, 42], "uv_size": [1, 1.5]},
								"east": {"uv": [27, 47], "uv_size": [0.5, 1.5]},
								"south": {"uv": [22, 42], "uv_size": [1, 1.5]},
								"west": {"uv": [28, 47], "uv_size": [0.5, 1.5]},
								"up": {"uv": [49, 20], "uv_size": [1, 0.5]},
								"down": {"uv": [21, 49.5], "uv_size": [1, -0.5]}
							}
						},
						{
							"origin": [-1.49081, 6.39484, 4.78231],
							"size": [0.28174, 0.54688, 0.21189],
							"pivot": [-0.95313, 6.66828, 4.54303],
							"rotation": [-9.85082, -44.5745, 6.94834],
							"uv": {
								"north": {"uv": [51, 21], "uv_size": [0.5, 0.5]},
								"east": {"uv": [22, 51], "uv_size": [0.5, 0.5]},
								"south": {"uv": [51, 22], "uv_size": [0.5, 0.5]},
								"west": {"uv": [23, 51], "uv_size": [0.5, 0.5]},
								"up": {"uv": [51, 23], "uv_size": [0.5, 0.5]},
								"down": {"uv": [24, 51.5], "uv_size": [0.5, -0.5]}
							}
						},
						{
							"origin": [-0.69718, 6.39484, 4.78231],
							"size": [0.28174, 0.54688, 0.21189],
							"pivot": [-0.95313, 6.66828, 4.54303],
							"rotation": [-9.85082, 44.5745, -6.94834],
							"uv": {
								"north": {"uv": [51, 24], "uv_size": [0.5, 0.5]},
								"east": {"uv": [25, 51], "uv_size": [0.5, 0.5]},
								"south": {"uv": [51, 25], "uv_size": [0.5, 0.5]},
								"west": {"uv": [26, 51], "uv_size": [0.5, 0.5]},
								"up": {"uv": [51, 26], "uv_size": [0.5, 0.5]},
								"down": {"uv": [27, 51.5], "uv_size": [0.5, -0.5]}
							}
						},
						{
							"origin": [-1.45312, 6.39484, 4.47795],
							"size": [1, 0.54688, 0.20313],
							"pivot": [-0.95313, 6.66828, 4.54303],
							"rotation": [-7, 0, 0],
							"uv": {
								"north": {"uv": [49, 21], "uv_size": [1, 0.5]},
								"east": {"uv": [51, 27], "uv_size": [0.5, 0.5]},
								"south": {"uv": [22, 49], "uv_size": [1, 0.5]},
								"west": {"uv": [28, 51], "uv_size": [0.5, 0.5]},
								"up": {"uv": [49, 22], "uv_size": [1, 0.5]},
								"down": {"uv": [23, 49.5], "uv_size": [1, -0.5]}
							}
						},
						{
							"origin": [-1.6522, 6.39484, 4.29045],
							"size": [1.3982, 0.54688, 0.19141],
							"pivot": [-0.95313, 6.66828, 4.54303],
							"rotation": [-7, 0, 0],
							"uv": {
								"north": {"uv": [47, 22], "uv_size": [1.5, 0.5]},
								"east": {"uv": [51, 28], "uv_size": [0.5, 0.5]},
								"south": {"uv": [47, 28], "uv_size": [1.5, 0.5]},
								"west": {"uv": [29, 51], "uv_size": [0.5, 0.5]},
								"up": {"uv": [29, 47], "uv_size": [1.5, 0.5]},
								"down": {"uv": [47, 29.5], "uv_size": [1.5, -0.5]}
							}
						},
						{
							"origin": [-1.6522, 6.69944, 3.96782],
							"size": [1.3982, 1.17188, 0.76953],
							"pivot": [-0.95312, 7.34788, 4.46001],
							"rotation": [-29, 0, 0],
							"uv": {
								"north": {"uv": [23, 42], "uv_size": [1.5, 1]},
								"east": {"uv": [44, 31], "uv_size": [1, 1]},
								"south": {"uv": [25, 42], "uv_size": [1.5, 1]},
								"west": {"uv": [44, 32], "uv_size": [1, 1]},
								"up": {"uv": [29, 42], "uv_size": [1.5, 1]},
								"down": {"uv": [42, 30], "uv_size": [1.5, -1]}
							}
						},
						{
							"origin": [-0.54736, 2.14139, 2.82822],
							"size": [0.28174, 5.85937, 0.21189],
							"pivot": [-0.26562, 2.69608, 2.8448],
							"rotation": [24.03208, -42.406, -16.73634],
							"uv": {
								"north": {"uv": [24, 36], "uv_size": [0.5, 6]},
								"east": {"uv": [25, 36], "uv_size": [0.5, 6]},
								"south": {"uv": [26, 36], "uv_size": [0.5, 6]},
								"west": {"uv": [27, 36], "uv_size": [0.5, 6]},
								"up": {"uv": [51, 29], "uv_size": [0.5, 0.5]},
								"down": {"uv": [30, 51.5], "uv_size": [0.5, -0.5]}
							}
						},
						{
							"origin": [-1.64063, 2.14139, 2.82822],
							"size": [0.28174, 5.85937, 0.21189],
							"pivot": [-1.64063, 2.69608, 2.8448],
							"rotation": [24.03208, 42.406, 16.73634],
							"uv": {
								"north": {"uv": [36, 35], "uv_size": [0.5, 6]},
								"east": {"uv": [4, 37], "uv_size": [0.5, 6]},
								"south": {"uv": [5, 37], "uv_size": [0.5, 6]},
								"west": {"uv": [6, 37], "uv_size": [0.5, 6]},
								"up": {"uv": [51, 30], "uv_size": [0.5, 0.5]},
								"down": {"uv": [31, 51.5], "uv_size": [0.5, -0.5]}
							}
						},
						{
							"origin": [-1.45312, 2.40431, 2.26392],
							"size": [1, 5.85938, 0.20313],
							"pivot": [-0.95312, 4.02931, 3.51392],
							"rotation": [17.5, 0, 0],
							"uv": {
								"north": {"uv": [6, 30], "uv_size": [1, 6]},
								"east": {"uv": [7, 37], "uv_size": [0.5, 6]},
								"south": {"uv": [10, 30], "uv_size": [1, 6]},
								"west": {"uv": [11, 37], "uv_size": [0.5, 6]},
								"up": {"uv": [49, 23], "uv_size": [1, 0.5]},
								"down": {"uv": [24, 49.5], "uv_size": [1, -0.5]}
							}
						},
						{
							"origin": [-1.49081, 6.66032, 0.79275],
							"size": [0.28174, 1.17188, 0.21189],
							"pivot": [-0.95313, 7.30876, 1.24392],
							"rotation": [60.64407, 26.11564, 38.04702],
							"uv": {
								"north": {"uv": [49, 24], "uv_size": [0.5, 1]},
								"east": {"uv": [25, 49], "uv_size": [0.5, 1]},
								"south": {"uv": [49, 25], "uv_size": [0.5, 1]},
								"west": {"uv": [26, 49], "uv_size": [0.5, 1]},
								"up": {"uv": [51, 31], "uv_size": [0.5, 0.5]},
								"down": {"uv": [32, 51.5], "uv_size": [0.5, -0.5]}
							}
						},
						{
							"origin": [-1.45312, 6.66032, 1.10588],
							"size": [1, 1.17188, 0.20313],
							"pivot": [-0.95313, 7.30876, 1.24392],
							"rotation": [51.5, 0, 0],
							"uv": {
								"north": {"uv": [36, 44], "uv_size": [1, 1]},
								"east": {"uv": [49, 26], "uv_size": [0.5, 1]},
								"south": {"uv": [37, 44], "uv_size": [1, 1]},
								"west": {"uv": [27, 49], "uv_size": [0.5, 1]},
								"up": {"uv": [49, 27], "uv_size": [1, 0.5]},
								"down": {"uv": [28, 49.5], "uv_size": [1, -0.5]}
							}
						},
						{
							"origin": [-0.69718, 6.66032, 0.79275],
							"size": [0.28174, 1.17188, 0.21189],
							"pivot": [-0.95313, 7.30876, 1.24392],
							"rotation": [60.64407, -26.11564, -38.04702],
							"uv": {
								"north": {"uv": [49, 28], "uv_size": [0.5, 1]},
								"east": {"uv": [29, 49], "uv_size": [0.5, 1]},
								"south": {"uv": [49, 29], "uv_size": [0.5, 1]},
								"west": {"uv": [30, 49], "uv_size": [0.5, 1]},
								"up": {"uv": [51, 32], "uv_size": [0.5, 0.5]},
								"down": {"uv": [33, 51.5], "uv_size": [0.5, -0.5]}
							}
						},
						{
							"origin": [-1.49081, 5.69157, 0.58911],
							"size": [0.28174, 2.48438, 0.21189],
							"pivot": [-0.95313, 7.52751, 0.34983],
							"rotation": [-90.35356, 0.35355, 44.99891],
							"uv": {
								"north": {"uv": [8, 43], "uv_size": [0.5, 2.5]},
								"east": {"uv": [13, 43], "uv_size": [0.5, 2.5]},
								"south": {"uv": [14, 43], "uv_size": [0.5, 2.5]},
								"west": {"uv": [43, 14], "uv_size": [0.5, 2.5]},
								"up": {"uv": [51, 33], "uv_size": [0.5, 0.5]},
								"down": {"uv": [34, 51.5], "uv_size": [0.5, -0.5]}
							}
						},
						{
							"origin": [-1.45312, 5.69157, 0.28475],
							"size": [1, 2.48438, 0.20313],
							"pivot": [-0.95313, 7.52751, 0.34983],
							"rotation": [-90.5, 0, 0],
							"uv": {
								"north": {"uv": [21, 37], "uv_size": [1, 2.5]},
								"east": {"uv": [15, 43], "uv_size": [0.5, 2.5]},
								"south": {"uv": [3, 38], "uv_size": [1, 2.5]},
								"west": {"uv": [16, 43], "uv_size": [0.5, 2.5]},
								"up": {"uv": [49, 30], "uv_size": [1, 0.5]},
								"down": {"uv": [31, 49.5], "uv_size": [1, -0.5]}
							}
						},
						{
							"origin": [-0.69718, 5.69157, 0.58911],
							"size": [0.28174, 2.48438, 0.21189],
							"pivot": [-0.95313, 7.52751, 0.34983],
							"rotation": [-90.35356, -0.35355, -44.99891],
							"uv": {
								"north": {"uv": [17, 43], "uv_size": [0.5, 2.5]},
								"east": {"uv": [18, 43], "uv_size": [0.5, 2.5]},
								"south": {"uv": [19, 43], "uv_size": [0.5, 2.5]},
								"west": {"uv": [20, 43], "uv_size": [0.5, 2.5]},
								"up": {"uv": [51, 34], "uv_size": [0.5, 0.5]},
								"down": {"uv": [35, 51.5], "uv_size": [0.5, -0.5]}
							}
						},
						{
							"origin": [-1.6522, 6.66032, 1.30509],
							"size": [1.3982, 1.17188, 0.44141],
							"pivot": [-0.95313, 7.30876, 1.24392],
							"rotation": [51.5, 0, 0],
							"uv": {
								"north": {"uv": [42, 30], "uv_size": [1.5, 1]},
								"east": {"uv": [49, 31], "uv_size": [0.5, 1]},
								"south": {"uv": [31, 42], "uv_size": [1.5, 1]},
								"west": {"uv": [32, 49], "uv_size": [0.5, 1]},
								"up": {"uv": [47, 30], "uv_size": [1.5, 0.5]},
								"down": {"uv": [31, 47.5], "uv_size": [1.5, -0.5]}
							}
						},
						{
							"origin": [-1.65234, 5.69157, 0.03475],
							"size": [1.39844, 2.48438, 0.25391],
							"pivot": [-1, 7.52751, 0.34983],
							"rotation": [-90.5, 0, 0],
							"uv": {
								"north": {"uv": [34, 31], "uv_size": [1.5, 2.5]},
								"east": {"uv": [21, 43], "uv_size": [0.5, 2.5]},
								"south": {"uv": [32, 34], "uv_size": [1.5, 2.5]},
								"west": {"uv": [23, 43], "uv_size": [0.5, 2.5]},
								"up": {"uv": [47, 31], "uv_size": [1.5, 0.5]},
								"down": {"uv": [47, 32.5], "uv_size": [1.5, -0.5]}
							}
						}
					]
				},
				{
					"name": "bone4",
					"parent": "body",
					"pivot": [-0.95312, 6.69751, 1.29471],
					"rotation": [17, 0, 0],
					"cubes": [
						{
							"origin": [-1.32812, 6.29179, 0.73802],
							"size": [0.75, 0.8125, 0.84375],
							"uv": {
								"north": {"uv": [38, 44], "uv_size": [1, 1]},
								"east": {"uv": [44, 38], "uv_size": [1, 1]},
								"south": {"uv": [44, 39], "uv_size": [1, 1]},
								"west": {"uv": [44, 41], "uv_size": [1, 1]},
								"up": {"uv": [42, 44], "uv_size": [1, 1]},
								"down": {"uv": [44, 43], "uv_size": [1, -1]}
							}
						},
						{
							"origin": [-1.327, 6.85429, 1.11302],
							"size": [0.748, 0.3125, 0.59375],
							"pivot": [-0.96875, 6.94804, 1.28489],
							"rotation": [35, 0, 0],
							"uv": {
								"north": {"uv": [49, 32], "uv_size": [1, 0.5]},
								"east": {"uv": [51, 35], "uv_size": [0.5, 0.5]},
								"south": {"uv": [33, 49], "uv_size": [1, 0.5]},
								"west": {"uv": [36, 51], "uv_size": [0.5, 0.5]},
								"up": {"uv": [49, 33], "uv_size": [1, 0.5]},
								"down": {"uv": [34, 49.5], "uv_size": [1, -0.5]}
							}
						},
						{
							"origin": [-1.327, 6.36992, 1.45677],
							"size": [0.748, 0.3125, 0.59375],
							"pivot": [-0.96875, 6.94804, 1.28489],
							"rotation": [-40, 0, 0],
							"uv": {
								"north": {"uv": [49, 34], "uv_size": [1, 0.5]},
								"east": {"uv": [51, 36], "uv_size": [0.5, 0.5]},
								"south": {"uv": [35, 49], "uv_size": [1, 0.5]},
								"west": {"uv": [37, 51], "uv_size": [0.5, 0.5]},
								"up": {"uv": [49, 35], "uv_size": [1, 0.5]},
								"down": {"uv": [36, 49.5], "uv_size": [1, -0.5]}
							}
						}
					]
				},
				{
					"name": "constraint",
					"parent": "z80",
					"pivot": [-1, 7.84, -23.44]
				},
				{
					"name": "refit_pos",
					"parent": "z80",
					"pivot": [-1, 2, -6.425]
				},
				{
					"name": "muzzle_flash",
					"parent": "refit_pos",
					"pivot": [-1, 5.8, -24.45]
				},
				{
					"name": "muzzle_pos",
					"parent": "refit_pos",
					"pivot": [-1, 5.95, -24.4125]
				},
				{
					"name": "scope_pos",
					"parent": "refit_pos",
					"pivot": [-1, 7.43969, 0.4125]
				},
				{
					"name": "stock_pos",
					"parent": "refit_pos",
					"pivot": [-1, 5.0875, 5.5625]
				},
				{
					"name": "grip_pos",
					"parent": "refit_pos",
					"pivot": [-1, 2.0125, -18.3375]
				},
				{
					"name": "shell",
					"parent": "refit_pos",
					"pivot": [-1.2, 6, -3.525]
				},
				{
					"name": "text_display",
					"parent": "z80",
					"pivot": [-1, 12.66864, 1.88393],
					"rotation": [45, 0, 0]
				},
				{
					"name": "camera",
					"pivot": [2.75, 14.2875, 14]
				},
				{
					"name": "positioning",
					"pivot": [0, 0, -8]
				},
				{
					"name": "thirdperson_hand",
					"parent": "positioning",
					"pivot": [0, 7.925, 7.65]
				},
				{
					"name": "ground",
					"parent": "positioning",
					"pivot": [0, -0.9, 2.65]
				},
				{
					"name": "fixed",
					"parent": "positioning",
					"pivot": [1.05, 10.675, 3.45],
					"rotation": [0, 90, 0]
				},
				{
					"name": "view",
					"pivot": [0, 0, 0]
				},
				{
					"name": "idle_view",
					"parent": "view",
					"pivot": [2.75, 14.2875, 14]
				},
				{
					"name": "iron_view",
					"parent": "view",
					"pivot": [-0.9375, 13.45625, 14.25]
				},
				{
					"name": "refit_view",
					"parent": "view",
					"pivot": [23, 10.2, -3.85],
					"rotation": [0, 90, 0]
				},
				{
					"name": "refit_muzzle_view",
					"parent": "view",
					"pivot": [8, 9, -26],
					"rotation": [0, 120, 0]
				},
				{
					"name": "refit_stock_view",
					"parent": "view",
					"pivot": [10, 9, 14],
					"rotation": [0, 90, 0]
				},
				{
					"name": "refit_scope_view",
					"parent": "view",
					"pivot": [7, 14.125, 8.3],
					"rotation": [0, 50, 0]
				},
				{
					"name": "refit_extended_mag_view",
					"parent": "view",
					"pivot": [3.10279, 7.01237, -6],
					"rotation": [0, 90, 35]
				},
				{
					"name": "refit_laser_view",
					"parent": "view",
					"pivot": [7, 10, -12],
					"rotation": [0, 70, 0]
				},
				{
					"name": "refit_grip_view",
					"parent": "view",
					"pivot": [6.8, 5.4, -13],
					"rotation": [0, 90, 0]
				}
			]
		}
	]
}