{
  "model": "maxstuff:gun/1851_navy_geo",
  "texture": "maxstuff:gun/uv/1851_navy",
  "hud": "maxstuff:gun/hud/1851_navy",
  "slot": "maxstuff:gun/slot/1851_navy",
  "lod": {
    "model": "tacz:gun/lod/deagle_golden",
    "texture": "tacz:gun/lod/deagle_golden"
  },
  "animation": "maxstuff:1851",
  "state_machine": "tacz:m870_state_machine",
  "state_machine_param": {
    "bolt_shell_ejecting_time": 0.17,
    "intro_shell_ejecting_time": 0.4
  },
  "use_default_animation": "pistol",
  "player_animator_3rd": "tacz:pistol_default.player_animation",
  "transform": {
    "scale": {
      "thirdperson": [
        0.6,
        0.6,
        0.6
      ],
      "ground": [
        0.6,
        0.6,
        0.6
      ],
      "fixed": [
        1.2,
        1.2,
        1.2
      ]
    }
  },
  "shell": {
    "initial_velocity": [8.0, 5.0, -0.5],
    "random_velocity": [2.5, 1.5, 0.25],
    "acceleration": [0.0, -20, 0.0],
    "angular_velocity": [720, -1200, 90],
    "living_time": 1.0
  },
  "muzzle_flash": {
    "texture": "tacz:flash/common_muzzle_flash",
    "scale": 0.65
  },
  "sounds": {
    "inspect": "tacz:deagle/deagle_inspect",
    "inspect_empty": "tacz:deagle/deagle_inspect_empty",
    "draw": "tacz:m1911/m1911_draw",
    "put_away": "tacz:m1911/m1911_put_away",
    "shoot": "tacz:deagle/deagle_shoot",
    "shoot_3p": "tacz:deagle/deagle_shoot_3p",
    "silence": "tacz:deagle/deagle_silence",
    "silence_3p": "tacz:deagle/deagle_silence_3p"
  },
  "offhand_show": {
    "pos": [4, 13, -2],
    "rotate": [-90, -35, 90],
    "scale": [0.5, 0.5, 0.5]
  },
  "hotbar_show": {
    "0": {
      "pos": [-5, 13, -2],
      "rotate": [-90, -35, 90],
      "scale": [0.5, 0.5, 0.5]
    }
  },
  "controllable": {
    "semi": {
      "low_frequency": 1,
      "high_frequency": 1,
      "time": 200
    }
  }
}