{
  "model": "maxstuff:gun/ai_aws_geo",
  "texture": "maxstuff:gun/uv/ai_aws",
  "lod": {
    "model": "maxstuff:gun/ai_aws_geo",
    "texture": "maxstuff:gun/uv/ai_aws"
  },
  "hud": "maxstuff:gun/hud/ai_aws",
  "slot": "maxstuff:gun/slot/ai_aws",
  "animation": "tacz:ai_awp",
  "use_default_animation": "rifle",
  "transform": {
    "scale": {
      "thirdperson": [0.6, 0.6, 0.6],
      "ground": [0.6, 0.6, 0.6],
      "fixed": [1.2, 1.2, 1.2]
    }
  },
  "sounds": {
    "reload_empty": "tacz:ai_awp/awp_reload_empty",
    "reload_tactical": "tacz:ai_awp/awp_reload_tactical",
    "inspect": "tacz:ai_awp/awp_inspect",
    "inspect_empty": "tacz:ai_awp/awp_inspect_empty",
    "draw": "tacz:ai_awp/awp_draw",
    "shoot": "tacz:ai_awp/awp_silence",
    "shoot_3p": "tacz:ai_awp/awp_silence_3p",
    "bolt": "tacz:ai_awp/awp_bolt",
    "put_away": "tacz:ai_awp/awp_put_away",
    "melee_push": "tacz:melee_stock/melee_stock_02",
    "melee_stock": "tacz:melee_stock/melee_stock_03"
  },
  "offhand_show": {
    "pos": [-2, 20, 4],
    "rotate": [0, 0, 45],
    "scale": [0.5, 0.5, 0.5]
  },
  "hotbar_show": {
    "0": {
      "pos": [-4, 26, 3],
      "rotate": [-90, -5, -90],
      "scale": [0.5, 0.5, 0.5]
    }
  }
}