{
  "model": "maxstuff:gun/ar18_geo",
  "texture": "maxstuff:gun/uv/ar18",
  "lod": {
     "model": "maxstuff:gun/ar18_geo",
     "texture": "maxstuff:gun/uv/ar18"
  },
  "hud": "maxstuff:gun/hud/ar18",
  "slot": "maxstuff:gun/slot/ar18",
  "animation": "maxstuff:ar18",
  "use_default_animation": "rifle",
  "third_person_animation": "default",
  "transform": {
    "scale": {
      "thirdperson": [0.6, 0.6, 0.6],
      "ground": [0.6, 0.6, 0.6],
      "fixed": [1.2, 1.2, 1.2]
    }
  },
  "muzzle_flash": {
    "texture": "tacz:flash/common_muzzle_flash",
    "scale": 0.6
  },
  "shell": {
    "initial_velocity": [5, 2, 1],
    "random_velocity": [1, 1, 0.25],
    "acceleration": [0.0, -10, 0.0],
    "angular_velocity": [360, -1200, 90],
    "living_time": 1.0
  },
  "sounds": {
    "shoot": "maxstuff:brn180/brn180_shoot",
    "shoot_3p": "maxstuff:brn180/brn180_shoot_3p",
    "reload_empty": "tacz:m16a1/m16a1_reload_empty",
    "reload_tactical": "tacz:m4a1/m4a1_reload_tactical",
    "inspect": "tacz:m16a1/m16a1_inspect",
    "inspect_empty": "tacz:m16a1/m16a1_inspect",
    "draw": "tacz:m4a1/m4a1_draw",
    "put_away": "tacz:m4a1/m4a1_put_away",
    "silence": "maxstuff:brn180/brn180_silence",
    "silence_3p": "maxstuff:brn180/brn180_silence_3p"
  },
  "offhand_show": {
    "pos": [1, 19, 4],
    "rotate": [0, 0, 50],
    "scale": [0.5, 0.5, 0.5]
  },
  "hotbar_show": {
    "0": {
      "pos": [-1, 19, 3],
      "rotate": [-180, 0, 130],
      "scale": [0.5, 0.5, 0.5]
    }
  }
}