{
  "model": "maxstuff:gun/ar57_geo",
  "texture": "maxstuff:gun/uv/ar57",
  "lod": {
    "model": "maxstuff:gun/ar57_geo",
    "texture": "maxstuff:gun/uv/ar57"
  },
  "hud": "maxstuff:gun/hud/ar57",
  "slot": "maxstuff:gun/slot/ar57",
  "animation": "maxstuff:ar57",
  "use_default_animation": "rifle",
  "third_person_animation": "default",
  "transform": {
    "scale": {
      "thirdperson": [0.6, 0.6, 0.6],
      "ground": [0.6, 0.6, 0.6],
      "fixed": [1.2, 1.2, 1.2]
    }
  },
  "muzzle_flash": {
    "texture": "tacz:flash/common_muzzle_flash",
    "scale": 0.75
  },
  "sounds": {
    "reload_empty": "tacz:p90/p90_reload_empty",
    "reload_tactical": "tacz:p90/p90_reload_tactical",
    "inspect": "tacz:p90/p90_inspect",
    "inspect_empty": "tacz:p90/p90_inspect_empty",
    "draw": "tacz:p90/p90_draw",
    "put_away": "tacz:p90/p90_put_away",
    "shoot": "tacz:p90/p90_shoot",
    "shoot_3p": "tacz:p90/p90_shoot_3p",
    "silence": "tacz:p90/p90_silence",
    "silence_3p": "tacz:p90/p90_silence_3p",
    "melee_push": "tacz:melee_stock/melee_stock_03",
    "melee_stock": "tacz:melee_stock/melee_stock_01"
  },
  "offhand_show": {
    "pos": [1, 19, 4],
    "rotate": [0, 0, 30],
    "scale": [0.5, 0.5, 0.5]
  },
  "hotbar_show": {
    "0": {
      "pos": [1, 16, -2],
    "rotate": [0, 0, 20],
    "scale": [0.5, 0.5, 0.5]
    }
  }
}