{
  "model": "maxstuff:gun/excaliber_geo",
  "texture": "maxstuff:gun/uv/excaliber",
  "lod": {
    "model": "tacz:gun/lod/m95",
    "texture": "tacz:gun/lod/m95"
  },
  "hud": "maxstuff:gun/hud/m82a2",
  "slot": "maxstuff:gun/slot/excaliber",
  "animation": "maxstuff:excaliber",
  "state_machine": "maxstuff:excaliber_state_machine",
  "use_default_animation": "rifle",
  "transform": {
    "scale": {
      "thirdperson": [0.6, 0.6, 0.6],
      "ground": [0.6, 0.6, 0.6],
      "fixed": [1.2, 1.2, 1.2]
    }
  },
  "muzzle_flash": {
    "texture": "tacz:flash/common_muzzle_flash",
    "scale": 2
  },
  "sounds": {
    "shoot": "tacz:m95/m95_shoot",
    "shoot_3p": "tacz:m95/m95_shoot_3p",
    "silence": "tacz:m107/m107_silence",
    "silence_3p": "tacz:m107/m107_silence_3p",
    "melee_push": "tacz:melee_stock/melee_stock_02",
    "melee_stock": "tacz:melee_stock/melee_stock_03"
  },
  "offhand_show": {
    "pos": [0, 20, 4],
    "rotate": [0, 0, 30],
    "scale": [0.5, 0.5, 0.5]
  },
  "hotbar_show": {
    "0": {
      "pos": [-4, 24, 3],
      "rotate": [-90, -5, -90],
      "scale": [0.5, 0.5, 0.5]
    }
  }
}