{
  "model": "maxstuff:gun/glock_54_geo",
  "texture": "maxstuff:gun/uv/glock_54",
  "lod": {
    "model": "tacz:gun/lod/glock_17",
    "texture": "tacz:gun/lod/glock_17"
  },
  "hud": "maxstuff:gun/hud/glock_54",
  "slot": "maxstuff:gun/slot/glock_54",
  "animation": "maxstuff:glock_54",
  "use_default_animation": "pistol",
  "player_animator_3rd": "tacz:pistol_default.player_animation",
  "transform": {
    "scale": {
      "thirdperson": [0.6, 0.6, 0.6],
      "ground": [0.6, 0.6, 0.6],
      "fixed": [1.2, 1.2, 1.2]
    }
  },
  "shell": {
    "initial_velocity": [8.0, 5.0, -0.5],
    "random_velocity": [2.5, 1.5, 0.25],
    "acceleration": [0.0, -20, 0.0],
    "angular_velocity": [360, -720, 90],
    "living_time": 1.0
  },
  "muzzle_flash": {
    "texture": "tacz:flash/common_muzzle_flash",
    "scale": 0.4
  },
  "sounds": {
    "inspect": "tacz:glock_17/glock17_inspect",
    "inspect_empty": "tacz:glock_17/glock17_inspect_empty",
    "draw": "tacz:glock_17/glock17_draw",
    "shoot": "tacz:glock_17/glock17_shoot",
    "shoot_3p": "tacz:glock_17/glock17_shoot_3p",
    "silence": "tacz:glock_17/glock17_silence",
    "silence_3p": "tacz:glock_17/glock17_silence_3p"
  },
  "offhand_show": {
    "pos": [4, 13, -1],
    "rotate": [-90, -35, 90],
    "scale": [0.5, 0.5, 0.5]
  },
  "hotbar_show": {
    "0": {
      "pos": [-5, 13, -1],
      "rotate": [-90, -35, 90],
      "scale": [0.5, 0.5, 0.5]
    }
  },
  "text_show": {
    "text_display": {
      "scale": 0.4,
      "align": "center",
      "shadow": false,
      "color": "#FFFFFF",
      "light": 15,
      "text": "text_show.maxstuff.z80.ammo_count"
    }
  }
}