{
  "model": "maxstuff:gun/m320t_geo",
  "texture": "maxstuff:gun/uv/m320t",
  "hud": "maxstuff:gun/hud/m320t",
  "slot": "maxstuff:gun/slot/m320t",
  "animation": "tacz:m320",
  "use_default_animation": "rifle",
  "player_animator_3rd": "tacz:rifle_default.player_animation",
  "lod": {
    "model": "tacz:gun/lod/m320",
    "texture": "tacz:gun/lod/m320"
  },
  "transform": {
    "scale": {
      "thirdperson": [0.6, 0.6, 0.6],
      "ground": [0.6, 0.6, 0.6],
      "fixed": [1.2, 1.2, 1.2]
    }
  },
  "sounds": {
    "reload_empty": "tacz:m320/m320_reload_empty",
    "inspect": "tacz:m320/m320_inspect",
    "inspect_empty": "tacz:m320/m320_inspect",
    "draw": "tacz:m320/m320_draw",
    "put_away":"tacz:m320/m320_put_away",
    "shoot": "tacz:m320/m320_shoot",
    "shoot_3p": "tacz:m320/m320_shoot",
    "melee_push": "tacz:melee_stock/melee_stock_02",
    "melee_stock": "tacz:melee_stock/melee_stock_03"
  },
  "offhand_show": {
    "pos": [1, 20, 4],
    "rotate": [0, 0, 45],
    "scale": [0.5, 0.5, 0.5]
  },
  "hotbar_show": {
    "0": {
      "pos": [1, 16, -2],
    "rotate": [0, 0, 20],
    "scale": [0.5, 0.5, 0.5]
    }
  }
}