{
  "model": "maxstuff:gun/qbz_97_geo",
  "texture": "maxstuff:gun/uv/qbz_97",
  "lod": {
    "model": "tacz:gun/lod/qbz_95",
    "texture": "tacz:gun/lod/qbz_95"
  },
  "hud": "maxstuff:gun/hud/qbz_97",
  "slot": "maxstuff:gun/slot/qbz_97",
  "animation": "maxstuff:qbz_97",
  "use_default_animation": "rifle",
  "third_person_animation": "default",
  "transform": {
    "scale": {
      "thirdperson": [0.6, 0.6, 0.6],
      "ground": [0.6, 0.6, 0.6],
      "fixed": [1.2, 1.2, 1.2]
    }
  },
  "muzzle_flash": {
    "texture": "tacz:flash/common_muzzle_flash",
    "scale": 1.125
  },
  "iron_zoom": 1.33,
  "zoom_model_fov": 60,
  "shell": {
    // 抛壳的初速度
    "initial_velocity": [6, 2, -6],
    // 抛壳随机变化的运动速度
    "random_velocity": [2, 1.5, 0.5],
    // 抛壳的加速度
    "acceleration": [0.0, -12.5, 0.0],
    // 抛壳的三轴角速度
    "angular_velocity": [360, -1200, 90],
    // 抛壳渲染存活时间，单位为秒
    "living_time": 1.0
  },
  "sounds": {
    "draw": "tacz:qbz_95/qbz_95_draw",
    "put_away": "tacz:qbz_95/qbz_95_put_away",
    "shoot": "maxstuff:sr15/sr15_shoot",
    "shoot_3p": "maxstuff:sr15/sr15_shoot3p",
    "silence": "maxstuff:sr15/sr15_silence",
    "silence_3p": "maxstuff:sr15/sr15_silence3p",
    "dry_fire": "tacz:dry_fire",
    "fire_select": "tacz:fire_select",
    "head_hit": "tacz:head_hit",
    "flesh_hit": "tacz:flesh_hit",
    "kill": "tacz:kill",
    "melee_push": "tacz:melee_stock/melee_stock_01",
    "melee_stock": "tacz:melee_stock/melee_stock_03"
  },
  "offhand_show": {
    "pos": [0, 19, 4],
    "rotate": [0, 0, 60],
    "scale": [0.5, 0.5, 0.5]
  },
  "hotbar_show": {
    "0": {
      "pos": [0, 19, 3],
      "rotate": [-180, 0, 120],
      "scale": [0.5, 0.5, 0.5]
    }
  }
}