{
	"format_version": "1.12.0",
	"minecraft:geometry": [
		{
			"description": {
				"identifier": "geometry.unknown",
				"texture_width": 130,
				"texture_height": 163,
				"visible_bounds_width": 7,
				"visible_bounds_height": 1.5,
				"visible_bounds_offset": [0, 0.25, 0]
			},
			"bones": [
				{
					"name": "scope_body",
					"pivot": [0.0625, 21.45, -1.25],
					"cubes": [
						{
							"origin": [-0.625, -0.03125, -5.125],
							"size": [1.0625, 0.375, 4.5],
							"uv": {
								"north": {"uv": [13, 142], "uv_size": [2, 1]},
								"east": {"uv": [11, 138], "uv_size": [9, 1]},
								"south": {"uv": [15, 130], "uv_size": [2, 1]},
								"west": {"uv": [11, 140], "uv_size": [9, 1]},
								"up": {"uv": [7, 138], "uv_size": [2, 9]},
								"down": {"uv": [9, 147], "uv_size": [2, -9]}
							}
						},
						{
							"origin": [0.4375, -0.0625, -0.8125],
							"size": [0.6875, 0.21875, 0.5625],
							"uv": {
								"north": {"uv": [13, 154], "uv_size": [1, 1]},
								"east": {"uv": [25, 142], "uv_size": [1, 1]},
								"south": {"uv": [15, 154], "uv_size": [1, 1]},
								"west": {"uv": [25, 144], "uv_size": [1, 1]},
								"up": {"uv": [17, 154], "uv_size": [1, 1]},
								"down": {"uv": [25, 147], "uv_size": [1, -1]}
							}
						},
						{
							"origin": [0.4375, -0.63127, -4.125],
							"size": [0.6875, 1.35629, 3.30623],
							"uv": {
								"north": {"uv": [5, 142], "uv_size": [1, 3]},
								"east": {"uv": [7, 130], "uv_size": [7, 3]},
								"south": {"uv": [11, 142], "uv_size": [1, 3]},
								"west": {"uv": [7, 134], "uv_size": [7, 3]},
								"up": {"uv": [1, 142], "uv_size": [1, 7]},
								"down": {"uv": [3, 149], "uv_size": [1, -7]}
							}
						},
						{
							"origin": [0.4375, -0.63127, -5.125],
							"size": [0.6875, 0.60629, 1],
							"uv": {
								"north": {"uv": [19, 154], "uv_size": [1, 1]},
								"east": {"uv": [15, 132], "uv_size": [2, 1]},
								"south": {"uv": [25, 148], "uv_size": [1, 1]},
								"west": {"uv": [15, 134], "uv_size": [2, 1]},
								"up": {"uv": [15, 136], "uv_size": [1, 2]},
								"down": {"uv": [13, 146], "uv_size": [1, -2]}
							}
						}
					]
				},
				{
					"name": "knobs",
					"parent": "scope_body",
					"pivot": [0.0625, 21.45, -1.25]
				},
				{
					"name": "octagon3",
					"parent": "knobs",
					"pivot": [0.0625, 21.45, -1.25]
				},
				{
					"name": "octagon",
					"parent": "knobs",
					"pivot": [0.0625, 21.45, -1.25]
				},
				{
					"name": "screws",
					"parent": "scope_body",
					"pivot": [0.0625, 21.40581, 0]
				},
				{
					"name": "pattern",
					"parent": "scope_body",
					"pivot": [-8.39063, 8.5625, 7]
				},
				{
					"name": "scope_body2",
					"parent": "scope_body",
					"pivot": [0.78125, 0.04688, -0.72172],
					"cubes": [
						{
							"origin": [0.4375, -0.12621, -0.96],
							"size": [0.6875, 0.28246, 0.71],
							"pivot": [0.77, 0.01502, -0.96],
							"rotation": [45, 0, 0],
							"uv": {
								"north": {"uv": [21, 150], "uv_size": [1, 1]},
								"east": {"uv": [1, 152], "uv_size": [1, 1]},
								"south": {"uv": [23, 130], "uv_size": [1, 1]},
								"west": {"uv": [3, 152], "uv_size": [1, 1]},
								"up": {"uv": [23, 132], "uv_size": [1, 1]},
								"down": {"uv": [5, 153], "uv_size": [1, -1]}
							}
						},
						{
							"origin": [0.4375, -0.12621, -0.96],
							"size": [0.6875, 0.28246, 0.71],
							"pivot": [0.77, 0.01502, -0.96],
							"rotation": [22.5, 0, 0],
							"uv": {
								"north": {"uv": [23, 134], "uv_size": [1, 1]},
								"east": {"uv": [7, 152], "uv_size": [1, 1]},
								"south": {"uv": [23, 136], "uv_size": [1, 1]},
								"west": {"uv": [9, 152], "uv_size": [1, 1]},
								"up": {"uv": [23, 138], "uv_size": [1, 1]},
								"down": {"uv": [11, 153], "uv_size": [1, -1]}
							}
						},
						{
							"origin": [0.4375, -0.0625, -0.96],
							"size": [0.6875, 0.28246, 0.71],
							"pivot": [0.77, 0.07873, -0.96],
							"rotation": [-22.5, 0, 0],
							"uv": {
								"north": {"uv": [23, 140], "uv_size": [1, 1]},
								"east": {"uv": [13, 152], "uv_size": [1, 1]},
								"south": {"uv": [23, 142], "uv_size": [1, 1]},
								"west": {"uv": [15, 152], "uv_size": [1, 1]},
								"up": {"uv": [23, 144], "uv_size": [1, 1]},
								"down": {"uv": [17, 153], "uv_size": [1, -1]}
							}
						},
						{
							"origin": [0.4375, -0.0625, -0.96],
							"size": [0.6875, 0.28246, 0.71],
							"pivot": [0.77, 0.07873, -0.96],
							"rotation": [-45, 0, 0],
							"uv": {
								"north": {"uv": [23, 146], "uv_size": [1, 1]},
								"east": {"uv": [19, 152], "uv_size": [1, 1]},
								"south": {"uv": [23, 148], "uv_size": [1, 1]},
								"west": {"uv": [21, 152], "uv_size": [1, 1]},
								"up": {"uv": [23, 150], "uv_size": [1, 1]},
								"down": {"uv": [23, 153], "uv_size": [1, -1]}
							}
						},
						{
							"origin": [0.4375, -0.63127, -1.10123],
							"size": [0.6875, 0.71, 0.28246],
							"pivot": [0.77, 0.07873, -0.96],
							"rotation": [22.5, 0, 0],
							"uv": {
								"north": {"uv": [1, 154], "uv_size": [1, 1]},
								"east": {"uv": [25, 130], "uv_size": [1, 1]},
								"south": {"uv": [3, 154], "uv_size": [1, 1]},
								"west": {"uv": [25, 132], "uv_size": [1, 1]},
								"up": {"uv": [5, 154], "uv_size": [1, 1]},
								"down": {"uv": [25, 135], "uv_size": [1, -1]}
							}
						},
						{
							"origin": [0.4375, 0.01502, -1.10123],
							"size": [0.6875, 0.71, 0.28246],
							"pivot": [0.77, 0.01502, -0.96],
							"rotation": [-22.5, 0, 0],
							"uv": {
								"north": {"uv": [7, 154], "uv_size": [1, 1]},
								"east": {"uv": [25, 136], "uv_size": [1, 1]},
								"south": {"uv": [9, 154], "uv_size": [1, 1]},
								"west": {"uv": [25, 138], "uv_size": [1, 1]},
								"up": {"uv": [11, 154], "uv_size": [1, 1]},
								"down": {"uv": [25, 141], "uv_size": [1, -1]}
							}
						}
					]
				},
				{
					"name": "scope_body3",
					"parent": "scope_body",
					"pivot": [-0.0625, 0.9375, -4.625],
					"rotation": [0, 90, 0],
					"cubes": [
						{
							"origin": [-0.56565, 0.63412, -3.30583],
							"size": [1.0063, 0.60676, 0.20603],
							"pivot": [-0.0625, 0.9375, -4.625],
							"rotation": [45, 0, 0],
							"uv": {
								"north": {"uv": [15, 142], "uv_size": [2, 1]},
								"east": {"uv": [21, 154], "uv_size": [1, 1]},
								"south": {"uv": [15, 144], "uv_size": [2, 1]},
								"west": {"uv": [25, 150], "uv_size": [1, 1]},
								"up": {"uv": [17, 130], "uv_size": [2, 1]},
								"down": {"uv": [17, 133], "uv_size": [2, -1]}
							}
						},
						{
							"origin": [-0.56565, 0.63412, -3.30583],
							"size": [1.0063, 0.60676, 0.20603],
							"pivot": [-0.0625, 0.9375, -4.625],
							"rotation": [22.5, 0, 0],
							"uv": {
								"north": {"uv": [5, 146], "uv_size": [2, 1]},
								"east": {"uv": [23, 154], "uv_size": [1, 1]},
								"south": {"uv": [17, 134], "uv_size": [2, 1]},
								"west": {"uv": [25, 152], "uv_size": [1, 1]},
								"up": {"uv": [17, 136], "uv_size": [2, 1]},
								"down": {"uv": [11, 147], "uv_size": [2, -1]}
							}
						},
						{
							"origin": [-0.56565, 0.63412, -6.1502],
							"size": [1.0063, 0.60676, 0.20603],
							"uv": {
								"north": {"uv": [13, 146], "uv_size": [2, 1]},
								"east": {"uv": [25, 154], "uv_size": [1, 1]},
								"south": {"uv": [17, 142], "uv_size": [2, 1]},
								"west": {"uv": [1, 156], "uv_size": [1, 1]},
								"up": {"uv": [15, 146], "uv_size": [2, 1]},
								"down": {"uv": [17, 145], "uv_size": [2, -1]}
							}
						},
						{
							"origin": [-0.56565, 0.63412, -6.1502],
							"size": [1.0063, 0.60676, 0.20603],
							"pivot": [-0.0625, 0.9375, -4.625],
							"rotation": [-22.5, 0, 0],
							"uv": {
								"north": {"uv": [17, 146], "uv_size": [2, 1]},
								"east": {"uv": [27, 130], "uv_size": [1, 1]},
								"south": {"uv": [19, 130], "uv_size": [2, 1]},
								"west": {"uv": [3, 156], "uv_size": [1, 1]},
								"up": {"uv": [19, 132], "uv_size": [2, 1]},
								"down": {"uv": [5, 149], "uv_size": [2, -1]}
							}
						},
						{
							"origin": [-0.56565, 0.63412, -6.1502],
							"size": [1.0063, 0.60676, 0.20603],
							"pivot": [-0.0625, 0.9375, -4.625],
							"rotation": [-45, 0, 0],
							"uv": {
								"north": {"uv": [19, 134], "uv_size": [2, 1]},
								"east": {"uv": [27, 132], "uv_size": [1, 1]},
								"south": {"uv": [7, 148], "uv_size": [2, 1]},
								"west": {"uv": [5, 156], "uv_size": [1, 1]},
								"up": {"uv": [19, 136], "uv_size": [2, 1]},
								"down": {"uv": [9, 149], "uv_size": [2, -1]}
							}
						},
						{
							"origin": [-0.56565, 2.25667, -4.92838],
							"size": [1.0063, 0.20603, 0.60676],
							"uv": {
								"north": {"uv": [11, 148], "uv_size": [2, 1]},
								"east": {"uv": [27, 134], "uv_size": [1, 1]},
								"south": {"uv": [13, 148], "uv_size": [2, 1]},
								"west": {"uv": [7, 156], "uv_size": [1, 1]},
								"up": {"uv": [19, 142], "uv_size": [2, 1]},
								"down": {"uv": [15, 149], "uv_size": [2, -1]}
							}
						},
						{
							"origin": [-0.56565, 2.25667, -4.92838],
							"size": [1.0063, 0.20603, 0.60676],
							"pivot": [-0.0625, 0.9375, -4.625],
							"rotation": [-22.5, 0, 0],
							"uv": {
								"north": {"uv": [19, 144], "uv_size": [2, 1]},
								"east": {"uv": [27, 136], "uv_size": [1, 1]},
								"south": {"uv": [17, 148], "uv_size": [2, 1]},
								"west": {"uv": [9, 156], "uv_size": [1, 1]},
								"up": {"uv": [19, 146], "uv_size": [2, 1]},
								"down": {"uv": [19, 149], "uv_size": [2, -1]}
							}
						},
						{
							"origin": [-0.56565, 0.63412, -6.1502],
							"size": [1.0063, 0.60676, 0.20603],
							"pivot": [-0.0625, 0.9375, -4.625],
							"rotation": [22.5, 0, 0],
							"uv": {
								"north": {"uv": [17, 150], "uv_size": [2, 1]},
								"east": {"uv": [27, 146], "uv_size": [1, 1]},
								"south": {"uv": [21, 146], "uv_size": [2, 1]},
								"west": {"uv": [19, 156], "uv_size": [1, 1]},
								"up": {"uv": [19, 150], "uv_size": [2, 1]},
								"down": {"uv": [21, 149], "uv_size": [2, -1]}
							}
						},
						{
							"origin": [-0.56565, 0.63412, -3.30583],
							"size": [1.0063, 0.60676, 0.20603],
							"uv": {
								"north": {"uv": [13, 150], "uv_size": [2, 1]},
								"east": {"uv": [27, 144], "uv_size": [1, 1]},
								"south": {"uv": [21, 142], "uv_size": [2, 1]},
								"west": {"uv": [17, 156], "uv_size": [1, 1]},
								"up": {"uv": [15, 150], "uv_size": [2, 1]},
								"down": {"uv": [21, 145], "uv_size": [2, -1]}
							}
						},
						{
							"origin": [-0.56565, 0.63412, -3.30583],
							"size": [1.0063, 0.60676, 0.20603],
							"pivot": [-0.0625, 0.9375, -4.625],
							"rotation": [-22.5, 0, 0],
							"uv": {
								"north": {"uv": [9, 150], "uv_size": [2, 1]},
								"east": {"uv": [27, 142], "uv_size": [1, 1]},
								"south": {"uv": [21, 138], "uv_size": [2, 1]},
								"west": {"uv": [15, 156], "uv_size": [1, 1]},
								"up": {"uv": [11, 150], "uv_size": [2, 1]},
								"down": {"uv": [21, 141], "uv_size": [2, -1]}
							}
						},
						{
							"origin": [-0.56565, 0.63412, -3.30583],
							"size": [1.0063, 0.60676, 0.20603],
							"pivot": [-0.0625, 0.9375, -4.625],
							"rotation": [-45, 0, 0],
							"uv": {
								"north": {"uv": [5, 150], "uv_size": [2, 1]},
								"east": {"uv": [27, 140], "uv_size": [1, 1]},
								"south": {"uv": [21, 134], "uv_size": [2, 1]},
								"west": {"uv": [13, 156], "uv_size": [1, 1]},
								"up": {"uv": [7, 150], "uv_size": [2, 1]},
								"down": {"uv": [21, 137], "uv_size": [2, -1]}
							}
						},
						{
							"origin": [-0.56565, 2.25667, -4.92838],
							"size": [1.0063, 0.20603, 0.60676],
							"pivot": [-0.0625, 0.9375, -4.625],
							"rotation": [22.5, 0, 0],
							"uv": {
								"north": {"uv": [1, 150], "uv_size": [2, 1]},
								"east": {"uv": [27, 138], "uv_size": [1, 1]},
								"south": {"uv": [21, 130], "uv_size": [2, 1]},
								"west": {"uv": [11, 156], "uv_size": [1, 1]},
								"up": {"uv": [3, 150], "uv_size": [2, 1]},
								"down": {"uv": [21, 133], "uv_size": [2, -1]}
							}
						}
					]
				},
				{
					"name": "division",
					"pivot": [0, -1.0625, -26.25]
				},
				{
					"name": "division_illuminated",
					"parent": "division",
					"pivot": [0, 1.06375, -57.55],
					"cubes": [
						{
							"origin": [-2.5, -1.43625, -61.25],
							"size": [5, 5, 0.3],
							"uv": {
								"south": {"uv": [1, 1], "uv_size": [96, 96]}
							}
						}
					]
				},
				{
					"name": "ocular",
					"pivot": [-0.09375, 1, -4.9375],
					"rotation": [0, -90, 0],
					"cubes": [
						{"origin": [-0.59375, 0.80109, -5.9375], "size": [1, 0.39782, 2], "pivot": [-0.09375, 1, -4.9375], "rotation": [45, 0, 0], "uv": [15, 48]},
						{"origin": [-0.59375, 0.80109, -5.9375], "size": [1, 0.39782, 2], "pivot": [-0.09375, 1, -4.9375], "rotation": [22.5, 0, 0], "uv": [15, 48]},
						{"origin": [-0.59375, 0.80109, -5.9375], "size": [1, 0.39782, 2], "uv": [15, 48]},
						{"origin": [-0.59375, 0.80109, -5.9375], "size": [1, 0.39782, 2], "pivot": [-0.09375, 1, -4.9375], "rotation": [-22.5, 0, 0], "uv": [15, 48]},
						{"origin": [-0.59375, 0.80109, -5.9375], "size": [1, 0.39782, 2], "pivot": [-0.09375, 1, -4.9375], "rotation": [-45, 0, 0], "uv": [15, 48]},
						{"origin": [-0.59375, 0, -5.13641], "size": [1, 2, 0.39782], "pivot": [-0.09375, 1, -4.9375], "rotation": [22.5, 0, 0], "uv": [15, 48]},
						{"origin": [-0.59375, 0, -5.13641], "size": [1, 2, 0.39782], "uv": [15, 48]},
						{"origin": [-0.59375, 0, -5.13641], "size": [1, 2, 0.39782], "pivot": [-0.09375, 1, -4.9375], "rotation": [-22.5, 0, 0], "uv": [15, 48]}
					]
				},
				{
					"name": "scope_view",
					"pivot": [-0.01562, 0.99688, 7.75]
				}
			]
		}
	]
}