{
	"format_version": "1.12.0",
	"minecraft:geometry": [
		{
			"description": {
				"identifier": "geometry.sight_sro_dot - Converted",
				"texture_width": 64,
				"texture_height": 64,
				"visible_bounds_width": 7,
				"visible_bounds_height": 1.5,
				"visible_bounds_offset": [0, 0.25, 0]
			},
			"bones": [
				{
					"name": "scope_body",
					"pivot": [0, 1.275, -0.15],
					"cubes": [
						{
							"origin": [-0.68664, 1.42424, -2.26778],
							"size": [0.10611, 0.24969, 0.44944],
							"uv": {
								"north": {"uv": [19, 5], "uv_size": [1, 1]},
								"east": {"uv": [13, 19], "uv_size": [1, 1]},
								"south": {"uv": [15, 19], "uv_size": [1, 1]},
								"west": {"uv": [0, 0], "uv_size": [0, 0]},
								"up": {"uv": [0, 0], "uv_size": [0, 0]},
								"down": {"uv": [0, 0], "uv_size": [0, 0]}
							}
						},
						{
							"origin": [-0.5832, 1.45288, -2.24281],
							"size": [0.07491, 0.09987, 0.42447],
							"uv": {
								"north": {"uv": [19, 15], "uv_size": [1, 1]},
								"east": {"uv": [0, 0], "uv_size": [0, 0]},
								"south": {"uv": [17, 19], "uv_size": [1, 1]},
								"west": {"uv": [19, 17], "uv_size": [1, 1]},
								"up": {"uv": [0, 0], "uv_size": [0, 0]},
								"down": {"uv": [0, 0], "uv_size": [0, 0]}
							}
						},
						{
							"origin": [-0.6581, 1.28239, -2.26778],
							"size": [0.27465, 0.14981, 0.14981],
							"pivot": [-0.50829, 1.38226, -1.89325],
							"rotation": [0, 0, 45],
							"uv": {
								"north": {"uv": [19, 19], "uv_size": [1, 1]},
								"east": {"uv": [0, 0], "uv_size": [0, 0]},
								"south": {"uv": [0, 20], "uv_size": [1, 1]},
								"west": {"uv": [0, 0], "uv_size": [0, 0]},
								"up": {"uv": [20, 0], "uv_size": [1, 1]},
								"down": {"uv": [0, 0], "uv_size": [0, 0]}
							}
						},
						{
							"origin": [-0.63875, 1.35042, -2.16791],
							"size": [0.10612, 0.14357, 0.34957],
							"pivot": [-0.57009, 1.44405, -2.03058],
							"rotation": [0, 0, 45],
							"uv": {
								"north": {"uv": [20, 7], "uv_size": [1, 1]},
								"east": {"uv": [0, 0], "uv_size": [0, 0]},
								"south": {"uv": [8, 20], "uv_size": [1, 1]},
								"west": {"uv": [20, 9], "uv_size": [1, 1]},
								"up": {"uv": [0, 0], "uv_size": [0, 0]},
								"down": {"uv": [0, 0], "uv_size": [0, 0]}
							}
						},
						{
							"origin": [0.50828, 1.45288, -2.24281],
							"size": [0.07491, 0.09987, 0.42447],
							"uv": {
								"north": {"uv": [10, 20], "uv_size": [1, 1]},
								"east": {"uv": [2, 21], "uv_size": [1, 1]},
								"south": {"uv": [21, 2], "uv_size": [1, 1]},
								"west": {"uv": [0, 0], "uv_size": [0, 0]},
								"up": {"uv": [0, 0], "uv_size": [0, 0]},
								"down": {"uv": [0, 0], "uv_size": [0, 0]}
							}
						},
						{
							"origin": [0.58052, 1.42424, -2.26778],
							"size": [0.10612, 0.24969, 0.44944],
							"uv": {
								"north": {"uv": [4, 21], "uv_size": [1, 1]},
								"east": {"uv": [0, 0], "uv_size": [0, 0]},
								"south": {"uv": [21, 4], "uv_size": [1, 1]},
								"west": {"uv": [6, 21], "uv_size": [1, 1]},
								"up": {"uv": [0, 0], "uv_size": [0, 0]},
								"down": {"uv": [0, 0], "uv_size": [0, 0]}
							}
						},
						{
							"origin": [0.53263, 1.35042, -2.16791],
							"size": [0.10611, 0.14357, 0.34957],
							"pivot": [0.57008, 1.44405, -2.03058],
							"rotation": [0, 0, -45],
							"uv": {
								"north": {"uv": [21, 11], "uv_size": [1, 1]},
								"east": {"uv": [12, 21], "uv_size": [1, 1]},
								"south": {"uv": [21, 13], "uv_size": [1, 1]},
								"west": {"uv": [0, 0], "uv_size": [0, 0]},
								"up": {"uv": [0, 0], "uv_size": [0, 0]},
								"down": {"uv": [0, 0], "uv_size": [0, 0]}
							}
						},
						{
							"origin": [0.38344, 1.28239, -2.26778],
							"size": [0.27466, 0.14981, 0.14981],
							"pivot": [0.50828, 1.38226, -1.89325],
							"rotation": [0, 0, -45],
							"uv": {
								"north": {"uv": [14, 21], "uv_size": [1, 1]},
								"east": {"uv": [0, 0], "uv_size": [0, 0]},
								"south": {"uv": [21, 15], "uv_size": [1, 1]},
								"west": {"uv": [0, 0], "uv_size": [0, 0]},
								"up": {"uv": [16, 21], "uv_size": [1, 1]},
								"down": {"uv": [0, 0], "uv_size": [0, 0]}
							}
						},
						{
							"origin": [-0.66167, 0.99977, -2.26778],
							"size": [0.05617, 0.42447, 1.22347],
							"uv": {
								"north": {"uv": [21, 17], "uv_size": [1, 1]},
								"east": {"uv": [4, 0], "uv_size": [3, 1]},
								"south": {"uv": [0, 0], "uv_size": [0, 0]},
								"west": {"uv": [4, 2], "uv_size": [3, 1]},
								"up": {"uv": [4, 4], "uv_size": [1, 3]},
								"down": {"uv": [6, 7], "uv_size": [1, -3]}
							}
						},
						{
							"origin": [0.60549, 0.99977, -2.26778],
							"size": [0.05618, 0.42447, 1.22347],
							"uv": {
								"north": {"uv": [18, 21], "uv_size": [1, 1]},
								"east": {"uv": [0, 8], "uv_size": [3, 1]},
								"south": {"uv": [0, 0], "uv_size": [0, 0]},
								"west": {"uv": [8, 0], "uv_size": [3, 1]},
								"up": {"uv": [8, 2], "uv_size": [1, 3]},
								"down": {"uv": [4, 11], "uv_size": [1, -3]}
							}
						},
						{
							"origin": [0.63046, 1.14958, -1.99312],
							"size": [0.08115, 0.27466, 0.27465],
							"pivot": [0.67103, 1.32436, -1.89325],
							"rotation": [45, 0, 0],
							"uv": {
								"north": {"uv": [21, 19], "uv_size": [1, 1]},
								"east": {"uv": [20, 21], "uv_size": [1, 1]},
								"south": {"uv": [0, 22], "uv_size": [1, 1]},
								"west": {"uv": [22, 0], "uv_size": [1, 1]},
								"up": {"uv": [22, 6], "uv_size": [1, 1]},
								"down": {"uv": [8, 23], "uv_size": [1, -1]}
							}
						},
						{
							"origin": [-0.71161, 1.14958, -1.99312],
							"size": [0.08114, 0.27466, 0.27465],
							"pivot": [-0.67104, 1.32436, -1.89325],
							"rotation": [45, 0, 0],
							"uv": {
								"north": {"uv": [22, 8], "uv_size": [1, 1]},
								"east": {"uv": [10, 22], "uv_size": [1, 1]},
								"south": {"uv": [22, 21], "uv_size": [1, 1]},
								"west": {"uv": [2, 23], "uv_size": [1, 1]},
								"up": {"uv": [23, 2], "uv_size": [1, 1]},
								"down": {"uv": [4, 24], "uv_size": [1, -1]}
							}
						},
						{
							"origin": [-0.71161, 1.05595, -1.06928],
							"size": [0.08114, 0.22472, 0.22472],
							"pivot": [-0.67104, 1.20577, -0.99437],
							"rotation": [45, 0, 0],
							"uv": {
								"north": {"uv": [23, 4], "uv_size": [1, 1]},
								"east": {"uv": [6, 23], "uv_size": [1, 1]},
								"south": {"uv": [23, 10], "uv_size": [1, 1]},
								"west": {"uv": [12, 23], "uv_size": [1, 1]},
								"up": {"uv": [23, 12], "uv_size": [1, 1]},
								"down": {"uv": [14, 24], "uv_size": [1, -1]}
							}
						},
						{
							"origin": [0.60549, 1.10589, -1.01934],
							"size": [0.08115, 0.12484, 0.12484],
							"pivot": [0.64606, 1.20577, -0.99437],
							"rotation": [45, 0, 0],
							"uv": {
								"north": {"uv": [23, 14], "uv_size": [1, 1]},
								"east": {"uv": [16, 23], "uv_size": [1, 1]},
								"south": {"uv": [23, 16], "uv_size": [1, 1]},
								"west": {"uv": [18, 23], "uv_size": [1, 1]},
								"up": {"uv": [23, 18], "uv_size": [1, 1]},
								"down": {"uv": [20, 24], "uv_size": [1, -1]}
							}
						},
						{
							"origin": [-0.61174, 0.99977, -2.26778],
							"size": [1.22347, 0.34956, 1.22347],
							"uv": {
								"north": {"uv": [6, 8], "uv_size": [3, 1]},
								"east": {"uv": [0, 0], "uv_size": [0, 0]},
								"south": {"uv": [0, 0], "uv_size": [0, 0]},
								"west": {"uv": [0, 0], "uv_size": [0, 0]},
								"up": {"uv": [0, 0], "uv_size": [3, 3]},
								"down": {"uv": [0, 7], "uv_size": [3, -3]}
							}
						},
						{
							"origin": [-0.51186, 0.99977, -0.66978],
							"size": [1.02372, 0.42447, 0.14981],
							"uv": {
								"north": {"uv": [0, 0], "uv_size": [0, 0]},
								"east": {"uv": [0, 0], "uv_size": [0, 0]},
								"south": {"uv": [8, 6], "uv_size": [3, 1]},
								"west": {"uv": [0, 0], "uv_size": [0, 0]},
								"up": {"uv": [0, 10], "uv_size": [3, 1]},
								"down": {"uv": [10, 3], "uv_size": [3, -1]}
							}
						},
						{
							"origin": [-0.51656, 0.99977, -1.03885],
							"size": [0.21187, 0.42447, 0.1186],
							"pivot": [-0.89146, 1.27443, -0.97019],
							"rotation": [0, -45, 0],
							"uv": {
								"north": {"uv": [0, 0], "uv_size": [0, 0]},
								"east": {"uv": [0, 0], "uv_size": [0, 0]},
								"south": {"uv": [22, 23], "uv_size": [1, 1]},
								"west": {"uv": [0, 0], "uv_size": [0, 0]},
								"up": {"uv": [0, 24], "uv_size": [1, 1]},
								"down": {"uv": [24, 1], "uv_size": [1, -1]}
							}
						},
						{
							"origin": [0.30468, 0.99977, -1.03885],
							"size": [0.21187, 0.42447, 0.1186],
							"pivot": [0.89145, 1.27443, -0.97019],
							"rotation": [0, 45, 0],
							"uv": {
								"north": {"uv": [0, 0], "uv_size": [0, 0]},
								"east": {"uv": [0, 0], "uv_size": [0, 0]},
								"south": {"uv": [24, 6], "uv_size": [1, 1]},
								"west": {"uv": [0, 0], "uv_size": [0, 0]},
								"up": {"uv": [8, 24], "uv_size": [1, 1]},
								"down": {"uv": [24, 9], "uv_size": [1, -1]}
							}
						},
						{
							"origin": [-0.5146, 1.2994, -1.41962],
							"size": [0.15373, 0.12484, 0.0749],
							"pivot": [-0.89146, 1.27443, -1.39465],
							"rotation": [0, -45, 0],
							"uv": {
								"north": {"uv": [10, 24], "uv_size": [1, 1]},
								"east": {"uv": [0, 0], "uv_size": [0, 0]},
								"south": {"uv": [0, 0], "uv_size": [0, 0]},
								"west": {"uv": [0, 0], "uv_size": [0, 0]},
								"up": {"uv": [24, 20], "uv_size": [1, 1]},
								"down": {"uv": [24, 23], "uv_size": [1, -1]}
							}
						},
						{
							"origin": [0.36087, 1.2994, -1.41962],
							"size": [0.15372, 0.12484, 0.0749],
							"pivot": [0.89145, 1.27443, -1.39465],
							"rotation": [0, 45, 0],
							"uv": {
								"north": {"uv": [24, 24], "uv_size": [1, 1]},
								"east": {"uv": [0, 0], "uv_size": [0, 0]},
								"south": {"uv": [0, 0], "uv_size": [0, 0]},
								"west": {"uv": [0, 0], "uv_size": [0, 0]},
								"up": {"uv": [2, 25], "uv_size": [1, 1]},
								"down": {"uv": [25, 3], "uv_size": [1, -1]}
							}
						},
						{
							"origin": [-0.66167, 0.99977, -1.04431],
							"size": [1.32334, 0.42447, 0.37453],
							"uv": {
								"north": {"uv": [10, 4], "uv_size": [3, 1]},
								"east": {"uv": [4, 25], "uv_size": [1, 1]},
								"south": {"uv": [0, 0], "uv_size": [0, 0]},
								"west": {"uv": [25, 4], "uv_size": [1, 1]},
								"up": {"uv": [6, 10], "uv_size": [3, 1]},
								"down": {"uv": [10, 9], "uv_size": [3, -1]}
							}
						},
						{
							"origin": [-0.02638, 1.39927, -1.294],
							"size": [0.29963, 0.07491, 0.29963],
							"pivot": [-0.38842, 1.26194, -1.10673],
							"rotation": [0, -45, 0],
							"uv": {
								"north": {"uv": [6, 25], "uv_size": [1, 1]},
								"east": {"uv": [25, 10], "uv_size": [1, 1]},
								"south": {"uv": [12, 25], "uv_size": [1, 1]},
								"west": {"uv": [25, 12], "uv_size": [1, 1]},
								"up": {"uv": [14, 25], "uv_size": [1, 1]},
								"down": {"uv": [25, 15], "uv_size": [1, -1]}
							}
						}
					]
				},
				{
					"name": "hexadecagon2",
					"parent": "scope_body",
					"pivot": [0, 1.275, -0.15],
					"cubes": [
						{
							"origin": [-0.31068, 1.34173, -2.54244],
							"size": [0.22322, 0.0799, 0.29963],
							"pivot": [-0.29894, 2.02837, -2.44256],
							"rotation": [0, 0, 22.5],
							"uv": {
								"north": {"uv": [0, 3], "uv_size": [1, 1]},
								"east": {"uv": [0, 0], "uv_size": [0, 0]},
								"south": {"uv": [3, 0], "uv_size": [1, 1]},
								"west": {"uv": [0, 0], "uv_size": [0, 0]},
								"up": {"uv": [0, 0], "uv_size": [0, 0]},
								"down": {"uv": [1, 4], "uv_size": [1, -1]}
							}
						},
						{
							"origin": [-0.36632, 1.31307, -2.54244],
							"size": [0.73263, 0.0799, 0.29963],
							"uv": {
								"north": {"uv": [10, 10], "uv_size": [2, 1]},
								"east": {"uv": [0, 0], "uv_size": [0, 0]},
								"south": {"uv": [0, 12], "uv_size": [2, 1]},
								"west": {"uv": [0, 0], "uv_size": [0, 0]},
								"up": {"uv": [0, 0], "uv_size": [0, 0]},
								"down": {"uv": [12, 1], "uv_size": [2, -1]}
							}
						},
						{
							"origin": [-0.42772, 1.39297, -2.54244],
							"size": [0.85543, 0.0749, 0.29963],
							"uv": {
								"north": {"uv": [3, 12], "uv_size": [2, 1]},
								"east": {"uv": [0, 0], "uv_size": [0, 0]},
								"south": {"uv": [6, 12], "uv_size": [2, 1]},
								"west": {"uv": [0, 0], "uv_size": [0, 0]},
								"up": {"uv": [12, 6], "uv_size": [2, 1]},
								"down": {"uv": [0, 0], "uv_size": [0, 0]}
							}
						},
						{
							"origin": [-0.13658, 2.51862, -2.54244],
							"size": [0.27316, 0.0799, 0.7241],
							"pivot": [0, 1.91188, -2.44256],
							"rotation": [0, 0, 45],
							"uv": {
								"north": {"uv": [25, 18], "uv_size": [1, 1]},
								"east": {"uv": [0, 0], "uv_size": [0, 0]},
								"south": {"uv": [20, 25], "uv_size": [1, 1]},
								"west": {"uv": [0, 0], "uv_size": [0, 0]},
								"up": {"uv": [9, 12], "uv_size": [1, 2]},
								"down": {"uv": [11, 14], "uv_size": [1, -2]}
							}
						},
						{
							"origin": [-0.13658, 2.51862, -2.54244],
							"size": [0.27316, 0.0799, 0.7241],
							"pivot": [0, 1.91188, -2.44256],
							"rotation": [0, 0, 22.5],
							"uv": {
								"north": {"uv": [22, 25], "uv_size": [1, 1]},
								"east": {"uv": [0, 0], "uv_size": [0, 0]},
								"south": {"uv": [0, 26], "uv_size": [1, 1]},
								"west": {"uv": [0, 0], "uv_size": [0, 0]},
								"up": {"uv": [13, 10], "uv_size": [1, 2]},
								"down": {"uv": [13, 15], "uv_size": [1, -2]}
							}
						},
						{
							"origin": [-0.13658, 2.51862, -2.54244],
							"size": [0.27316, 0.0799, 0.7241],
							"uv": {
								"north": {"uv": [26, 0], "uv_size": [1, 1]},
								"east": {"uv": [0, 0], "uv_size": [0, 0]},
								"south": {"uv": [26, 6], "uv_size": [1, 1]},
								"west": {"uv": [0, 0], "uv_size": [0, 0]},
								"up": {"uv": [0, 14], "uv_size": [1, 2]},
								"down": {"uv": [2, 16], "uv_size": [1, -2]}
							}
						},
						{
							"origin": [-0.13658, 2.51862, -2.54244],
							"size": [0.27316, 0.0799, 0.7241],
							"pivot": [0, 1.91188, -2.44256],
							"rotation": [0, 0, -22.5],
							"uv": {
								"north": {"uv": [8, 26], "uv_size": [1, 1]},
								"east": {"uv": [0, 0], "uv_size": [0, 0]},
								"south": {"uv": [26, 8], "uv_size": [1, 1]},
								"west": {"uv": [0, 0], "uv_size": [0, 0]},
								"up": {"uv": [14, 2], "uv_size": [1, 2]},
								"down": {"uv": [4, 16], "uv_size": [1, -2]}
							}
						},
						{
							"origin": [-0.13658, 2.51862, -2.54244],
							"size": [0.27316, 0.0799, 0.7241],
							"pivot": [0, 1.91188, -2.44256],
							"rotation": [0, 0, -45],
							"uv": {
								"north": {"uv": [10, 26], "uv_size": [1, 1]},
								"east": {"uv": [0, 0], "uv_size": [0, 0]},
								"south": {"uv": [26, 20], "uv_size": [1, 1]},
								"west": {"uv": [0, 0], "uv_size": [0, 0]},
								"up": {"uv": [6, 14], "uv_size": [1, 2]},
								"down": {"uv": [15, 7], "uv_size": [1, -2]}
							}
						},
						{
							"origin": [-0.68664, 1.7753, -2.54244],
							"size": [0.0799, 0.27316, 0.7241],
							"pivot": [0, 1.91188, -2.44256],
							"rotation": [0, 0, 22.5],
							"uv": {
								"north": {"uv": [26, 22], "uv_size": [1, 1]},
								"east": {"uv": [14, 8], "uv_size": [2, 1]},
								"south": {"uv": [24, 26], "uv_size": [1, 1]},
								"west": {"uv": [15, 0], "uv_size": [2, 1]},
								"up": {"uv": [0, 0], "uv_size": [0, 0]},
								"down": {"uv": [0, 0], "uv_size": [0, 0]}
							}
						},
						{
							"origin": [-0.68664, 1.67393, -2.54244],
							"size": [0.0799, 0.37453, 0.7241],
							"uv": {
								"north": {"uv": [26, 24], "uv_size": [1, 1]},
								"east": {"uv": [8, 15], "uv_size": [2, 1]},
								"south": {"uv": [0, 0], "uv_size": [0, 0]},
								"west": {"uv": [15, 10], "uv_size": [2, 1]},
								"up": {"uv": [0, 0], "uv_size": [0, 0]},
								"down": {"uv": [0, 0], "uv_size": [0, 0]}
							}
						},
						{
							"origin": [-0.68664, 0.99977, -2.26778],
							"size": [0.02497, 0.42585, 0.70743],
							"uv": {
								"north": {"uv": [26, 26], "uv_size": [1, 1]},
								"east": {"uv": [15, 12], "uv_size": [2, 1]},
								"south": {"uv": [2, 27], "uv_size": [1, 1]},
								"west": {"uv": [15, 14], "uv_size": [2, 1]},
								"up": {"uv": [0, 0], "uv_size": [0, 0]},
								"down": {"uv": [11, 17], "uv_size": [1, -2]}
							}
						},
						{
							"origin": [-0.68664, 1.20239, -2.00276],
							"size": [0.0799, 0.67416, 0.22472],
							"pivot": [-0.64669, 1.86119, -2.23033],
							"rotation": [22.5, 0, 0],
							"uv": {
								"north": {"uv": [16, 2], "uv_size": [1, 2]},
								"east": {"uv": [13, 16], "uv_size": [1, 2]},
								"south": {"uv": [15, 16], "uv_size": [1, 2]},
								"west": {"uv": [0, 17], "uv_size": [1, 2]},
								"up": {"uv": [0, 0], "uv_size": [0, 0]},
								"down": {"uv": [0, 0], "uv_size": [0, 0]}
							}
						},
						{
							"origin": [-0.66167, 1.65276, -1.79991],
							"size": [0.05493, 0.14981, 0.52434],
							"pivot": [-0.64669, 1.67773, -1.79991],
							"rotation": [-45, 0, 0],
							"uv": {
								"north": {"uv": [0, 0], "uv_size": [0, 0]},
								"east": {"uv": [27, 2], "uv_size": [1, 1]},
								"south": {"uv": [0, 0], "uv_size": [0, 0]},
								"west": {"uv": [4, 27], "uv_size": [1, 1]},
								"up": {"uv": [27, 4], "uv_size": [1, 1]},
								"down": {"uv": [0, 0], "uv_size": [0, 0]}
							}
						},
						{
							"origin": [-0.66167, 1.51151, -1.58804],
							"size": [0.05493, 0.09988, 0.4744],
							"pivot": [-0.64669, 1.53648, -1.58804],
							"rotation": [-22.5, 0, 0],
							"uv": {
								"north": {"uv": [0, 0], "uv_size": [0, 0]},
								"east": {"uv": [6, 27], "uv_size": [1, 1]},
								"south": {"uv": [0, 0], "uv_size": [0, 0]},
								"west": {"uv": [27, 10], "uv_size": [1, 1]},
								"up": {"uv": [12, 27], "uv_size": [1, 1]},
								"down": {"uv": [0, 0], "uv_size": [0, 0]}
							}
						},
						{
							"origin": [0.66167, 0.99977, -2.26778],
							"size": [0.02497, 0.42585, 0.70743],
							"uv": {
								"north": {"uv": [27, 12], "uv_size": [1, 1]},
								"east": {"uv": [2, 17], "uv_size": [2, 1]},
								"south": {"uv": [14, 27], "uv_size": [1, 1]},
								"west": {"uv": [5, 17], "uv_size": [2, 1]},
								"up": {"uv": [0, 0], "uv_size": [0, 0]},
								"down": {"uv": [17, 7], "uv_size": [1, -2]}
							}
						},
						{
							"origin": [0.60674, 1.20239, -2.00276],
							"size": [0.0799, 0.67416, 0.22472],
							"pivot": [0.64669, 1.86119, -2.23033],
							"rotation": [22.5, 0, 0],
							"uv": {
								"north": {"uv": [8, 17], "uv_size": [1, 2]},
								"east": {"uv": [17, 16], "uv_size": [1, 2]},
								"south": {"uv": [18, 0], "uv_size": [1, 2]},
								"west": {"uv": [18, 8], "uv_size": [1, 2]},
								"up": {"uv": [0, 0], "uv_size": [0, 0]},
								"down": {"uv": [0, 0], "uv_size": [0, 0]}
							}
						},
						{
							"origin": [0.60674, 1.65276, -1.79991],
							"size": [0.05493, 0.14981, 0.52434],
							"pivot": [0.64669, 1.67773, -1.79991],
							"rotation": [-45, 0, 0],
							"uv": {
								"north": {"uv": [0, 0], "uv_size": [0, 0]},
								"east": {"uv": [27, 14], "uv_size": [1, 1]},
								"south": {"uv": [0, 0], "uv_size": [0, 0]},
								"west": {"uv": [16, 27], "uv_size": [1, 1]},
								"up": {"uv": [27, 16], "uv_size": [1, 1]},
								"down": {"uv": [0, 0], "uv_size": [0, 0]}
							}
						},
						{
							"origin": [0.60674, 1.51151, -1.58804],
							"size": [0.05493, 0.09988, 0.4744],
							"pivot": [0.64669, 1.53648, -1.58804],
							"rotation": [-22.5, 0, 0],
							"uv": {
								"north": {"uv": [0, 0], "uv_size": [0, 0]},
								"east": {"uv": [18, 27], "uv_size": [1, 1]},
								"south": {"uv": [0, 0], "uv_size": [0, 0]},
								"west": {"uv": [27, 18], "uv_size": [1, 1]},
								"up": {"uv": [20, 27], "uv_size": [1, 1]},
								"down": {"uv": [0, 0], "uv_size": [0, 0]}
							}
						},
						{
							"origin": [-0.68664, 1.64896, -2.54244],
							"size": [0.0799, 0.29813, 0.29963],
							"pivot": [0, 1.81051, -2.44256],
							"rotation": [0, 0, -22.5],
							"uv": {
								"north": {"uv": [22, 27], "uv_size": [1, 1]},
								"east": {"uv": [0, 28], "uv_size": [1, 1]},
								"south": {"uv": [28, 0], "uv_size": [1, 1]},
								"west": {"uv": [0, 0], "uv_size": [0, 0]},
								"up": {"uv": [0, 0], "uv_size": [0, 0]},
								"down": {"uv": [0, 0], "uv_size": [0, 0]}
							}
						},
						{
							"origin": [0.08745, 1.34173, -2.54244],
							"size": [0.22323, 0.0799, 0.29963],
							"pivot": [0.29894, 2.02837, -2.44256],
							"rotation": [0, 0, -22.5],
							"uv": {
								"north": {"uv": [28, 6], "uv_size": [1, 1]},
								"east": {"uv": [0, 0], "uv_size": [0, 0]},
								"south": {"uv": [8, 28], "uv_size": [1, 1]},
								"west": {"uv": [0, 0], "uv_size": [0, 0]},
								"up": {"uv": [0, 0], "uv_size": [0, 0]},
								"down": {"uv": [28, 9], "uv_size": [1, -1]}
							}
						},
						{
							"origin": [0.60674, 1.64896, -2.54244],
							"size": [0.0799, 0.29813, 0.29963],
							"pivot": [0, 1.81051, -2.44256],
							"rotation": [0, 0, 22.5],
							"uv": {
								"north": {"uv": [10, 28], "uv_size": [1, 1]},
								"east": {"uv": [0, 0], "uv_size": [0, 0]},
								"south": {"uv": [28, 20], "uv_size": [1, 1]},
								"west": {"uv": [28, 22], "uv_size": [1, 1]},
								"up": {"uv": [0, 0], "uv_size": [0, 0]},
								"down": {"uv": [0, 0], "uv_size": [0, 0]}
							}
						},
						{
							"origin": [0.60674, 1.67393, -2.54244],
							"size": [0.0799, 0.37453, 0.7241],
							"uv": {
								"north": {"uv": [24, 28], "uv_size": [1, 1]},
								"east": {"uv": [18, 3], "uv_size": [2, 1]},
								"south": {"uv": [0, 0], "uv_size": [0, 0]},
								"west": {"uv": [10, 18], "uv_size": [2, 1]},
								"up": {"uv": [0, 0], "uv_size": [0, 0]},
								"down": {"uv": [0, 0], "uv_size": [0, 0]}
							}
						},
						{
							"origin": [0.60674, 1.7753, -2.54244],
							"size": [0.0799, 0.27316, 0.7241],
							"pivot": [0, 1.91188, -2.44256],
							"rotation": [0, 0, -22.5],
							"uv": {
								"north": {"uv": [28, 24], "uv_size": [1, 1]},
								"east": {"uv": [18, 11], "uv_size": [2, 1]},
								"south": {"uv": [26, 28], "uv_size": [1, 1]},
								"west": {"uv": [18, 13], "uv_size": [2, 1]},
								"up": {"uv": [0, 0], "uv_size": [0, 0]},
								"down": {"uv": [0, 0], "uv_size": [0, 0]}
							}
						}
					]
				},
				{
					"name": "hexadecagon",
					"parent": "scope_body",
					"pivot": [0, 1.275, -0.15],
					"cubes": [
						{
							"origin": [-0.13658, 1.22449, -2.54244],
							"size": [0.22946, 0.0799, 0.29963],
							"pivot": [0, 1.91113, -2.44256],
							"rotation": [0, 0, 45],
							"uv": {
								"north": {"uv": [28, 26], "uv_size": [1, 1]},
								"east": {"uv": [0, 0], "uv_size": [0, 0]},
								"south": {"uv": [28, 28], "uv_size": [1, 1]},
								"west": {"uv": [0, 0], "uv_size": [0, 0]},
								"up": {"uv": [2, 29], "uv_size": [1, 1]},
								"down": {"uv": [0, 0], "uv_size": [0, 0]}
							}
						},
						{
							"origin": [-0.6804, 1.77455, -2.54244],
							"size": [0.07366, 0.27316, 0.7241],
							"pivot": [0, 1.91113, -2.44256],
							"rotation": [0, 0, -22.5],
							"uv": {
								"north": {"uv": [29, 2], "uv_size": [1, 1]},
								"east": {"uv": [0, 0], "uv_size": [0, 0]},
								"south": {"uv": [4, 29], "uv_size": [1, 1]},
								"west": {"uv": [2, 19], "uv_size": [2, 1]},
								"up": {"uv": [0, 0], "uv_size": [0, 0]},
								"down": {"uv": [0, 0], "uv_size": [0, 0]}
							}
						},
						{
							"origin": [-0.09289, 1.22449, -2.54244],
							"size": [0.22947, 0.0799, 0.29963],
							"pivot": [0, 1.91113, -2.44256],
							"rotation": [0, 0, -45],
							"uv": {
								"north": {"uv": [29, 4], "uv_size": [1, 1]},
								"east": {"uv": [0, 0], "uv_size": [0, 0]},
								"south": {"uv": [6, 29], "uv_size": [1, 1]},
								"west": {"uv": [0, 0], "uv_size": [0, 0]},
								"up": {"uv": [29, 10], "uv_size": [1, 1]},
								"down": {"uv": [0, 0], "uv_size": [0, 0]}
							}
						},
						{
							"origin": [0.60674, 1.77455, -2.54244],
							"size": [0.07365, 0.27316, 0.7241],
							"pivot": [0, 1.91113, -2.44256],
							"rotation": [0, 0, 22.5],
							"uv": {
								"north": {"uv": [12, 29], "uv_size": [1, 1]},
								"east": {"uv": [5, 19], "uv_size": [2, 1]},
								"south": {"uv": [29, 12], "uv_size": [1, 1]},
								"west": {"uv": [0, 0], "uv_size": [0, 0]},
								"up": {"uv": [0, 0], "uv_size": [0, 0]},
								"down": {"uv": [0, 0], "uv_size": [0, 0]}
							}
						}
					]
				},
				{
					"name": "division",
					"pivot": [0, 2, -62]
				},
				{
					"name": "division_illuminated",
					"parent": "division",
					"pivot": [0, 2, -62],
					"cubes": [
						{
							"origin": [-0.2, 1.75, -62.45],
							"size": [0.4, 0.4, 0.2],
							"uv": {
								"north": {"uv": [0, 0], "uv_size": [0, 0]},
								"east": {"uv": [0, 0], "uv_size": [0, 0]},
								"south": {"uv": [32, 0], "uv_size": [32, 32]},
								"west": {"uv": [0, 0], "uv_size": [0, 0]},
								"up": {"uv": [0, 0], "uv_size": [0, 0]},
								"down": {"uv": [0, 0], "uv_size": [0, 0]}
							}
						}
					]
				},
				{
					"name": "ocular",
					"pivot": [0, 2, -1.225],
					"cubes": [
						{
							"origin": [-0.50138, 1.34927, -2.244],
							"size": [0.99963, 1.02491, 0.02463],
							"uv": {
								"north": {"uv": [0, 0], "uv_size": [0, 0]},
								"east": {"uv": [0, 0], "uv_size": [0, 0]},
								"south": {"uv": [12, 25], "uv_size": [1, 1]},
								"west": {"uv": [0, 0], "uv_size": [0, 0]},
								"up": {"uv": [0, 0], "uv_size": [0, 0]},
								"down": {"uv": [0, 0], "uv_size": [0, 0]}
							}
						},
						{
							"origin": [-0.17638, 2.34927, -2.244],
							"size": [0.37463, 0.22491, 0.02463],
							"uv": {
								"north": {"uv": [0, 0], "uv_size": [0, 0]},
								"east": {"uv": [0, 0], "uv_size": [0, 0]},
								"south": {"uv": [12, 25], "uv_size": [1, 1]},
								"west": {"uv": [0, 0], "uv_size": [0, 0]},
								"up": {"uv": [0, 0], "uv_size": [0, 0]},
								"down": {"uv": [0, 0], "uv_size": [0, 0]}
							}
						},
						{
							"origin": [0.47362, 1.34927, -2.244],
							"size": [0.14963, 0.84991, 0.02463],
							"uv": {
								"north": {"uv": [0, 0], "uv_size": [0, 0]},
								"east": {"uv": [0, 0], "uv_size": [0, 0]},
								"south": {"uv": [12, 25], "uv_size": [1, 1]},
								"west": {"uv": [0, 0], "uv_size": [0, 0]},
								"up": {"uv": [0, 0], "uv_size": [0, 0]},
								"down": {"uv": [0, 0], "uv_size": [0, 0]}
							}
						},
						{
							"origin": [-0.62638, 1.34927, -2.244],
							"size": [0.14963, 0.84991, 0.02463],
							"uv": {
								"north": {"uv": [0, 0], "uv_size": [0, 0]},
								"east": {"uv": [0, 0], "uv_size": [0, 0]},
								"south": {"uv": [12, 25], "uv_size": [1, 1]},
								"west": {"uv": [0, 0], "uv_size": [0, 0]},
								"up": {"uv": [0, 0], "uv_size": [0, 0]},
								"down": {"uv": [0, 0], "uv_size": [0, 0]}
							}
						},
						{
							"origin": [-0.62638, 2.42427, -2.244],
							"size": [0.52463, 0.22491, 0.02463],
							"pivot": [-0.38842, 1.26194, -1.10673],
							"rotation": [0, 0, 32.5],
							"uv": {
								"north": {"uv": [0, 0], "uv_size": [0, 0]},
								"east": {"uv": [0, 0], "uv_size": [0, 0]},
								"south": {"uv": [12, 25], "uv_size": [1, 1]},
								"west": {"uv": [0, 0], "uv_size": [0, 0]},
								"up": {"uv": [0, 0], "uv_size": [0, 0]},
								"down": {"uv": [0, 0], "uv_size": [0, 0]}
							}
						},
						{
							"origin": [0.09862, 1.87427, -2.244],
							"size": [0.52463, 0.22491, 0.02463],
							"pivot": [-0.38842, 1.26194, -1.10673],
							"rotation": [0, 0, -42.5],
							"uv": {
								"north": {"uv": [0, 0], "uv_size": [0, 0]},
								"east": {"uv": [0, 0], "uv_size": [0, 0]},
								"south": {"uv": [12, 25], "uv_size": [1, 1]},
								"west": {"uv": [0, 0], "uv_size": [0, 0]},
								"up": {"uv": [0, 0], "uv_size": [0, 0]},
								"down": {"uv": [0, 0], "uv_size": [0, 0]}
							}
						}
					]
				},
				{
					"name": "scope_view",
					"pivot": [0, 2, 10]
				},
				{
					"name": "base",
					"pivot": [0.55178, 0.64645, -1.4375],
					"cubes": [
						{
							"origin": [-0.625, 0, -2.375],
							"size": [1.25, 0.125, 1.875],
							"uv": {
								"north": {"uv": [3, 2], "uv_size": [1, 1]},
								"east": {"uv": [3, 1], "uv_size": [2, 1]},
								"south": {"uv": [4, 3], "uv_size": [1, 1]},
								"west": {"uv": [2, 3], "uv_size": [2, 1]},
								"up": {"uv": [3, 4], "uv_size": [1, 2]},
								"down": {"uv": [5, 5], "uv_size": [1, -2]}
							}
						},
						{
							"origin": [-0.625, -0.25, -2.375],
							"size": [1.25, 0.25, 1.875],
							"uv": {
								"north": {"uv": [7, 0], "uv_size": [1, 1]},
								"east": {"uv": [5, 1], "uv_size": [2, 1]},
								"south": {"uv": [2, 7], "uv_size": [1, 1]},
								"west": {"uv": [6, 3], "uv_size": [2, 1]},
								"up": {"uv": [5, 5], "uv_size": [1, 2]},
								"down": {"uv": [3, 8], "uv_size": [1, -2]}
							}
						},
						{
							"origin": [0.625, -0.0625, -1.5625],
							"size": [0.25, 0.125, 0.25],
							"pivot": [0.75, 0, -1.4375],
							"rotation": [0, -45, 0],
							"uv": {
								"north": {"uv": [7, 2], "uv_size": [1, 1]},
								"east": {"uv": [4, 7], "uv_size": [1, 1]},
								"south": {"uv": [7, 6], "uv_size": [1, 1]},
								"west": {"uv": [2, 9], "uv_size": [1, 1]},
								"up": {"uv": [9, 8], "uv_size": [1, 1]},
								"down": {"uv": [11, 1], "uv_size": [1, -1]}
							}
						},
						{
							"origin": [0.75, 0.0625, -1.4375],
							"size": [0.125, 0.0625, 0.375],
							"pivot": [0.75, 0.09375, -1.4375],
							"rotation": [0, -5, 0],
							"uv": {
								"north": {"uv": [4, 11], "uv_size": [1, 1]},
								"east": {"uv": [6, 11], "uv_size": [1, 1]},
								"south": {"uv": [11, 6], "uv_size": [1, 1]},
								"west": {"uv": [7, 11], "uv_size": [1, 1]},
								"up": {"uv": [11, 11], "uv_size": [1, 1]},
								"down": {"uv": [12, 2], "uv_size": [1, -1]}
							}
						},
						{
							"origin": [0.71396, 0.0625, -1.5548],
							"size": [0.125, 0.0625, 0.3125],
							"pivot": [0.77646, 0.09375, -1.3048],
							"rotation": [0, 17.5, 0],
							"uv": {
								"north": {"uv": [12, 3], "uv_size": [1, 1]},
								"east": {"uv": [12, 5], "uv_size": [1, 1]},
								"south": {"uv": [12, 7], "uv_size": [1, 1]},
								"west": {"uv": [0, 13], "uv_size": [1, 1]},
								"up": {"uv": [1, 13], "uv_size": [1, 1]},
								"down": {"uv": [13, 2], "uv_size": [1, -1]}
							}
						},
						{
							"origin": [0.71396, -0.125, -1.5548],
							"size": [0.125, 0.0625, 0.3125],
							"pivot": [0.77646, 0.09375, -1.3048],
							"rotation": [0, 17.5, 0],
							"uv": {
								"north": {"uv": [2, 13], "uv_size": [1, 1]},
								"east": {"uv": [13, 2], "uv_size": [1, 1]},
								"south": {"uv": [3, 13], "uv_size": [1, 1]},
								"west": {"uv": [13, 3], "uv_size": [1, 1]},
								"up": {"uv": [4, 13], "uv_size": [1, 1]},
								"down": {"uv": [13, 5], "uv_size": [1, -1]}
							}
						},
						{
							"origin": [0.75, -0.125, -1.4375],
							"size": [0.125, 0.0625, 0.375],
							"pivot": [0.75, -0.09375, -1.4375],
							"rotation": [0, -5, 0],
							"uv": {
								"north": {"uv": [5, 13], "uv_size": [1, 1]},
								"east": {"uv": [13, 5], "uv_size": [1, 1]},
								"south": {"uv": [6, 13], "uv_size": [1, 1]},
								"west": {"uv": [7, 13], "uv_size": [1, 1]},
								"up": {"uv": [13, 7], "uv_size": [1, 1]},
								"down": {"uv": [8, 14], "uv_size": [1, -1]}
							}
						},
						{
							"origin": [0.64362, 0.0625, -1.51934],
							"size": [0.125, 0.0625, 0.17678],
							"pivot": [0.70612, 0, -1.53006],
							"rotation": [0, 40, 0],
							"uv": {
								"north": {"uv": [13, 8], "uv_size": [1, 1]},
								"east": {"uv": [13, 9], "uv_size": [1, 1]},
								"south": {"uv": [10, 13], "uv_size": [1, 1]},
								"west": {"uv": [12, 13], "uv_size": [1, 1]},
								"up": {"uv": [13, 12], "uv_size": [1, 1]},
								"down": {"uv": [14, 1], "uv_size": [1, -1]}
							}
						},
						{
							"origin": [0.64362, -0.125, -1.51934],
							"size": [0.125, 0.0625, 0.17678],
							"pivot": [0.70612, 0, -1.53006],
							"rotation": [0, 40, 0],
							"uv": {
								"north": {"uv": [1, 14], "uv_size": [1, 1]},
								"east": {"uv": [14, 1], "uv_size": [1, 1]},
								"south": {"uv": [3, 14], "uv_size": [1, 1]},
								"west": {"uv": [14, 4], "uv_size": [1, 1]},
								"up": {"uv": [5, 14], "uv_size": [1, 1]},
								"down": {"uv": [14, 6], "uv_size": [1, -1]}
							}
						},
						{
							"origin": [0.75, -0.125, -1.0625],
							"size": [0.125, 0.25, 0.5],
							"pivot": [0.75, -0.09375, -1.4375],
							"rotation": [0, -5, 0],
							"uv": {
								"north": {"uv": [14, 6], "uv_size": [1, 1]},
								"east": {"uv": [7, 14], "uv_size": [1, 1]},
								"south": {"uv": [14, 7], "uv_size": [1, 1]},
								"west": {"uv": [8, 14], "uv_size": [1, 1]},
								"up": {"uv": [9, 14], "uv_size": [1, 1]},
								"down": {"uv": [14, 10], "uv_size": [1, -1]}
							}
						},
						{
							"origin": [0.54877, -0.125, -0.59893],
							"size": [0.125, 0.25, 0.25],
							"pivot": [0.61127, 0.09375, -0.22393],
							"rotation": [0, -20, 0],
							"uv": {
								"north": {"uv": [10, 14], "uv_size": [1, 1]},
								"east": {"uv": [14, 10], "uv_size": [1, 1]},
								"south": {"uv": [11, 14], "uv_size": [1, 1]},
								"west": {"uv": [14, 11], "uv_size": [1, 1]},
								"up": {"uv": [12, 14], "uv_size": [1, 1]},
								"down": {"uv": [14, 13], "uv_size": [1, -1]}
							}
						},
						{
							"origin": [0.5, -0.0625, -1.5625],
							"size": [0.25, 0.125, 0.25],
							"uv": {
								"north": {"uv": [14, 13], "uv_size": [1, 1]},
								"east": {"uv": [14, 14], "uv_size": [1, 1]},
								"south": {"uv": [1, 15], "uv_size": [1, 1]},
								"west": {"uv": [15, 1], "uv_size": [1, 1]},
								"up": {"uv": [15, 2], "uv_size": [1, 1]},
								"down": {"uv": [3, 16], "uv_size": [1, -1]}
							}
						},
						{
							"origin": [0.375, 0.125, -2.375],
							"size": [0.25, 0.625, 1.875],
							"uv": {
								"north": {"uv": [15, 3], "uv_size": [1, 1]},
								"east": {"uv": [0, 7], "uv_size": [2, 1]},
								"south": {"uv": [15, 4], "uv_size": [1, 1]},
								"west": {"uv": [7, 1], "uv_size": [2, 1]},
								"up": {"uv": [7, 4], "uv_size": [1, 2]},
								"down": {"uv": [5, 9], "uv_size": [1, -2]}
							}
						},
						{
							"origin": [0.36742, 0.05936, -1.8125],
							"size": [0.125, 0.125, 0.75],
							"pivot": [0.49242, 0.37186, -1.4375],
							"rotation": [0, 0, -45],
							"uv": {
								"north": {"uv": [5, 15], "uv_size": [1, 1]},
								"east": {"uv": [7, 15], "uv_size": [1, 1]},
								"south": {"uv": [15, 7], "uv_size": [1, 1]},
								"west": {"uv": [15, 9], "uv_size": [1, 1]},
								"up": {"uv": [10, 15], "uv_size": [1, 1]},
								"down": {"uv": [15, 12], "uv_size": [1, -1]}
							}
						},
						{
							"origin": [0.36742, -0.25314, -1.8125],
							"size": [0.125, 0.125, 0.75],
							"pivot": [0.49242, 0.05936, -1.4375],
							"rotation": [0, 0, -45],
							"uv": {
								"north": {"uv": [12, 15], "uv_size": [1, 1]},
								"east": {"uv": [13, 15], "uv_size": [1, 1]},
								"south": {"uv": [15, 13], "uv_size": [1, 1]},
								"west": {"uv": [14, 15], "uv_size": [1, 1]},
								"up": {"uv": [15, 15], "uv_size": [1, 1]},
								"down": {"uv": [0, 17], "uv_size": [1, -1]}
							}
						},
						{
							"origin": [0, -0.125, -2.374],
							"size": [0.25, 0.25, 1.873],
							"pivot": [0.125, 0.375, -1.4375],
							"rotation": [0, 0, -45],
							"uv": {
								"north": {"uv": [1, 16], "uv_size": [1, 1]},
								"east": {"uv": [6, 7], "uv_size": [2, 1]},
								"south": {"uv": [16, 1], "uv_size": [1, 1]},
								"west": {"uv": [8, 5], "uv_size": [2, 1]},
								"up": {"uv": [3, 8], "uv_size": [1, 2]},
								"down": {"uv": [9, 3], "uv_size": [1, -2]}
							}
						},
						{
							"origin": [-0.25, -0.125, -2.374],
							"size": [0.25, 0.25, 1.873],
							"pivot": [-0.125, 0.375, -1.4375],
							"rotation": [0, 0, 45],
							"uv": {
								"north": {"uv": [2, 16], "uv_size": [1, 1]},
								"east": {"uv": [8, 7], "uv_size": [2, 1]},
								"south": {"uv": [3, 16], "uv_size": [1, 1]},
								"west": {"uv": [0, 9], "uv_size": [2, 1]},
								"up": {"uv": [9, 3], "uv_size": [1, 2]},
								"down": {"uv": [5, 11], "uv_size": [1, -2]}
							}
						},
						{
							"origin": [-0.625, 0.125, -2.375],
							"size": [0.25, 0.625, 1.875],
							"uv": {
								"north": {"uv": [4, 16], "uv_size": [1, 1]},
								"east": {"uv": [6, 9], "uv_size": [2, 1]},
								"south": {"uv": [16, 4], "uv_size": [1, 1]},
								"west": {"uv": [8, 9], "uv_size": [2, 1]},
								"up": {"uv": [3, 10], "uv_size": [1, 2]},
								"down": {"uv": [9, 12], "uv_size": [1, -2]}
							}
						},
						{
							"origin": [-0.75, -0.125, -1.53125],
							"size": [0.25, 0.1875, 0.1875],
							"pivot": [-0.625, -0.03125, -1.4375],
							"rotation": [45, 0, 0],
							"uv": {
								"north": {"uv": [5, 16], "uv_size": [1, 1]},
								"east": {"uv": [16, 5], "uv_size": [1, 1]},
								"south": {"uv": [6, 16], "uv_size": [1, 1]},
								"west": {"uv": [16, 6], "uv_size": [1, 1]},
								"up": {"uv": [7, 16], "uv_size": [1, 1]},
								"down": {"uv": [16, 8], "uv_size": [1, -1]}
							}
						},
						{
							"origin": [-0.375, 0.84375, -2.375],
							"size": [0.75, 0.15625, 1.875],
							"uv": {
								"north": {"uv": [8, 16], "uv_size": [1, 1]},
								"east": {"uv": [10, 1], "uv_size": [2, 1]},
								"south": {"uv": [16, 8], "uv_size": [1, 1]},
								"west": {"uv": [10, 3], "uv_size": [2, 1]},
								"up": {"uv": [2, 11], "uv_size": [1, 2]},
								"down": {"uv": [5, 13], "uv_size": [1, -2]}
							}
						},
						{
							"origin": [-0.53033, 0.58395, -2.374],
							"size": [0.35355, 0.1875, 1.873],
							"pivot": [-0.55178, 0.64645, -1.4375],
							"rotation": [0, 0, -45],
							"uv": {
								"north": {"uv": [9, 16], "uv_size": [1, 1]},
								"east": {"uv": [10, 5], "uv_size": [2, 1]},
								"south": {"uv": [16, 9], "uv_size": [1, 1]},
								"west": {"uv": [10, 7], "uv_size": [2, 1]},
								"up": {"uv": [8, 11], "uv_size": [1, 2]},
								"down": {"uv": [10, 13], "uv_size": [1, -2]}
							}
						},
						{
							"origin": [0.17678, 0.58395, -2.374],
							"size": [0.35355, 0.1875, 1.873],
							"pivot": [0.55178, 0.64645, -1.4375],
							"rotation": [0, 0, 45],
							"uv": {
								"north": {"uv": [10, 16], "uv_size": [1, 1]},
								"east": {"uv": [10, 9], "uv_size": [2, 1]},
								"south": {"uv": [16, 11], "uv_size": [1, 1]},
								"west": {"uv": [0, 11], "uv_size": [2, 1]},
								"up": {"uv": [12, 9], "uv_size": [1, 2]},
								"down": {"uv": [12, 13], "uv_size": [1, -2]}
							}
						}
					]
				}
			]
		}
	]
}