{
	"format_version": "1.12.0",
	"minecraft:geometry": [
		{
			"description": {
				"identifier": "geometry.sight_sro_dot - Converted",
				"texture_width": 32,
				"texture_height": 32,
				"visible_bounds_width": 11,
				"visible_bounds_height": 1.5,
				"visible_bounds_offset": [0, 0.25, 0]
			},
			"bones": [
				{
					"name": "scope_view",
					"pivot": [0, 1.75, 10]
				},
				{
					"name": "scope_body",
					"pivot": [0, 20.325, -0.375],
					"cubes": [
						{
							"origin": [-0.62184, 0.99517, -1.06961],
							"size": [1.24055, 0.29225, 0.68378],
							"uv": {
								"north": {"uv": [4, 7], "uv_size": [1, 0.5]},
								"east": {"uv": [6, 11], "uv_size": [0.5, 0.5]},
								"south": {"uv": [8, 1], "uv_size": [1, 0.5]},
								"west": {"uv": [11, 6], "uv_size": [0.5, 0.5]},
								"up": {"uv": [8, 2], "uv_size": [1, 0.5]},
								"down": {"uv": [4, 8.5], "uv_size": [1, -0.5]}
							}
						},
						{
							"origin": [-0.62184, 0.99517, -2.37501],
							"size": [1.24055, 0.29225, 0.68378],
							"uv": {
								"north": {"uv": [5, 8], "uv_size": [1, 0.5]},
								"east": {"uv": [7, 11], "uv_size": [0.5, 0.5]},
								"south": {"uv": [8, 5], "uv_size": [1, 0.5]},
								"west": {"uv": [11, 7], "uv_size": [0.5, 0.5]},
								"up": {"uv": [6, 8], "uv_size": [1, 0.5]},
								"down": {"uv": [8, 6.5], "uv_size": [1, -0.5]}
							}
						},
						{
							"origin": [-0.55967, 0.99517, -1.69123],
							"size": [1.11622, 0.06217, 0.62162],
							"uv": {
								"north": {"uv": [7, 8], "uv_size": [1, 0.5]},
								"east": {"uv": [8, 11], "uv_size": [0.5, 0.5]},
								"south": {"uv": [8, 7], "uv_size": [1, 0.5]},
								"west": {"uv": [11, 8], "uv_size": [0.5, 0.5]},
								"up": {"uv": [8, 8], "uv_size": [1, 0.5]},
								"down": {"uv": [0, 9.5], "uv_size": [1, -0.5]}
							}
						},
						{
							"origin": [-0.20628, 0.68943, -1.69123],
							"size": [0.08792, 0.06216, 0.62162],
							"pivot": [0.03005, 1.375, -1.53727],
							"rotation": [0, 0, 45],
							"uv": {
								"north": {"uv": [9, 11], "uv_size": [0.5, 0.5]},
								"east": {"uv": [11, 9], "uv_size": [0.5, 0.5]},
								"south": {"uv": [10, 11], "uv_size": [0.5, 0.5]},
								"west": {"uv": [11, 10], "uv_size": [0.5, 0.5]},
								"up": {"uv": [11, 11], "uv_size": [0.5, 0.5]},
								"down": {"uv": [0, 12.5], "uv_size": [0.5, -0.5]}
							}
						},
						{
							"origin": [-0.62184, 1.05734, -1.69123],
							"size": [1.24055, 0.23008, 0.62162],
							"uv": {
								"north": {"uv": [1, 9], "uv_size": [1, 0.5]},
								"east": {"uv": [12, 0], "uv_size": [0.5, 0.5]},
								"south": {"uv": [9, 1], "uv_size": [1, 0.5]},
								"west": {"uv": [1, 12], "uv_size": [0.5, 0.5]},
								"up": {"uv": [2, 9], "uv_size": [1, 0.5]},
								"down": {"uv": [9, 2.5], "uv_size": [1, -0.5]}
							}
						},
						{
							"origin": [0.13376, 0.73413, -1.69123],
							"size": [0.08791, 0.06216, 0.62162],
							"pivot": [0.03005, 1.375, -1.53727],
							"rotation": [0, 0, -45],
							"uv": {
								"north": {"uv": [12, 1], "uv_size": [0.5, 0.5]},
								"east": {"uv": [2, 12], "uv_size": [0.5, 0.5]},
								"south": {"uv": [12, 2], "uv_size": [0.5, 0.5]},
								"west": {"uv": [3, 12], "uv_size": [0.5, 0.5]},
								"up": {"uv": [12, 3], "uv_size": [0.5, 0.5]},
								"down": {"uv": [4, 12.5], "uv_size": [0.5, -0.5]}
							}
						},
						{
							"origin": [-0.55966, 1.28741, -2.37501],
							"size": [1.11621, 0.06217, 1.05675],
							"uv": {
								"north": {"uv": [3, 9], "uv_size": [1, 0.5]},
								"east": {"uv": [9, 3], "uv_size": [1, 0.5]},
								"south": {"uv": [4, 9], "uv_size": [1, 0.5]},
								"west": {"uv": [9, 4], "uv_size": [1, 0.5]},
								"up": {"uv": [0, 4], "uv_size": [1, 1]},
								"down": {"uv": [4, 1], "uv_size": [1, -1]}
							}
						},
						{
							"origin": [-0.43804, 1.44972, -1.36442],
							"size": [0.87297, 0.06216, 0.12432],
							"pivot": [0.03005, 1.375, -1.53727],
							"rotation": [-45, 0, 0],
							"uv": {
								"north": {"uv": [5, 9], "uv_size": [1, 0.5]},
								"east": {"uv": [12, 4], "uv_size": [0.5, 0.5]},
								"south": {"uv": [9, 5], "uv_size": [1, 0.5]},
								"west": {"uv": [5, 12], "uv_size": [0.5, 0.5]},
								"up": {"uv": [6, 9], "uv_size": [1, 0.5]},
								"down": {"uv": [9, 6.5], "uv_size": [1, -0.5]}
							}
						},
						{
							"origin": [-0.43804, 1.06281, -1.18656],
							"size": [0.87296, 0.06216, 0.18649],
							"pivot": [0.03005, 1.375, -1.53727],
							"rotation": [22.5, 0, 0],
							"uv": {
								"north": {"uv": [7, 9], "uv_size": [1, 0.5]},
								"east": {"uv": [12, 5], "uv_size": [0.5, 0.5]},
								"south": {"uv": [9, 7], "uv_size": [1, 0.5]},
								"west": {"uv": [6, 12], "uv_size": [0.5, 0.5]},
								"up": {"uv": [8, 9], "uv_size": [1, 0.5]},
								"down": {"uv": [9, 8.5], "uv_size": [1, -0.5]}
							}
						},
						{
							"origin": [0.43493, 1.28741, -1.31826],
							"size": [0.12162, 0.06217, 0.37298],
							"uv": {
								"north": {"uv": [12, 6], "uv_size": [0.5, 0.5]},
								"east": {"uv": [7, 12], "uv_size": [0.5, 0.5]},
								"south": {"uv": [12, 7], "uv_size": [0.5, 0.5]},
								"west": {"uv": [8, 12], "uv_size": [0.5, 0.5]},
								"up": {"uv": [12, 8], "uv_size": [0.5, 0.5]},
								"down": {"uv": [9, 12.5], "uv_size": [0.5, -0.5]}
							}
						},
						{
							"origin": [-0.55967, 1.28741, -1.31826],
							"size": [0.12163, 0.06217, 0.37298],
							"uv": {
								"north": {"uv": [12, 9], "uv_size": [0.5, 0.5]},
								"east": {"uv": [10, 12], "uv_size": [0.5, 0.5]},
								"south": {"uv": [12, 10], "uv_size": [0.5, 0.5]},
								"west": {"uv": [11, 12], "uv_size": [0.5, 0.5]},
								"up": {"uv": [12, 11], "uv_size": [0.5, 0.5]},
								"down": {"uv": [12, 12.5], "uv_size": [0.5, -0.5]}
							}
						},
						{
							"origin": [-0.55966, 1.28741, -0.94528],
							"size": [1.11621, 0.06217, 0.55945],
							"uv": {
								"north": {"uv": [9, 9], "uv_size": [1, 0.5]},
								"east": {"uv": [0, 13], "uv_size": [0.5, 0.5]},
								"south": {"uv": [0, 10], "uv_size": [1, 0.5]},
								"west": {"uv": [13, 0], "uv_size": [0.5, 0.5]},
								"up": {"uv": [10, 0], "uv_size": [1, 0.5]},
								"down": {"uv": [1, 10.5], "uv_size": [1, -0.5]}
							}
						},
						{
							"origin": [-0.49284, 1.71488, -2.37501],
							"size": [0.08792, 0.05913, 1.98918],
							"pivot": [0.03005, 1.375, -1.53727],
							"rotation": [0, 0, -45],
							"uv": {
								"north": {"uv": [1, 13], "uv_size": [0.5, 0.5]},
								"east": {"uv": [1, 4], "uv_size": [2, 0.5]},
								"south": {"uv": [13, 1], "uv_size": [0.5, 0.5]},
								"west": {"uv": [4, 1], "uv_size": [2, 0.5]},
								"up": {"uv": [4, 2], "uv_size": [0.5, 2]},
								"down": {"uv": [3, 6], "uv_size": [0.5, -2]}
							}
						},
						{
							"origin": [0.42032, 1.67018, -2.37501],
							"size": [0.08791, 0.05913, 1.98918],
							"pivot": [0.03005, 1.375, -1.53727],
							"rotation": [0, 0, 45],
							"uv": {
								"north": {"uv": [2, 13], "uv_size": [0.5, 0.5]},
								"east": {"uv": [4, 4], "uv_size": [2, 0.5]},
								"south": {"uv": [13, 2], "uv_size": [0.5, 0.5]},
								"west": {"uv": [0, 5], "uv_size": [2, 0.5]},
								"up": {"uv": [2, 5], "uv_size": [0.5, 2]},
								"down": {"uv": [5, 4], "uv_size": [0.5, -2]}
							}
						},
						{
							"origin": [-0.62183, 1.28742, -2.33142],
							"size": [0.12163, 0.93243, 0.66521],
							"uv": {
								"north": {"uv": [10, 1], "uv_size": [0.5, 1]},
								"east": {"uv": [2, 10], "uv_size": [0.5, 1]},
								"south": {"uv": [10, 2], "uv_size": [0.5, 1]},
								"west": {"uv": [3, 10], "uv_size": [0.5, 1]},
								"up": {"uv": [3, 13], "uv_size": [0.5, 0.5]},
								"down": {"uv": [13, 3.5], "uv_size": [0.5, -0.5]}
							}
						},
						{
							"origin": [-1.0283, 1.51145, -2.33142],
							"size": [0.12892, 0.17702, 0.66521],
							"pivot": [0.03005, 1.375, -1.53727],
							"rotation": [0, 0, 45],
							"uv": {
								"north": {"uv": [4, 13], "uv_size": [0.5, 0.5]},
								"east": {"uv": [13, 4], "uv_size": [0.5, 0.5]},
								"south": {"uv": [5, 13], "uv_size": [0.5, 0.5]},
								"west": {"uv": [13, 5], "uv_size": [0.5, 0.5]},
								"up": {"uv": [6, 13], "uv_size": [0.5, 0.5]},
								"down": {"uv": [13, 6.5], "uv_size": [0.5, -0.5]}
							}
						},
						{
							"origin": [-0.49666, 2.18622, -2.33142],
							"size": [0.12433, 0.1588, 0.66521],
							"uv": {
								"north": {"uv": [7, 13], "uv_size": [0.5, 0.5]},
								"east": {"uv": [13, 7], "uv_size": [0.5, 0.5]},
								"south": {"uv": [8, 13], "uv_size": [0.5, 0.5]},
								"west": {"uv": [13, 8], "uv_size": [0.5, 0.5]},
								"up": {"uv": [9, 13], "uv_size": [0.5, 0.5]},
								"down": {"uv": [13, 9.5], "uv_size": [0.5, -0.5]}
							}
						},
						{
							"origin": [0.36922, 2.18622, -2.33142],
							"size": [0.12432, 0.1588, 0.66521],
							"uv": {
								"north": {"uv": [10, 13], "uv_size": [0.5, 0.5]},
								"east": {"uv": [13, 10], "uv_size": [0.5, 0.5]},
								"south": {"uv": [11, 13], "uv_size": [0.5, 0.5]},
								"west": {"uv": [13, 11], "uv_size": [0.5, 0.5]},
								"up": {"uv": [12, 13], "uv_size": [0.5, 0.5]},
								"down": {"uv": [13, 12.5], "uv_size": [0.5, -0.5]}
							}
						},
						{
							"origin": [-0.27284, 2.17995, -2.33142],
							"size": [0.54257, 0.11674, 0.66521],
							"uv": {
								"north": {"uv": [13, 13], "uv_size": [0.5, 0.5]},
								"east": {"uv": [0, 14], "uv_size": [0.5, 0.5]},
								"south": {"uv": [14, 0], "uv_size": [0.5, 0.5]},
								"west": {"uv": [1, 14], "uv_size": [0.5, 0.5]},
								"up": {"uv": [14, 1], "uv_size": [0.5, 0.5]},
								"down": {"uv": [2, 14.5], "uv_size": [0.5, -0.5]}
							}
						},
						{
							"origin": [-0.38378, 2.21412, -2.33142],
							"size": [0.35845, 0.106, 0.66521],
							"pivot": [-0.23581, 2.26713, -1.99882],
							"rotation": [0, 0, 10],
							"uv": {
								"north": {"uv": [14, 2], "uv_size": [0.5, 0.5]},
								"east": {"uv": [3, 14], "uv_size": [0.5, 0.5]},
								"south": {"uv": [14, 3], "uv_size": [0.5, 0.5]},
								"west": {"uv": [4, 14], "uv_size": [0.5, 0.5]},
								"up": {"uv": [14, 4], "uv_size": [0.5, 0.5]},
								"down": {"uv": [5, 14.5], "uv_size": [0.5, -0.5]}
							}
						},
						{
							"origin": [0.02533, 2.21412, -2.33142],
							"size": [0.35845, 0.106, 0.66521],
							"pivot": [0.23581, 2.26713, -1.99882],
							"rotation": [0, 0, -10],
							"uv": {
								"north": {"uv": [14, 5], "uv_size": [0.5, 0.5]},
								"east": {"uv": [6, 14], "uv_size": [0.5, 0.5]},
								"south": {"uv": [14, 6], "uv_size": [0.5, 0.5]},
								"west": {"uv": [7, 14], "uv_size": [0.5, 0.5]},
								"up": {"uv": [14, 7], "uv_size": [0.5, 0.5]},
								"down": {"uv": [8, 14.5], "uv_size": [0.5, -0.5]}
							}
						},
						{
							"origin": [0.91478, 1.55615, -2.33142],
							"size": [0.12891, 0.17702, 0.66521],
							"pivot": [0.03005, 1.375, -1.53727],
							"rotation": [0, 0, -45],
							"uv": {
								"north": {"uv": [14, 8], "uv_size": [0.5, 0.5]},
								"east": {"uv": [9, 14], "uv_size": [0.5, 0.5]},
								"south": {"uv": [14, 9], "uv_size": [0.5, 0.5]},
								"west": {"uv": [10, 14], "uv_size": [0.5, 0.5]},
								"up": {"uv": [14, 10], "uv_size": [0.5, 0.5]},
								"down": {"uv": [11, 14.5], "uv_size": [0.5, -0.5]}
							}
						},
						{
							"origin": [-0.62183, 1.1941, -1.69536],
							"size": [0.12163, 0.9169, 0.32332],
							"pivot": [0.03005, 1.375, -1.53727],
							"rotation": [22.5, 0, 0],
							"uv": {
								"north": {"uv": [10, 3], "uv_size": [0.5, 1]},
								"east": {"uv": [4, 10], "uv_size": [0.5, 1]},
								"south": {"uv": [10, 4], "uv_size": [0.5, 1]},
								"west": {"uv": [5, 10], "uv_size": [0.5, 1]},
								"up": {"uv": [14, 11], "uv_size": [0.5, 0.5]},
								"down": {"uv": [12, 14.5], "uv_size": [0.5, -0.5]}
							}
						},
						{
							"origin": [-0.62183, 1.07271, -1.45522],
							"size": [0.12163, 0.29527, 0.09022],
							"pivot": [0.03005, 1.375, -1.53727],
							"rotation": [45, 0, 0],
							"uv": {
								"north": {"uv": [14, 12], "uv_size": [0.5, 0.5]},
								"east": {"uv": [13, 14], "uv_size": [0.5, 0.5]},
								"south": {"uv": [14, 13], "uv_size": [0.5, 0.5]},
								"west": {"uv": [14, 14], "uv_size": [0.5, 0.5]},
								"up": {"uv": [0, 15], "uv_size": [0.5, 0.5]},
								"down": {"uv": [15, 0.5], "uv_size": [0.5, -0.5]}
							}
						},
						{
							"origin": [0.49708, 1.07271, -1.45522],
							"size": [0.12163, 0.29527, 0.09022],
							"pivot": [0.03005, 1.375, -1.53727],
							"rotation": [45, 0, 0],
							"uv": {
								"north": {"uv": [1, 15], "uv_size": [0.5, 0.5]},
								"east": {"uv": [15, 1], "uv_size": [0.5, 0.5]},
								"south": {"uv": [2, 15], "uv_size": [0.5, 0.5]},
								"west": {"uv": [15, 2], "uv_size": [0.5, 0.5]},
								"up": {"uv": [3, 15], "uv_size": [0.5, 0.5]},
								"down": {"uv": [15, 3.5], "uv_size": [0.5, -0.5]}
							}
						},
						{
							"origin": [-0.62183, 1.28742, -2.37501],
							"size": [0.12163, 0.45067, 0.04359],
							"uv": {
								"north": {"uv": [4, 15], "uv_size": [0.5, 0.5]},
								"east": {"uv": [15, 4], "uv_size": [0.5, 0.5]},
								"south": {"uv": [5, 15], "uv_size": [0.5, 0.5]},
								"west": {"uv": [15, 5], "uv_size": [0.5, 0.5]},
								"up": {"uv": [6, 15], "uv_size": [0.5, 0.5]},
								"down": {"uv": [15, 6.5], "uv_size": [0.5, -0.5]}
							}
						},
						{
							"origin": [0.49708, 1.28742, -2.33142],
							"size": [0.12163, 0.93243, 0.66521],
							"uv": {
								"north": {"uv": [10, 5], "uv_size": [0.5, 1]},
								"east": {"uv": [6, 10], "uv_size": [0.5, 1]},
								"south": {"uv": [10, 6], "uv_size": [0.5, 1]},
								"west": {"uv": [7, 10], "uv_size": [0.5, 1]},
								"up": {"uv": [7, 15], "uv_size": [0.5, 0.5]},
								"down": {"uv": [15, 7.5], "uv_size": [0.5, -0.5]}
							}
						},
						{
							"origin": [-0.11787, 2.18848, -2.33142],
							"size": [0.31081, 0.11126, 0.66521],
							"pivot": [0.03005, 1.375, -1.53727],
							"rotation": [0, 0, 22.5],
							"uv": {
								"north": {"uv": [8, 15], "uv_size": [0.5, 0.5]},
								"east": {"uv": [15, 8], "uv_size": [0.5, 0.5]},
								"south": {"uv": [9, 15], "uv_size": [0.5, 0.5]},
								"west": {"uv": [15, 9], "uv_size": [0.5, 0.5]},
								"up": {"uv": [10, 15], "uv_size": [0.5, 0.5]},
								"down": {"uv": [15, 10.5], "uv_size": [0.5, -0.5]}
							}
						},
						{
							"origin": [0.6666, 1.57826, -2.33142],
							"size": [0.08019, 0.34189, 0.66521],
							"pivot": [0.03005, 1.375, -1.53727],
							"rotation": [0, 0, -22.5],
							"uv": {
								"north": {"uv": [11, 15], "uv_size": [0.5, 0.5]},
								"east": {"uv": [15, 11], "uv_size": [0.5, 0.5]},
								"south": {"uv": [12, 15], "uv_size": [0.5, 0.5]},
								"west": {"uv": [15, 12], "uv_size": [0.5, 0.5]},
								"up": {"uv": [13, 15], "uv_size": [0.5, 0.5]},
								"down": {"uv": [15, 13.5], "uv_size": [0.5, -0.5]}
							}
						},
						{
							"origin": [0.11941, 1.15597, -2.37501],
							"size": [0.37298, 0.12163, 0.92941],
							"pivot": [0.03005, 1.375, -1.53727],
							"rotation": [0, 0, -22.5],
							"uv": {
								"north": {"uv": [14, 15], "uv_size": [0.5, 0.5]},
								"east": {"uv": [10, 7], "uv_size": [1, 0.5]},
								"south": {"uv": [15, 14], "uv_size": [0.5, 0.5]},
								"west": {"uv": [8, 10], "uv_size": [1, 0.5]},
								"up": {"uv": [10, 8], "uv_size": [0.5, 1]},
								"down": {"uv": [9, 11], "uv_size": [0.5, -1]}
							}
						},
						{
							"origin": [-0.49069, 1.13178, -2.37501],
							"size": [0.37297, 0.12163, 0.92941],
							"pivot": [0.03005, 1.375, -1.53727],
							"rotation": [0, 0, 22.5],
							"uv": {
								"north": {"uv": [15, 15], "uv_size": [0.5, 0.5]},
								"east": {"uv": [10, 9], "uv_size": [1, 0.5]},
								"south": {"uv": [0, 16], "uv_size": [0.5, 0.5]},
								"west": {"uv": [10, 10], "uv_size": [1, 0.5]},
								"up": {"uv": [0, 11], "uv_size": [0.5, 1]},
								"down": {"uv": [11, 1], "uv_size": [0.5, -1]}
							}
						},
						{
							"origin": [-0.74509, 1.55407, -2.33142],
							"size": [0.08019, 0.34189, 0.66521],
							"pivot": [0.03005, 1.375, -1.53727],
							"rotation": [0, 0, 22.5],
							"uv": {
								"north": {"uv": [16, 0], "uv_size": [0.5, 0.5]},
								"east": {"uv": [1, 16], "uv_size": [0.5, 0.5]},
								"south": {"uv": [16, 1], "uv_size": [0.5, 0.5]},
								"west": {"uv": [2, 16], "uv_size": [0.5, 0.5]},
								"up": {"uv": [16, 2], "uv_size": [0.5, 0.5]},
								"down": {"uv": [3, 16.5], "uv_size": [0.5, -0.5]}
							}
						},
						{
							"origin": [-0.19124, 2.21266, -2.33142],
							"size": [0.31081, 0.11127, 0.66521],
							"pivot": [0.03005, 1.375, -1.53727],
							"rotation": [0, 0, -22.5],
							"uv": {
								"north": {"uv": [16, 3], "uv_size": [0.5, 0.5]},
								"east": {"uv": [4, 16], "uv_size": [0.5, 0.5]},
								"south": {"uv": [16, 4], "uv_size": [0.5, 0.5]},
								"west": {"uv": [5, 16], "uv_size": [0.5, 0.5]},
								"up": {"uv": [16, 5], "uv_size": [0.5, 0.5]},
								"down": {"uv": [6, 16.5], "uv_size": [0.5, -0.5]}
							}
						},
						{
							"origin": [0.49708, 1.28742, -2.37501],
							"size": [0.12163, 0.45067, 0.04359],
							"uv": {
								"north": {"uv": [16, 6], "uv_size": [0.5, 0.5]},
								"east": {"uv": [7, 16], "uv_size": [0.5, 0.5]},
								"south": {"uv": [16, 7], "uv_size": [0.5, 0.5]},
								"west": {"uv": [8, 16], "uv_size": [0.5, 0.5]},
								"up": {"uv": [16, 8], "uv_size": [0.5, 0.5]},
								"down": {"uv": [9, 16.5], "uv_size": [0.5, -0.5]}
							}
						},
						{
							"origin": [0.49708, 1.38986, -2.45019],
							"size": [0.12163, 0.13986, 0.04359],
							"pivot": [0.03005, 1.375, -1.53727],
							"rotation": [-22.5, 0, 0],
							"uv": {
								"north": {"uv": [16, 9], "uv_size": [0.5, 0.5]},
								"east": {"uv": [10, 16], "uv_size": [0.5, 0.5]},
								"south": {"uv": [16, 10], "uv_size": [0.5, 0.5]},
								"west": {"uv": [11, 16], "uv_size": [0.5, 0.5]},
								"up": {"uv": [16, 11], "uv_size": [0.5, 0.5]},
								"down": {"uv": [12, 16.5], "uv_size": [0.5, -0.5]}
							}
						},
						{
							"origin": [-0.62183, 1.38986, -2.45019],
							"size": [0.12163, 0.13986, 0.04359],
							"pivot": [0.03005, 1.375, -1.53727],
							"rotation": [-22.5, 0, 0],
							"uv": {
								"north": {"uv": [16, 12], "uv_size": [0.5, 0.5]},
								"east": {"uv": [13, 16], "uv_size": [0.5, 0.5]},
								"south": {"uv": [16, 13], "uv_size": [0.5, 0.5]},
								"west": {"uv": [14, 16], "uv_size": [0.5, 0.5]},
								"up": {"uv": [16, 14], "uv_size": [0.5, 0.5]},
								"down": {"uv": [15, 16.5], "uv_size": [0.5, -0.5]}
							}
						},
						{
							"origin": [0.49708, 1.1941, -1.69536],
							"size": [0.12163, 0.9169, 0.32332],
							"pivot": [0.03005, 1.375, -1.53727],
							"rotation": [22.5, 0, 0],
							"uv": {
								"north": {"uv": [1, 11], "uv_size": [0.5, 1]},
								"east": {"uv": [11, 1], "uv_size": [0.5, 1]},
								"south": {"uv": [2, 11], "uv_size": [0.5, 1]},
								"west": {"uv": [11, 2], "uv_size": [0.5, 1]},
								"up": {"uv": [16, 15], "uv_size": [0.5, 0.5]},
								"down": {"uv": [16, 16.5], "uv_size": [0.5, -0.5]}
							}
						},
						{
							"origin": [0.42218, 1.39535, -0.93175],
							"size": [0.24554, 0.08239, 0.19892],
							"pivot": [0.03005, 1.375, -1.53727],
							"rotation": [-22.5, 0, 0],
							"uv": {
								"north": {"uv": [0, 17], "uv_size": [0.5, 0.5]},
								"east": {"uv": [17, 0], "uv_size": [0.5, 0.5]},
								"south": {"uv": [1, 17], "uv_size": [0.5, 0.5]},
								"west": {"uv": [17, 1], "uv_size": [0.5, 0.5]},
								"up": {"uv": [2, 17], "uv_size": [0.5, 0.5]},
								"down": {"uv": [17, 2.5], "uv_size": [0.5, -0.5]}
							}
						},
						{
							"origin": [0.42218, 0.87883, -1.09471],
							"size": [0.24554, 0.08239, 0.19892],
							"pivot": [0.03005, 1.375, -1.53727],
							"rotation": [22.5, 0, 0],
							"uv": {
								"north": {"uv": [3, 17], "uv_size": [0.5, 0.5]},
								"east": {"uv": [17, 3], "uv_size": [0.5, 0.5]},
								"south": {"uv": [4, 17], "uv_size": [0.5, 0.5]},
								"west": {"uv": [17, 4], "uv_size": [0.5, 0.5]},
								"up": {"uv": [5, 17], "uv_size": [0.5, 0.5]},
								"down": {"uv": [17, 5.5], "uv_size": [0.5, -0.5]}
							}
						},
						{
							"origin": [0.42218, 1.33709, -0.87349],
							"size": [0.24554, 0.19892, 0.08239],
							"pivot": [0.03005, 1.375, -1.53727],
							"rotation": [-22.5, 0, 0],
							"uv": {
								"north": {"uv": [6, 17], "uv_size": [0.5, 0.5]},
								"east": {"uv": [17, 6], "uv_size": [0.5, 0.5]},
								"south": {"uv": [7, 17], "uv_size": [0.5, 0.5]},
								"west": {"uv": [17, 7], "uv_size": [0.5, 0.5]},
								"up": {"uv": [8, 17], "uv_size": [0.5, 0.5]},
								"down": {"uv": [17, 8.5], "uv_size": [0.5, -0.5]}
							}
						},
						{
							"origin": [0.42218, 0.82057, -1.03645],
							"size": [0.24554, 0.19892, 0.08239],
							"pivot": [0.03005, 1.375, -1.53727],
							"rotation": [22.5, 0, 0],
							"uv": {
								"north": {"uv": [9, 17], "uv_size": [0.5, 0.5]},
								"east": {"uv": [17, 9], "uv_size": [0.5, 0.5]},
								"south": {"uv": [10, 17], "uv_size": [0.5, 0.5]},
								"west": {"uv": [17, 10], "uv_size": [0.5, 0.5]},
								"up": {"uv": [11, 17], "uv_size": [0.5, 0.5]},
								"down": {"uv": [17, 11.5], "uv_size": [0.5, -0.5]}
							}
						},
						{
							"origin": [0.26075, 1.25618, -0.89772],
							"size": [0.12359, 0.13675, 0.29838],
							"pivot": [0.03005, 1.375, -1.53727],
							"rotation": [0, -22.5, 0],
							"uv": {
								"north": {"uv": [12, 17], "uv_size": [0.5, 0.5]},
								"east": {"uv": [17, 12], "uv_size": [0.5, 0.5]},
								"south": {"uv": [13, 17], "uv_size": [0.5, 0.5]},
								"west": {"uv": [17, 13], "uv_size": [0.5, 0.5]},
								"up": {"uv": [14, 17], "uv_size": [0.5, 0.5]},
								"down": {"uv": [17, 14.5], "uv_size": [0.5, -0.5]}
							}
						},
						{
							"origin": [-0.38264, 1.25618, -0.92191],
							"size": [0.12359, 0.13675, 0.29838],
							"pivot": [0.03005, 1.375, -1.53727],
							"rotation": [0, 22.5, 0],
							"uv": {
								"north": {"uv": [15, 17], "uv_size": [0.5, 0.5]},
								"east": {"uv": [17, 15], "uv_size": [0.5, 0.5]},
								"south": {"uv": [16, 17], "uv_size": [0.5, 0.5]},
								"west": {"uv": [17, 16], "uv_size": [0.5, 0.5]},
								"up": {"uv": [17, 17], "uv_size": [0.5, 0.5]},
								"down": {"uv": [0, 18.5], "uv_size": [0.5, -0.5]}
							}
						},
						{
							"origin": [0.17335, 1.25618, -0.81032],
							"size": [0.29838, 0.13675, 0.12358],
							"pivot": [0.03005, 1.375, -1.53727],
							"rotation": [0, -22.5, 0],
							"uv": {
								"north": {"uv": [18, 0], "uv_size": [0.5, 0.5]},
								"east": {"uv": [1, 18], "uv_size": [0.5, 0.5]},
								"south": {"uv": [18, 1], "uv_size": [0.5, 0.5]},
								"west": {"uv": [2, 18], "uv_size": [0.5, 0.5]},
								"up": {"uv": [18, 2], "uv_size": [0.5, 0.5]},
								"down": {"uv": [3, 18.5], "uv_size": [0.5, -0.5]}
							}
						},
						{
							"origin": [-0.47004, 1.25618, -0.83451],
							"size": [0.29838, 0.13675, 0.12359],
							"pivot": [0.03005, 1.375, -1.53727],
							"rotation": [0, 22.5, 0],
							"uv": {
								"north": {"uv": [18, 3], "uv_size": [0.5, 0.5]},
								"east": {"uv": [4, 18], "uv_size": [0.5, 0.5]},
								"south": {"uv": [18, 4], "uv_size": [0.5, 0.5]},
								"west": {"uv": [5, 18], "uv_size": [0.5, 0.5]},
								"up": {"uv": [18, 5], "uv_size": [0.5, 0.5]},
								"down": {"uv": [6, 18.5], "uv_size": [0.5, -0.5]}
							}
						}
					]
				},
				{
					"name": "base",
					"parent": "scope_body",
					"pivot": [0.55178, 0.64645, -1.4375],
					"cubes": [
						{
							"origin": [-0.625, 0, -2.375],
							"size": [1.25, 0.125, 1.875],
							"uv": {
								"north": {"uv": [7, 3], "uv_size": [1.5, 0.5]},
								"east": {"uv": [5, 0], "uv_size": [2, 0.5]},
								"south": {"uv": [7, 4], "uv_size": [1.5, 0.5]},
								"west": {"uv": [4, 5], "uv_size": [2, 0.5]},
								"up": {"uv": [0, 0], "uv_size": [1.5, 2]},
								"down": {"uv": [0, 4], "uv_size": [1.5, -2]}
							}
						},
						{
							"origin": [-0.625, -0.25, -2.375],
							"size": [1.25, 0.25, 1.875],
							"uv": {
								"north": {"uv": [6, 7], "uv_size": [1.5, 0.5]},
								"east": {"uv": [0, 6], "uv_size": [2, 0.5]},
								"south": {"uv": [8, 0], "uv_size": [1.5, 0.5]},
								"west": {"uv": [6, 1], "uv_size": [2, 0.5]},
								"up": {"uv": [0, 2], "uv_size": [1.5, 2]},
								"down": {"uv": [2, 2], "uv_size": [1.5, -2]}
							}
						},
						{
							"origin": [0.625, -0.0625, -1.5625],
							"size": [0.25, 0.125, 0.25],
							"pivot": [0.75, 0, -1.4375],
							"rotation": [0, -45, 0],
							"uv": {
								"north": {"uv": [18, 6], "uv_size": [0.5, 0.5]},
								"east": {"uv": [7, 18], "uv_size": [0.5, 0.5]},
								"south": {"uv": [18, 7], "uv_size": [0.5, 0.5]},
								"west": {"uv": [8, 18], "uv_size": [0.5, 0.5]},
								"up": {"uv": [18, 8], "uv_size": [0.5, 0.5]},
								"down": {"uv": [9, 18.5], "uv_size": [0.5, -0.5]}
							}
						},
						{
							"origin": [0.75, 0.0625, -1.4375],
							"size": [0.125, 0.0625, 0.375],
							"pivot": [0.75, 0.09375, -1.4375],
							"rotation": [0, -5, 0],
							"uv": {
								"north": {"uv": [0, 2], "uv_size": [1.5, 2]},
								"east": {"uv": [18, 9], "uv_size": [0.5, 0.5]},
								"south": {"uv": [0, 2], "uv_size": [1.5, 2]},
								"west": {"uv": [10, 18], "uv_size": [0.5, 0.5]},
								"up": {"uv": [18, 10], "uv_size": [0.5, 0.5]},
								"down": {"uv": [11, 18.5], "uv_size": [0.5, -0.5]}
							}
						},
						{
							"origin": [0.71396, 0.0625, -1.5548],
							"size": [0.125, 0.0625, 0.3125],
							"pivot": [0.77646, 0.09375, -1.3048],
							"rotation": [0, 17.5, 0],
							"uv": {
								"north": {"uv": [18, 11], "uv_size": [0.5, 0.5]},
								"east": {"uv": [12, 18], "uv_size": [0.5, 0.5]},
								"south": {"uv": [0, 2], "uv_size": [1.5, 2]},
								"west": {"uv": [0, 2], "uv_size": [1.5, 2]},
								"up": {"uv": [18, 12], "uv_size": [0.5, 0.5]},
								"down": {"uv": [0, 4], "uv_size": [1.5, -2]}
							}
						},
						{
							"origin": [0.71396, -0.125, -1.5548],
							"size": [0.125, 0.0625, 0.3125],
							"pivot": [0.77646, 0.09375, -1.3048],
							"rotation": [0, 17.5, 0],
							"uv": {
								"north": {"uv": [13, 18], "uv_size": [0.5, 0.5]},
								"east": {"uv": [18, 13], "uv_size": [0.5, 0.5]},
								"south": {"uv": [0, 2], "uv_size": [1.5, 2]},
								"west": {"uv": [0, 2], "uv_size": [1.5, 2]},
								"up": {"uv": [0, 2], "uv_size": [1.5, 2]},
								"down": {"uv": [14, 18.5], "uv_size": [0.5, -0.5]}
							}
						},
						{
							"origin": [0.75, -0.125, -1.4375],
							"size": [0.125, 0.0625, 0.375],
							"pivot": [0.75, -0.09375, -1.4375],
							"rotation": [0, -5, 0],
							"uv": {
								"north": {"uv": [0, 2], "uv_size": [1.5, 2]},
								"east": {"uv": [18, 14], "uv_size": [0.5, 0.5]},
								"south": {"uv": [0, 2], "uv_size": [1.5, 2]},
								"west": {"uv": [15, 18], "uv_size": [0.5, 0.5]},
								"up": {"uv": [18, 15], "uv_size": [0.5, 0.5]},
								"down": {"uv": [16, 18.5], "uv_size": [0.5, -0.5]}
							}
						},
						{
							"origin": [0.64362, 0.0625, -1.51934],
							"size": [0.125, 0.0625, 0.17678],
							"pivot": [0.70612, 0, -1.53006],
							"rotation": [0, 40, 0],
							"uv": {
								"north": {"uv": [0, 2], "uv_size": [1.5, 2]},
								"east": {"uv": [0, 2], "uv_size": [1.5, 2]},
								"south": {"uv": [0, 2], "uv_size": [1.5, 2]},
								"west": {"uv": [18, 16], "uv_size": [0.5, 0.5]},
								"up": {"uv": [17, 18], "uv_size": [0.5, 0.5]},
								"down": {"uv": [0, 4], "uv_size": [1.5, -2]}
							}
						},
						{
							"origin": [0.64362, -0.125, -1.51934],
							"size": [0.125, 0.0625, 0.17678],
							"pivot": [0.70612, 0, -1.53006],
							"rotation": [0, 40, 0],
							"uv": {
								"north": {"uv": [0, 2], "uv_size": [1.5, 2]},
								"east": {"uv": [0, 2], "uv_size": [1.5, 2]},
								"south": {"uv": [0, 2], "uv_size": [1.5, 2]},
								"west": {"uv": [18, 17], "uv_size": [0.5, 0.5]},
								"up": {"uv": [0, 2], "uv_size": [1.5, 2]},
								"down": {"uv": [18, 18.5], "uv_size": [0.5, -0.5]}
							}
						},
						{
							"origin": [0.75, -0.125, -1.0625],
							"size": [0.125, 0.25, 0.5],
							"pivot": [0.75, -0.09375, -1.4375],
							"rotation": [0, -5, 0],
							"uv": {
								"north": {"uv": [0, 19], "uv_size": [0.5, 0.5]},
								"east": {"uv": [19, 0], "uv_size": [0.5, 0.5]},
								"south": {"uv": [0, 2], "uv_size": [1.5, 2]},
								"west": {"uv": [1, 19], "uv_size": [0.5, 0.5]},
								"up": {"uv": [19, 1], "uv_size": [0.5, 0.5]},
								"down": {"uv": [2, 19.5], "uv_size": [0.5, -0.5]}
							}
						},
						{
							"origin": [0.54877, -0.125, -0.59893],
							"size": [0.125, 0.25, 0.25],
							"pivot": [0.61127, 0.09375, -0.22393],
							"rotation": [0, -20, 0],
							"uv": {
								"north": {"uv": [0, 2], "uv_size": [1.5, 2]},
								"east": {"uv": [19, 2], "uv_size": [0.5, 0.5]},
								"south": {"uv": [3, 19], "uv_size": [0.5, 0.5]},
								"west": {"uv": [19, 3], "uv_size": [0.5, 0.5]},
								"up": {"uv": [4, 19], "uv_size": [0.5, 0.5]},
								"down": {"uv": [19, 4.5], "uv_size": [0.5, -0.5]}
							}
						},
						{
							"origin": [0.5, -0.0625, -1.5625],
							"size": [0.25, 0.125, 0.25],
							"uv": {
								"north": {"uv": [5, 19], "uv_size": [0.5, 0.5]},
								"east": {"uv": [0, 2], "uv_size": [1.5, 2]},
								"south": {"uv": [19, 5], "uv_size": [0.5, 0.5]},
								"west": {"uv": [0, 2], "uv_size": [1.5, 2]},
								"up": {"uv": [6, 19], "uv_size": [0.5, 0.5]},
								"down": {"uv": [19, 6.5], "uv_size": [0.5, -0.5]}
							}
						},
						{
							"origin": [0.375, 0.125, -2.375],
							"size": [0.25, 0.625, 1.875],
							"uv": {
								"north": {"uv": [7, 19], "uv_size": [0.5, 0.5]},
								"east": {"uv": [6, 2], "uv_size": [2, 0.5]},
								"south": {"uv": [19, 7], "uv_size": [0.5, 0.5]},
								"west": {"uv": [3, 6], "uv_size": [2, 0.5]},
								"up": {"uv": [0, 2], "uv_size": [1.5, 2]},
								"down": {"uv": [0, 4], "uv_size": [1.5, -2]}
							}
						},
						{
							"origin": [0.36742, 0.05936, -1.8125],
							"size": [0.125, 0.125, 0.75],
							"pivot": [0.49242, 0.37186, -1.4375],
							"rotation": [0, 0, -45],
							"uv": {
								"north": {"uv": [8, 19], "uv_size": [0.5, 0.5]},
								"east": {"uv": [0, 2], "uv_size": [1.5, 2]},
								"south": {"uv": [19, 8], "uv_size": [0.5, 0.5]},
								"west": {"uv": [3, 11], "uv_size": [1, 0.5]},
								"up": {"uv": [0, 2], "uv_size": [1.5, 2]},
								"down": {"uv": [11, 4], "uv_size": [0.5, -1]}
							}
						},
						{
							"origin": [0.36742, -0.25314, -1.8125],
							"size": [0.125, 0.125, 0.75],
							"pivot": [0.49242, 0.05936, -1.4375],
							"rotation": [0, 0, -45],
							"uv": {
								"north": {"uv": [9, 19], "uv_size": [0.5, 0.5]},
								"east": {"uv": [0, 2], "uv_size": [1.5, 2]},
								"south": {"uv": [19, 9], "uv_size": [0.5, 0.5]},
								"west": {"uv": [4, 11], "uv_size": [1, 0.5]},
								"up": {"uv": [0, 2], "uv_size": [1.5, 2]},
								"down": {"uv": [11, 5], "uv_size": [0.5, -1]}
							}
						},
						{
							"origin": [0, -0.125, -2.374],
							"size": [0.25, 0.25, 1.873],
							"pivot": [0.125, 0.375, -1.4375],
							"rotation": [0, 0, -45],
							"uv": {
								"north": {"uv": [10, 19], "uv_size": [0.5, 0.5]},
								"east": {"uv": [0, 2], "uv_size": [1.5, 2]},
								"south": {"uv": [19, 10], "uv_size": [0.5, 0.5]},
								"west": {"uv": [0, 2], "uv_size": [1.5, 2]},
								"up": {"uv": [6, 3], "uv_size": [0.5, 2]},
								"down": {"uv": [0, 4], "uv_size": [1.5, -2]}
							}
						},
						{
							"origin": [-0.25, -0.125, -2.374],
							"size": [0.25, 0.25, 1.873],
							"pivot": [-0.125, 0.375, -1.4375],
							"rotation": [0, 0, 45],
							"uv": {
								"north": {"uv": [11, 19], "uv_size": [0.5, 0.5]},
								"east": {"uv": [0, 2], "uv_size": [1.5, 2]},
								"south": {"uv": [19, 11], "uv_size": [0.5, 0.5]},
								"west": {"uv": [0, 2], "uv_size": [1.5, 2]},
								"up": {"uv": [5, 6], "uv_size": [0.5, 2]},
								"down": {"uv": [0, 4], "uv_size": [1.5, -2]}
							}
						},
						{
							"origin": [-0.625, 0.125, -2.375],
							"size": [0.25, 0.625, 1.875],
							"uv": {
								"north": {"uv": [12, 19], "uv_size": [0.5, 0.5]},
								"east": {"uv": [6, 5], "uv_size": [2, 0.5]},
								"south": {"uv": [19, 12], "uv_size": [0.5, 0.5]},
								"west": {"uv": [6, 6], "uv_size": [2, 0.5]},
								"up": {"uv": [0, 2], "uv_size": [1.5, 2]},
								"down": {"uv": [0, 4], "uv_size": [1.5, -2]}
							}
						},
						{
							"origin": [-0.75, -0.125, -1.53125],
							"size": [0.25, 0.1875, 0.1875],
							"pivot": [-0.625, -0.03125, -1.4375],
							"rotation": [45, 0, 0],
							"uv": {
								"north": {"uv": [13, 19], "uv_size": [0.5, 0.5]},
								"east": {"uv": [19, 13], "uv_size": [0.5, 0.5]},
								"south": {"uv": [14, 19], "uv_size": [0.5, 0.5]},
								"west": {"uv": [0, 2], "uv_size": [1.5, 2]},
								"up": {"uv": [19, 14], "uv_size": [0.5, 0.5]},
								"down": {"uv": [15, 19.5], "uv_size": [0.5, -0.5]}
							}
						},
						{
							"origin": [-0.375, 0.84375, -2.375],
							"size": [0.75, 0.15625, 1.875],
							"uv": {
								"north": {"uv": [5, 11], "uv_size": [1, 0.5]},
								"east": {"uv": [0, 2], "uv_size": [1.5, 2]},
								"south": {"uv": [11, 5], "uv_size": [1, 0.5]},
								"west": {"uv": [0, 2], "uv_size": [1.5, 2]},
								"up": {"uv": [2, 2], "uv_size": [1, 2]},
								"down": {"uv": [3, 4], "uv_size": [1, -2]}
							}
						},
						{
							"origin": [-0.53033, 0.58395, -2.374],
							"size": [0.35355, 0.1875, 1.873],
							"pivot": [-0.55178, 0.64645, -1.4375],
							"rotation": [0, 0, -45],
							"uv": {
								"north": {"uv": [19, 15], "uv_size": [0.5, 0.5]},
								"east": {"uv": [0, 2], "uv_size": [1.5, 2]},
								"south": {"uv": [16, 19], "uv_size": [0.5, 0.5]},
								"west": {"uv": [0, 2], "uv_size": [1.5, 2]},
								"up": {"uv": [0, 7], "uv_size": [0.5, 2]},
								"down": {"uv": [1, 9], "uv_size": [0.5, -2]}
							}
						},
						{
							"origin": [0.17678, 0.58395, -2.374],
							"size": [0.35355, 0.1875, 1.873],
							"pivot": [0.55178, 0.64645, -1.4375],
							"rotation": [0, 0, 45],
							"uv": {
								"north": {"uv": [19, 16], "uv_size": [0.5, 0.5]},
								"east": {"uv": [0, 2], "uv_size": [1.5, 2]},
								"south": {"uv": [17, 19], "uv_size": [0.5, 0.5]},
								"west": {"uv": [0, 2], "uv_size": [1.5, 2]},
								"up": {"uv": [2, 7], "uv_size": [0.5, 2]},
								"down": {"uv": [3, 9], "uv_size": [0.5, -2]}
							}
						}
					]
				},
				{
					"name": "division",
					"pivot": [0, 1, 0]
				},
				{
					"name": "division_illuminated",
					"parent": "division",
					"pivot": [0, 1.75125, -55.3],
					"cubes": [
						{
							"origin": [-0.25, 1.43874, -20],
							"size": [0.5, 0.5, 0.3],
							"pivot": [0, 1.68875, -19.85],
							"rotation": [0, 0, -45],
							"uv": {
								"south": {"uv": [19.5, 0], "uv_size": [3, 3]}
							}
						}
					]
				},
				{
					"name": "ocular",
					"pivot": [0, 3.60938, -0.6],
					"cubes": [
						{
							"origin": [-0.54826, 1.07114, -1.794],
							"size": [1.10901, 1.21241, 0.02463],
							"uv": {
								"south": {"uv": [7, 0], "uv_size": [1, 1]}
							}
						}
					]
				}
			]
		}
	]
}