{
	"format_version": "1.12.0",
	"minecraft:geometry": [
		{
			"description": {
				"identifier": "geometry.stock_tactical_ar",
				"texture_width": 32,
				"texture_height": 32,
				"visible_bounds_width": 3,
				"visible_bounds_height": 2,
				"visible_bounds_offset": [0, 0, 0]
			},
			"bones": [
				{
					"name": "stock",
					"pivot": [0, 0.17312, 2.54633],
					"cubes": [
						{
							"origin": [-2.00156, -0.26355, 0.00255],
							"size": [0.66861, 0.46119, 6.81188],
							"pivot": [0, -2.2767, 2.34669],
							"rotation": [0, 0, 45],
							"uv": {
								"north": {"uv": [19, 22], "uv_size": [0.5, 0.5]},
								"south": {"uv": [22, 19], "uv_size": [0.5, 0.5]},
								"up": {"uv": [8, 0], "uv_size": [0.5, 7]}
							}
						},
						{
							"origin": [-0.33431, 0.3694, 0.00255],
							"size": [0.66861, 0.51884, 6.81188],
							"uv": {
								"north": {"uv": [20, 22], "uv_size": [0.5, 0.5]},
								"up": {"uv": [8, 7], "uv_size": [0.5, 7]},
								"down": {"uv": [9, 7], "uv_size": [0.5, -7]}
							}
						},
						{
							"origin": [-2.47435, -0.94375, 0.00255],
							"size": [0.46119, 0.66861, 6.81188],
							"pivot": [-0.00001, -2.2767, 2.34669],
							"rotation": [0, 0, 45],
							"uv": {
								"north": {"uv": [22, 20], "uv_size": [0.5, 0.5]},
								"east": {"uv": [9, 7], "uv_size": [7, 0.5]}
							}
						},
						{
							"origin": [-0.80708, -0.02256, 0.00255],
							"size": [1.61416, 0.43802, 6.81188],
							"uv": {
								"north": {"uv": [12, 19], "uv_size": [1.5, 0.5]},
								"east": {"uv": [9, 8], "uv_size": [7, 0.5]},
								"west": {"uv": [9, 9], "uv_size": [7, 0.5]},
								"down": {"uv": [6, 7], "uv_size": [1.5, -7]}
							}
						},
						{
							"origin": [0.11855, -0.63472, 0.00255],
							"size": [0.45962, 0.74943, 1.65234],
							"pivot": [0, -2.27671, 4.45086],
							"rotation": [0, 0, -22.5],
							"uv": {
								"north": {"uv": [21, 22], "uv_size": [0.5, 0.5]},
								"east": {"uv": [19, 13], "uv_size": [1.5, 0.5]},
								"south": {"uv": [22, 21], "uv_size": [0.5, 0.5]}
							}
						},
						{
							"origin": [-0.57817, -0.63472, 0.00255],
							"size": [0.45962, 0.74943, 1.65234],
							"pivot": [0, -2.27671, 4.45086],
							"rotation": [0, 0, 22.5],
							"uv": {
								"north": {"uv": [22, 22], "uv_size": [0.5, 0.5]},
								"south": {"uv": [0, 23], "uv_size": [0.5, 0.5]},
								"west": {"uv": [19, 14], "uv_size": [1.5, 0.5]}
							}
						},
						{
							"origin": [-0.80708, -1.69019, -0.55779],
							"size": [1.61416, 0.46119, 1.21062],
							"pivot": [0, -2.27671, 3.92211],
							"rotation": [-22.5, 0, 0],
							"uv": {
								"east": {"uv": [1, 20], "uv_size": [1, 0.5]},
								"west": {"uv": [2, 20], "uv_size": [1, 0.5]},
								"down": {"uv": [16, 9], "uv_size": [1.5, -1]}
							}
						},
						{
							"origin": [-1.81561, -0.71434, 0.89841],
							"size": [0.28824, 0.46119, 0.74943],
							"pivot": [0, -2.27671, 3.92211],
							"rotation": [0, -22.5, 0],
							"uv": {
								"north": {"uv": [23, 0], "uv_size": [0.5, 0.5]},
								"east": {"uv": [1, 23], "uv_size": [0.5, 0.5]},
								"up": {"uv": [23, 1], "uv_size": [0.5, 0.5]},
								"down": {"uv": [2, 23.5], "uv_size": [0.5, -0.5]}
							}
						},
						{
							"origin": [-0.51884, -0.71434, 0.00255],
							"size": [1.03767, 0.69178, 1.65234],
							"uv": {
								"north": {"uv": [3, 20], "uv_size": [1, 0.5]},
								"east": {"uv": [15, 19], "uv_size": [1.5, 0.5]},
								"west": {"uv": [19, 15], "uv_size": [1.5, 0.5]},
								"down": {"uv": [5, 17.5], "uv_size": [1, -1.5]}
							}
						},
						{
							"origin": [-0.80708, -0.71434, 1.12616],
							"size": [1.61416, 0.69178, 5.68828],
							"uv": {
								"east": {"uv": [11, 5], "uv_size": [5.5, 0.5]},
								"west": {"uv": [12, 2], "uv_size": [5.5, 0.5]},
								"down": {"uv": [2, 11.5], "uv_size": [1.5, -5.5]}
							}
						},
						{
							"origin": [1.52737, -0.71434, 0.89841],
							"size": [0.28824, 0.46119, 0.74943],
							"pivot": [0, -2.27671, 3.92211],
							"rotation": [0, 22.5, 0],
							"uv": {
								"north": {"uv": [23, 2], "uv_size": [0.5, 0.5]},
								"west": {"uv": [3, 23], "uv_size": [0.5, 0.5]},
								"up": {"uv": [23, 3], "uv_size": [0.5, 0.5]},
								"down": {"uv": [4, 23.5], "uv_size": [0.5, -0.5]}
							}
						},
						{
							"origin": [-0.28824, -1.17553, 2.40433],
							"size": [0.57648, 0.46119, 5.01541],
							"uv": {
								"east": {"uv": [12, 11], "uv_size": [5, 0.5]},
								"west": {"uv": [12, 12], "uv_size": [5, 0.5]}
							}
						},
						{
							"origin": [-0.32029, -1.19368, 0.00255],
							"size": [0.64057, 0.47934, 2.40177],
							"uv": {
								"north": {"uv": [23, 4], "uv_size": [0.5, 0.5]},
								"east": {"uv": [18, 2], "uv_size": [2.5, 0.5]},
								"south": {"uv": [5, 23], "uv_size": [0.5, 0.5]},
								"west": {"uv": [3, 18], "uv_size": [2.5, 0.5]},
								"down": {"uv": [18, 5.5], "uv_size": [0.5, -2.5]}
							}
						},
						{
							"origin": [-0.57817, -1.15356, 0.00255],
							"size": [0.45962, 0.51884, 6.81059],
							"pivot": [0, -2.27671, 3.95148],
							"rotation": [0, 0, 22.5],
							"uv": {
								"north": {"uv": [23, 5], "uv_size": [0.5, 0.5]},
								"south": {"uv": [6, 23], "uv_size": [0.5, 0.5]},
								"west": {"uv": [10, 0], "uv_size": [7, 0.5]}
							}
						},
						{
							"origin": [0.11855, -1.15356, 0.00255],
							"size": [0.45962, 0.51884, 6.81059],
							"pivot": [0, -2.27671, 3.95148],
							"rotation": [0, 0, -22.5],
							"uv": {
								"north": {"uv": [23, 6], "uv_size": [0.5, 0.5]},
								"east": {"uv": [10, 1], "uv_size": [7, 0.5]},
								"south": {"uv": [7, 23], "uv_size": [0.5, 0.5]}
							}
						},
						{
							"origin": [-1.34354, -1.14212, 1.12616],
							"size": [0.51884, 0.23059, 5.68828],
							"pivot": [0, -2.27671, 3.26906],
							"rotation": [0, 0, 22.5],
							"uv": {
								"north": {"uv": [23, 7], "uv_size": [0.5, 0.5]},
								"south": {"uv": [8, 23], "uv_size": [0.5, 0.5]},
								"west": {"uv": [12, 3], "uv_size": [5.5, 0.5]},
								"down": {"uv": [0, 17.5], "uv_size": [0.5, -5.5]}
							}
						},
						{
							"origin": [0.8247, -1.14212, 1.12616],
							"size": [0.51884, 0.23059, 5.68828],
							"pivot": [0, -2.27671, 3.26906],
							"rotation": [0, 0, -22.5],
							"uv": {
								"north": {"uv": [23, 8], "uv_size": [0.5, 0.5]},
								"east": {"uv": [12, 4], "uv_size": [5.5, 0.5]},
								"south": {"uv": [9, 23], "uv_size": [0.5, 0.5]},
								"down": {"uv": [1, 17.5], "uv_size": [0.5, -5.5]}
							}
						}
					]
				},
				{
					"name": "group22",
					"parent": "stock",
					"pivot": [0.38665, -4.31461, 11.80103],
					"cubes": [
						{
							"origin": [-0.97713, -5.09286, 6.78562],
							"size": [1.95427, 5.56597, 0.66296],
							"uv": {
								"north": {"uv": [0, 0], "uv_size": [2, 5.5]},
								"east": {"uv": [2, 12], "uv_size": [0.5, 5.5]},
								"south": {"uv": [2, 0], "uv_size": [2, 5.5]},
								"west": {"uv": [3, 12], "uv_size": [0.5, 5.5]},
								"up": {"uv": [18, 11], "uv_size": [2, 0.5]},
								"down": {"uv": [18, 12.5], "uv_size": [2, -0.5]}
							}
						},
						{
							"origin": [-0.91948, -5.09286, 7.44858],
							"size": [1.83897, 5.56597, 0.66296],
							"uv": {
								"north": {"uv": [4, 0], "uv_size": [2, 5.5]},
								"east": {"uv": [6, 12], "uv_size": [0.5, 5.5]},
								"south": {"uv": [0, 6], "uv_size": [2, 5.5]},
								"west": {"uv": [7, 12], "uv_size": [0.5, 5.5]},
								"up": {"uv": [16, 18], "uv_size": [2, 0.5]},
								"down": {"uv": [18, 18.5], "uv_size": [2, -0.5]}
							}
						},
						{
							"origin": [-0.46119, -5.60881, 6.78562],
							"size": [0.92238, 0.51884, 0.66296],
							"uv": {
								"north": {"uv": [20, 3], "uv_size": [1, 0.5]},
								"south": {"uv": [4, 20], "uv_size": [1, 0.5]},
								"down": {"uv": [20, 4.5], "uv_size": [1, -0.5]}
							}
						},
						{
							"origin": [-0.4443, -5.56804, 7.44858],
							"size": [0.88861, 0.50195, 0.66296],
							"uv": {
								"north": {"uv": [5, 20], "uv_size": [1, 0.5]},
								"south": {"uv": [20, 7], "uv_size": [1, 0.5]},
								"down": {"uv": [8, 20.5], "uv_size": [1, -0.5]}
							}
						},
						{
							"origin": [-0.46119, 0.47021, 6.78562],
							"size": [0.92238, 0.51884, 0.66296],
							"pivot": [0, 0.72963, 7.04503],
							"rotation": [0, 0, -180],
							"uv": {
								"north": {"uv": [9, 20], "uv_size": [1, 0.5]},
								"south": {"uv": [20, 9], "uv_size": [1, 0.5]},
								"down": {"uv": [20, 11.5], "uv_size": [1, -0.5]}
							}
						},
						{
							"origin": [-0.53283, 0.38869, 7.44858],
							"size": [0.97014, 0.44072, 0.66296],
							"pivot": [-0.02388, 0.6481, 7.70799],
							"rotation": [0, 0, -180],
							"uv": {
								"north": {"uv": [12, 20], "uv_size": [1, 0.5]},
								"south": {"uv": [20, 12], "uv_size": [1, 0.5]},
								"down": {"uv": [13, 20.5], "uv_size": [1, -0.5]}
							}
						},
						{
							"origin": [1.11695, -5.03495, 6.78562],
							"size": [0.72965, 0.48507, 0.66296],
							"pivot": [0, -2.53612, 3.70143],
							"rotation": [0, 0, 45],
							"uv": {
								"north": {"uv": [23, 9], "uv_size": [0.5, 0.5]},
								"south": {"uv": [10, 23], "uv_size": [0.5, 0.5]},
								"down": {"uv": [23, 10.5], "uv_size": [0.5, -0.5]}
							}
						},
						{
							"origin": [-1.8466, -5.03495, 6.78562],
							"size": [0.72965, 0.48507, 0.66296],
							"pivot": [0, -2.53612, 3.70143],
							"rotation": [0, 0, -45],
							"uv": {
								"north": {"uv": [11, 23], "uv_size": [0.5, 0.5]},
								"south": {"uv": [23, 11], "uv_size": [0.5, 0.5]},
								"down": {"uv": [12, 23.5], "uv_size": [0.5, -0.5]}
							}
						},
						{
							"origin": [-0.91249, 0.31705, 6.78562],
							"size": [0.72965, 0.48507, 0.66296],
							"pivot": [-0.54766, 0.55958, 7.04503],
							"rotation": [0, 0, 135],
							"uv": {
								"north": {"uv": [23, 12], "uv_size": [0.5, 0.5]},
								"south": {"uv": [13, 23], "uv_size": [0.5, 0.5]},
								"down": {"uv": [23, 13.5], "uv_size": [0.5, -0.5]}
							}
						},
						{
							"origin": [0.12519, 0.31705, 7.44858],
							"size": [0.61436, 0.48507, 0.66296],
							"inflate": 0.0001,
							"pivot": [0.49002, 0.55958, 7.70799],
							"rotation": [0, 0, -135],
							"uv": {
								"north": {"uv": [14, 23], "uv_size": [0.5, 0.5]},
								"south": {"uv": [23, 14], "uv_size": [0.5, 0.5]},
								"down": {"uv": [15, 23.5], "uv_size": [0.5, -0.5]}
							}
						},
						{
							"origin": [-0.73955, 0.31705, 7.44858],
							"size": [0.61436, 0.48507, 0.66296],
							"inflate": 0.0001,
							"pivot": [-0.49002, 0.55958, 7.70799],
							"rotation": [0, 0, 135],
							"uv": {
								"north": {"uv": [23, 15], "uv_size": [0.5, 0.5]},
								"south": {"uv": [16, 23], "uv_size": [0.5, 0.5]},
								"down": {"uv": [23, 16.5], "uv_size": [0.5, -0.5]}
							}
						},
						{
							"origin": [-0.83796, -5.38111, 7.44858],
							"size": [0.67201, 0.48507, 0.66296],
							"pivot": [-0.53078, -5.13857, 7.78005],
							"rotation": [0, 0, 45],
							"uv": {
								"north": {"uv": [17, 23], "uv_size": [0.5, 0.5]},
								"south": {"uv": [23, 17], "uv_size": [0.5, 0.5]},
								"down": {"uv": [18, 23.5], "uv_size": [0.5, -0.5]}
							}
						},
						{
							"origin": [0.16595, -5.38111, 7.44858],
							"size": [0.67201, 0.48507, 0.66296],
							"pivot": [0.53078, -5.13857, 7.78005],
							"rotation": [0, 0, -45],
							"uv": {
								"north": {"uv": [23, 18], "uv_size": [0.5, 0.5]},
								"south": {"uv": [19, 23], "uv_size": [0.5, 0.5]},
								"down": {"uv": [23, 19.5], "uv_size": [0.5, -0.5]}
							}
						},
						{
							"origin": [0.18284, 0.31705, 6.78562],
							"size": [0.72965, 0.48507, 0.66296],
							"pivot": [0.54766, 0.55958, 7.04503],
							"rotation": [0, 0, -135],
							"uv": {
								"north": {"uv": [20, 23], "uv_size": [0.5, 0.5]},
								"south": {"uv": [23, 20], "uv_size": [0.5, 0.5]},
								"down": {"uv": [21, 23.5], "uv_size": [0.5, -0.5]}
							}
						}
					]
				},
				{
					"name": "group23",
					"parent": "stock",
					"pivot": [0.05765, -3.95424, 8.80331],
					"cubes": [
						{
							"origin": [-0.40354, -3.67864, 3.20996],
							"size": [0.80708, 0.24292, 2.79581],
							"uv": {
								"north": {"uv": [14, 20], "uv_size": [1, 0.5]},
								"east": {"uv": [16, 9], "uv_size": [3, 0.5]},
								"south": {"uv": [15, 20], "uv_size": [1, 0.5]},
								"west": {"uv": [16, 15], "uv_size": [3, 0.5]},
								"up": {"uv": [11, 2], "uv_size": [1, 3]},
								"down": {"uv": [10, 14], "uv_size": [1, -3]}
							}
						},
						{
							"origin": [-0.40354, -4.19183, 3.05172],
							"size": [0.80708, 0.21988, 3.64074],
							"uv": {
								"north": {"uv": [16, 20], "uv_size": [1, 0.5]},
								"east": {"uv": [16, 7], "uv_size": [3.5, 0.5]},
								"west": {"uv": [8, 16], "uv_size": [3.5, 0.5]},
								"up": {"uv": [10, 2], "uv_size": [1, 3.5]},
								"down": {"uv": [9, 13.5], "uv_size": [1, -3.5]}
							}
						},
						{
							"origin": [-0.40354, -3.55893, 1.15483],
							"size": [0.80708, 0.23682, 4.74399],
							"pivot": [0, -3.14916, 2.21545],
							"rotation": [-35, 0, 0],
							"uv": {
								"east": {"uv": [14, 13], "uv_size": [4.5, 0.5]},
								"west": {"uv": [14, 14], "uv_size": [4.5, 0.5]},
								"up": {"uv": [6, 7], "uv_size": [1, 4.5]},
								"down": {"uv": [7, 11.5], "uv_size": [1, -4.5]}
							}
						},
						{
							"origin": [-0.40354, -1.77526, -0.18824],
							"size": [0.80708, 0.16994, 0.99627],
							"pivot": [0, -1.66653, 0.40611],
							"rotation": [-62.5, 0, 0],
							"uv": {
								"east": {"uv": [20, 16], "uv_size": [1, 0.5]},
								"west": {"uv": [20, 17], "uv_size": [1, 0.5]},
								"up": {"uv": [0, 19], "uv_size": [1, 1]},
								"down": {"uv": [1, 20], "uv_size": [1, -1]}
							}
						},
						{
							"origin": [-0.40354, -4.88795, 0.82216],
							"size": [0.80708, 0.23993, 1.01245],
							"pivot": [0, -3.14916, 3.51254],
							"rotation": [-52.5, 0, 0],
							"uv": {
								"east": {"uv": [20, 18], "uv_size": [1, 0.5]},
								"west": {"uv": [20, 19], "uv_size": [1, 0.5]},
								"up": {"uv": [2, 19], "uv_size": [1, 1]},
								"down": {"uv": [3, 20], "uv_size": [1, -1]}
							}
						},
						{
							"origin": [-0.40354, -4.88795, 1.11041],
							"size": [0.80708, 0.23993, 0.8395],
							"pivot": [0, -3.14916, 3.80078],
							"rotation": [-52.5, 0, 0],
							"uv": {
								"east": {"uv": [20, 20], "uv_size": [1, 0.5]},
								"west": {"uv": [21, 0], "uv_size": [1, 0.5]},
								"up": {"uv": [19, 3], "uv_size": [1, 1]},
								"down": {"uv": [4, 20], "uv_size": [1, -1]}
							}
						},
						{
							"origin": [-0.40354, -2.88556, 1.14682],
							"size": [0.80708, 0.64347, 0.37831],
							"uv": {
								"north": {"uv": [1, 21], "uv_size": [1, 0.5]},
								"east": {"uv": [23, 21], "uv_size": [0.5, 0.5]},
								"south": {"uv": [21, 1], "uv_size": [1, 0.5]},
								"west": {"uv": [22, 23], "uv_size": [0.5, 0.5]},
								"up": {"uv": [2, 21], "uv_size": [1, 0.5]},
								"down": {"uv": [21, 2.5], "uv_size": [1, -0.5]}
							}
						},
						{
							"origin": [-0.40354, -4.88795, 1.27365],
							"size": [0.80708, 0.23993, 0.47449],
							"pivot": [0, -3.14916, 4.08902],
							"rotation": [-52.5, 0, 0],
							"uv": {
								"east": {"uv": [23, 22], "uv_size": [0.5, 0.5]},
								"west": {"uv": [23, 23], "uv_size": [0.5, 0.5]},
								"up": {"uv": [3, 21], "uv_size": [1, 0.5]},
								"down": {"uv": [21, 3.5], "uv_size": [1, -0.5]}
							}
						},
						{
							"origin": [-0.40354, -3.69048, 0.55465],
							"size": [0.80708, 0.23273, 2.53965],
							"pivot": [0, -3.86128, 3.19206],
							"rotation": [-35, 0, 0],
							"uv": {
								"east": {"uv": [18, 6], "uv_size": [2.5, 0.5]},
								"west": {"uv": [18, 8], "uv_size": [2.5, 0.5]},
								"up": {"uv": [4, 13], "uv_size": [1, 2.5]},
								"down": {"uv": [5, 15.5], "uv_size": [1, -2.5]}
							}
						},
						{
							"origin": [-0.17295, -3.40858, 0.70494],
							"size": [0.34589, 0.63413, 4.23441],
							"pivot": [0, -3.14916, 2.21545],
							"rotation": [-35, 0, 0],
							"uv": {
								"east": {"uv": [8, 14], "uv_size": [4, 0.5]},
								"south": {"uv": [0, 24], "uv_size": [0.5, 0.5]},
								"west": {"uv": [8, 15], "uv_size": [4, 0.5]}
							}
						},
						{
							"origin": [-0.40354, -3.22253, 6.23129],
							"size": [0.80708, 0.93309, 0.23059],
							"uv": {
								"north": {"uv": [19, 4], "uv_size": [1, 1]},
								"east": {"uv": [4, 21], "uv_size": [0.5, 1]},
								"south": {"uv": [5, 19], "uv_size": [1, 1]},
								"west": {"uv": [21, 4], "uv_size": [0.5, 1]},
								"down": {"uv": [5, 21.5], "uv_size": [1, -0.5]}
							}
						},
						{
							"origin": [-0.40354, -3.72041, 6.12549],
							"size": [0.80708, 0.64504, 0.24948],
							"pivot": [0, -3.25386, 6.24078],
							"rotation": [-45, 0, 0],
							"uv": {
								"north": {"uv": [21, 5], "uv_size": [1, 0.5]},
								"east": {"uv": [24, 0], "uv_size": [0.5, 0.5]},
								"south": {"uv": [6, 21], "uv_size": [1, 0.5]},
								"west": {"uv": [1, 24], "uv_size": [0.5, 0.5]},
								"down": {"uv": [21, 6.5], "uv_size": [1, -0.5]}
							}
						},
						{
							"origin": [-0.40354, -2.47457, 6.01493],
							"size": [0.80708, 0.5555, 0.23059],
							"pivot": [0, -2.12084, 6.13022],
							"rotation": [45, 0, 0],
							"uv": {
								"north": {"uv": [7, 21], "uv_size": [1, 0.5]},
								"east": {"uv": [24, 1], "uv_size": [0.5, 0.5]},
								"south": {"uv": [21, 7], "uv_size": [1, 0.5]},
								"west": {"uv": [2, 24], "uv_size": [0.5, 0.5]},
								"down": {"uv": [8, 21.5], "uv_size": [1, -0.5]}
							}
						},
						{
							"origin": [-0.40354, -2.4379, 6.36081],
							"size": [0.80708, 0.63413, 0.28824],
							"pivot": [0, -1.86142, 6.47612],
							"rotation": [45, 0, 0],
							"uv": {
								"north": {"uv": [21, 8], "uv_size": [1, 0.5]},
								"east": {"uv": [24, 2], "uv_size": [0.5, 0.5]},
								"south": {"uv": [9, 21], "uv_size": [1, 0.5]},
								"west": {"uv": [3, 24], "uv_size": [0.5, 0.5]},
								"down": {"uv": [21, 9.5], "uv_size": [1, -0.5]}
							}
						},
						{
							"origin": [-0.40354, -4.19642, 6.69248],
							"size": [0.80708, 2.35376, 0.15079],
							"uv": {
								"north": {"uv": [12, 13], "uv_size": [1, 2.5]},
								"east": {"uv": [6, 18], "uv_size": [0.5, 2.5]},
								"west": {"uv": [7, 18], "uv_size": [0.5, 2.5]}
							}
						},
						{
							"origin": [-0.40354, -0.21557, 4.24877],
							"size": [0.80708, 0.31989, 0.27383],
							"pivot": [0, -2.27671, 3.52848],
							"rotation": [-45, 0, 0],
							"uv": {
								"north": {"uv": [10, 21], "uv_size": [1, 0.5]},
								"east": {"uv": [24, 3], "uv_size": [0.5, 0.5]},
								"south": {"uv": [21, 10], "uv_size": [1, 0.5]},
								"west": {"uv": [4, 24], "uv_size": [0.5, 0.5]}
							}
						},
						{
							"origin": [-0.40354, -0.33197, -1.03158],
							"size": [0.80708, 0.34981, 0.36415],
							"pivot": [0, -2.36318, -1.66154],
							"rotation": [-45, 0, 0],
							"uv": {
								"north": {"uv": [11, 21], "uv_size": [1, 0.5]},
								"east": {"uv": [24, 4], "uv_size": [0.5, 0.5]},
								"south": {"uv": [21, 11], "uv_size": [1, 0.5]},
								"west": {"uv": [5, 24], "uv_size": [0.5, 0.5]}
							}
						},
						{
							"origin": [-0.40354, -0.7344, -0.36476],
							"size": [0.80708, 0.31989, 0.15853],
							"pivot": [0, -2.79554, -1.22917],
							"rotation": [-45, 0, 0],
							"uv": {
								"north": {"uv": [12, 21], "uv_size": [1, 0.5]},
								"east": {"uv": [24, 5], "uv_size": [0.5, 0.5]},
								"south": {"uv": [21, 12], "uv_size": [1, 0.5]},
								"west": {"uv": [6, 24], "uv_size": [0.5, 0.5]}
							}
						},
						{
							"origin": [-0.40354, -1.7648, 5.59716],
							"size": [0.80708, 0.3343, 0.1297],
							"uv": {
								"north": {"uv": [13, 21], "uv_size": [1, 0.5]},
								"east": {"uv": [24, 6], "uv_size": [0.5, 0.5]},
								"south": {"uv": [21, 13], "uv_size": [1, 0.5]},
								"west": {"uv": [7, 24], "uv_size": [0.5, 0.5]},
								"up": {"uv": [14, 21], "uv_size": [1, 0.5]}
							}
						},
						{
							"origin": [-0.40354, -1.96932, 1.04128],
							"size": [0.80708, 0.67653, 0.23225],
							"uv": {
								"north": {"uv": [21, 14], "uv_size": [1, 0.5]},
								"east": {"uv": [24, 7], "uv_size": [0.5, 0.5]},
								"south": {"uv": [15, 21], "uv_size": [1, 0.5]},
								"west": {"uv": [8, 24], "uv_size": [0.5, 0.5]},
								"up": {"uv": [21, 15], "uv_size": [1, 0.5]}
							}
						},
						{
							"origin": [-0.40354, -1.88009, 0.40714],
							"size": [0.80708, 0.59371, 0.1297],
							"uv": {
								"north": {"uv": [16, 21], "uv_size": [1, 0.5]},
								"east": {"uv": [24, 8], "uv_size": [0.5, 0.5]},
								"south": {"uv": [21, 16], "uv_size": [1, 0.5]},
								"west": {"uv": [9, 24], "uv_size": [0.5, 0.5]},
								"up": {"uv": [17, 21], "uv_size": [1, 0.5]}
							}
						},
						{
							"origin": [-0.40354, -0.27322, 5.09907],
							"size": [0.80708, 0.39194, 0.21619],
							"pivot": [0, -2.27671, 3.5573],
							"rotation": [-45, 0, 0],
							"uv": {
								"north": {"uv": [21, 17], "uv_size": [1, 0.5]},
								"east": {"uv": [24, 9], "uv_size": [0.5, 0.5]},
								"south": {"uv": [18, 21], "uv_size": [1, 0.5]},
								"west": {"uv": [10, 24], "uv_size": [0.5, 0.5]}
							}
						},
						{
							"origin": [-0.40354, -0.45196, 4.62928],
							"size": [0.80708, 0.12971, 0.4496],
							"pivot": [0, -2.27671, 3.52848],
							"rotation": [-45, 0, 0],
							"uv": {
								"east": {"uv": [24, 10], "uv_size": [0.5, 0.5]},
								"south": {"uv": [21, 18], "uv_size": [1, 0.5]},
								"west": {"uv": [11, 24], "uv_size": [0.5, 0.5]},
								"up": {"uv": [19, 21], "uv_size": [1, 0.5]},
								"down": {"uv": [21, 19.5], "uv_size": [1, -0.5]}
							}
						},
						{
							"origin": [-0.40354, -2.00119, 5.88257],
							"size": [0.80708, 0.12971, 0.34871],
							"uv": {
								"east": {"uv": [24, 11], "uv_size": [0.5, 0.5]},
								"south": {"uv": [20, 21], "uv_size": [1, 0.5]},
								"west": {"uv": [12, 24], "uv_size": [0.5, 0.5]},
								"up": {"uv": [21, 20], "uv_size": [1, 0.5]}
							}
						},
						{
							"origin": [-0.40354, 0.22541, 4.70134],
							"size": [0.80708, 0.14412, 0.24783],
							"pivot": [0, -2.27671, 3.5573],
							"rotation": [-45, 0, 0],
							"uv": {
								"east": {"uv": [24, 12], "uv_size": [0.5, 0.5]},
								"west": {"uv": [13, 24], "uv_size": [0.5, 0.5]},
								"down": {"uv": [21, 21.5], "uv_size": [1, -0.5]}
							}
						},
						{
							"origin": [-0.40354, 0.13894, -0.54632],
							"size": [0.80708, 0.14412, 0.24783],
							"pivot": [0, -2.36318, -1.69036],
							"rotation": [-45, 0, 0],
							"uv": {
								"east": {"uv": [24, 13], "uv_size": [0.5, 0.5]},
								"west": {"uv": [14, 24], "uv_size": [0.5, 0.5]},
								"down": {"uv": [0, 22.5], "uv_size": [1, -0.5]}
							}
						},
						{
							"origin": [-0.40354, -0.29342, -1.00751],
							"size": [0.80708, 0.14412, 0.24783],
							"pivot": [0, -2.79554, -2.15155],
							"rotation": [-45, 0, 0],
							"uv": {
								"north": {"uv": [22, 0], "uv_size": [1, 0.5]},
								"east": {"uv": [24, 14], "uv_size": [0.5, 0.5]},
								"south": {"uv": [1, 22], "uv_size": [1, 0.5]},
								"west": {"uv": [15, 24], "uv_size": [0.5, 0.5]},
								"up": {"uv": [22, 1], "uv_size": [1, 0.5]},
								"down": {"uv": [2, 22.5], "uv_size": [1, -0.5]}
							}
						},
						{
							"origin": [-0.40354, -1.41029, 0.52824],
							"size": [0.80708, 0.12688, 0.65716],
							"uv": {
								"north": {"uv": [22, 2], "uv_size": [1, 0.5]},
								"east": {"uv": [24, 15], "uv_size": [0.5, 0.5]},
								"west": {"uv": [16, 24], "uv_size": [0.5, 0.5]},
								"up": {"uv": [3, 22], "uv_size": [1, 0.5]},
								"down": {"uv": [22, 3.5], "uv_size": [1, -0.5]}
							}
						},
						{
							"origin": [-0.40354, -2.07325, 0.65151],
							"size": [0.80708, 0.19315, 0.282],
							"uv": {
								"north": {"uv": [4, 22], "uv_size": [1, 0.5]},
								"east": {"uv": [24, 16], "uv_size": [0.5, 0.5]},
								"west": {"uv": [17, 24], "uv_size": [0.5, 0.5]},
								"up": {"uv": [22, 4], "uv_size": [1, 0.5]},
								"down": {"uv": [5, 22.5], "uv_size": [1, -0.5]}
							}
						},
						{
							"origin": [-0.40354, -1.84266, 6.30335],
							"size": [0.80708, 0.53042, 0.56208],
							"uv": {
								"north": {"uv": [22, 5], "uv_size": [1, 0.5]},
								"east": {"uv": [24, 17], "uv_size": [0.5, 0.5]},
								"west": {"uv": [18, 24], "uv_size": [0.5, 0.5]},
								"up": {"uv": [6, 22], "uv_size": [1, 0.5]},
								"down": {"uv": [22, 6.5], "uv_size": [1, -0.5]}
							}
						},
						{
							"origin": [-0.17295, -3.22622, 6.46187],
							"size": [0.34589, 1.39797, 0.23059],
							"uv": {
								"east": {"uv": [19, 16], "uv_size": [0.5, 1.5]},
								"west": {"uv": [17, 19], "uv_size": [0.5, 1.5]},
								"up": {"uv": [24, 18], "uv_size": [0.5, 0.5]}
							}
						},
						{
							"origin": [-0.17295, -4.06212, 6.37541],
							"size": [0.34589, 0.93678, 0.57648],
							"inflate": 0.0001,
							"pivot": [0, -3.36313, 6.57718],
							"rotation": [-45, 0, 0],
							"uv": {
								"east": {"uv": [7, 22], "uv_size": [0.5, 1]},
								"west": {"uv": [22, 7], "uv_size": [0.5, 1]},
								"up": {"uv": [19, 24], "uv_size": [0.5, 0.5]}
							}
						},
						{
							"origin": [-0.1153, -2.56194, 6.41731],
							"size": [0.23059, 0.67736, 0.23059],
							"pivot": [0, -2.22325, 6.53262],
							"rotation": [45, 0, 0],
							"uv": {
								"east": {"uv": [24, 19], "uv_size": [0.5, 0.5]},
								"west": {"uv": [20, 24], "uv_size": [0.5, 0.5]},
								"up": {"uv": [24, 20], "uv_size": [0.5, 0.5]}
							}
						},
						{
							"origin": [-0.17295, -4.42242, 4.01183],
							"size": [0.34589, 0.27383, 2.8536],
							"uv": {
								"north": {"uv": [21, 24], "uv_size": [0.5, 0.5]},
								"east": {"uv": [16, 16], "uv_size": [3, 0.5]},
								"south": {"uv": [24, 21], "uv_size": [0.5, 0.5]},
								"west": {"uv": [17, 0], "uv_size": [3, 0.5]},
								"up": {"uv": [12, 16], "uv_size": [0.5, 3]},
								"down": {"uv": [13, 19], "uv_size": [0.5, -3]}
							}
						},
						{
							"origin": [-0.40354, -5.59752, 6.69248],
							"size": [0.80708, 1.4011, 0.15936],
							"uv": {
								"north": {"uv": [17, 5], "uv_size": [1, 1.5]},
								"east": {"uv": [18, 19], "uv_size": [0.5, 1.5]},
								"south": {"uv": [8, 17], "uv_size": [1, 1.5]},
								"west": {"uv": [19, 19], "uv_size": [0.5, 1.5]},
								"up": {"uv": [8, 22], "uv_size": [1, 0.5]},
								"down": {"uv": [22, 8.5], "uv_size": [1, -0.5]}
							}
						},
						{
							"origin": [-0.17295, -4.09094, 3.55064],
							"size": [0.34589, 0.44677, 3.14184],
							"uv": {
								"east": {"uv": [17, 1], "uv_size": [3, 0.5]},
								"west": {"uv": [9, 17], "uv_size": [3, 0.5]},
								"up": {"uv": [17, 10], "uv_size": [0.5, 3]},
								"down": {"uv": [14, 20], "uv_size": [0.5, -3]}
							}
						},
						{
							"origin": [-0.40354, -5.59752, 4.99766],
							"size": [0.80708, 0.27705, 1.85419],
							"uv": {
								"east": {"uv": [19, 5], "uv_size": [2, 0.5]},
								"west": {"uv": [8, 19], "uv_size": [2, 0.5]},
								"up": {"uv": [14, 15], "uv_size": [1, 2]},
								"down": {"uv": [15, 17], "uv_size": [1, -2]}
							}
						},
						{
							"origin": [-0.40354, -0.45196, 4.45632],
							"size": [0.80708, 0.17295, 0.17295],
							"pivot": [0, -2.27671, 3.52848],
							"rotation": [-45, 0, 0],
							"uv": {
								"east": {"uv": [22, 24], "uv_size": [0.5, 0.5]},
								"west": {"uv": [24, 22], "uv_size": [0.5, 0.5]},
								"up": {"uv": [9, 22], "uv_size": [1, 0.5]},
								"down": {"uv": [22, 9.5], "uv_size": [1, -0.5]}
							}
						},
						{
							"origin": [-0.40354, -0.32967, 4.01697],
							"size": [0.80708, 0.25942, 0.49001],
							"pivot": [0, -2.15442, 3.40619],
							"rotation": [-45, 0, 0],
							"uv": {
								"east": {"uv": [23, 24], "uv_size": [0.5, 0.5]},
								"west": {"uv": [24, 23], "uv_size": [0.5, 0.5]},
								"up": {"uv": [10, 22], "uv_size": [1, 0.5]},
								"down": {"uv": [22, 10.5], "uv_size": [1, -0.5]}
							}
						},
						{
							"origin": [-0.40354, -1.31223, 0.20152],
							"size": [0.80708, 0.34589, 6.69273],
							"uv": {
								"north": {"uv": [11, 22], "uv_size": [1, 0.5]},
								"east": {"uv": [10, 6], "uv_size": [6.5, 0.5]},
								"west": {"uv": [10, 10], "uv_size": [6.5, 0.5]},
								"up": {"uv": [4, 6], "uv_size": [1, 6.5]},
								"down": {"uv": [5, 12.5], "uv_size": [1, -6.5]}
							}
						},
						{
							"origin": [-0.40354, -1.19473, 0.02526],
							"size": [0.80708, 0.22839, 0.20085],
							"uv": {
								"north": {"uv": [22, 11], "uv_size": [1, 0.5]},
								"east": {"uv": [24, 24], "uv_size": [0.5, 0.5]},
								"west": {"uv": [0, 25], "uv_size": [0.5, 0.5]},
								"up": {"uv": [12, 22], "uv_size": [1, 0.5]},
								"down": {"uv": [22, 12.5], "uv_size": [1, -0.5]}
							}
						}
					]
				},
				{
					"name": "group24",
					"parent": "group23",
					"pivot": [0, -4.89972, 5.95061],
					"cubes": [
						{
							"origin": [-0.46119, -1.44081, 2.03051],
							"size": [0.92237, 0.28824, 2.56536],
							"uv": {
								"east": {"uv": [9, 18], "uv_size": [2.5, 0.5]},
								"west": {"uv": [18, 10], "uv_size": [2.5, 0.5]},
								"down": {"uv": [13, 15.5], "uv_size": [1, -2.5]}
							}
						},
						{
							"origin": [-0.46119, -1.4417, 2.43439],
							"size": [0.92237, 0.40764, 0.31707],
							"pivot": [0, -2.27671, 2.08727],
							"rotation": [45, 0, 0],
							"uv": {
								"north": {"uv": [13, 22], "uv_size": [1, 0.5]},
								"east": {"uv": [25, 0], "uv_size": [0.5, 0.5]},
								"west": {"uv": [1, 25], "uv_size": [0.5, 0.5]}
							}
						},
						{
							"origin": [-0.46119, -2.57186, 3.17214],
							"size": [0.92237, 1.66897, 0.51685],
							"inflate": -0.0001,
							"pivot": [0, -2.14554, 2.82304],
							"rotation": [72.5, 0, 0],
							"uv": {
								"north": {"uv": [15, 17], "uv_size": [1, 1.5]},
								"east": {"uv": [0, 20], "uv_size": [0.5, 1.5]},
								"west": {"uv": [20, 0], "uv_size": [0.5, 1.5]}
							}
						},
						{
							"origin": [-0.46119, -2.64525, 5.03725],
							"size": [0.92237, 1.91251, 0.49975],
							"pivot": [0, -2.1881, 4.78996],
							"rotation": [90, 0, 0],
							"uv": {
								"north": {"uv": [4, 16], "uv_size": [1, 2]},
								"east": {"uv": [10, 19], "uv_size": [0.5, 2]},
								"west": {"uv": [11, 19], "uv_size": [0.5, 2]},
								"down": {"uv": [22, 13.5], "uv_size": [1, -0.5]}
							}
						},
						{
							"origin": [-0.51884, -1.78632, 3.14476],
							"size": [1.03767, 0.46119, 0.46119],
							"pivot": [0, -2.27671, 3.93202],
							"rotation": [-45, 0, 0],
							"uv": {
								"north": {"uv": [14, 22], "uv_size": [1, 0.5]},
								"east": {"uv": [25, 1], "uv_size": [0.5, 0.5]},
								"south": {"uv": [22, 14], "uv_size": [1, 0.5]},
								"west": {"uv": [2, 25], "uv_size": [0.5, 0.5]},
								"up": {"uv": [15, 22], "uv_size": [1, 0.5]},
								"down": {"uv": [22, 15.5], "uv_size": [1, -0.5]}
							}
						},
						{
							"origin": [-0.46119, -1.15257, 1.45402],
							"size": [0.92237, 0.23059, 2.79595],
							"uv": {
								"north": {"uv": [16, 22], "uv_size": [1, 0.5]},
								"east": {"uv": [16, 17], "uv_size": [3, 0.5]},
								"south": {"uv": [22, 16], "uv_size": [1, 0.5]},
								"west": {"uv": [0, 18], "uv_size": [3, 0.5]},
								"up": {"uv": [11, 11], "uv_size": [1, 3]}
							}
						},
						{
							"origin": [-0.46119, -1.48555, 4.13324],
							"size": [0.92237, 0.31707, 1.12414],
							"inflate": -0.0001,
							"pivot": [0, -1.28378, 4.6953],
							"rotation": [-27.5, 0, 0],
							"uv": {
								"north": {"uv": [17, 22], "uv_size": [1, 0.5]},
								"east": {"uv": [22, 17], "uv_size": [1, 0.5]},
								"south": {"uv": [18, 22], "uv_size": [1, 0.5]},
								"west": {"uv": [22, 18], "uv_size": [1, 0.5]},
								"up": {"uv": [19, 9], "uv_size": [1, 1]}
							}
						}
					]
				},
				{
					"name": "group25",
					"parent": "stock",
					"pivot": [0, -2.10469, 6.36159]
				}
			]
		}
	]
}