{
	"format_version": "1.21.0",
	"minecraft:geometry": [
		{
			"description": {
				"identifier": "geometry.mk47_laser_ir_device",
				"texture_width": 32,
				"texture_height": 32,
				"visible_bounds_width": 23,
				"visible_bounds_height": 1.5,
				"visible_bounds_offset": [0, 0.25, 0]
			},
			"bones": [
				{
					"name": "bone",
					"pivot": [0, 0, 0]
				},
				{
					"name": "scope_view",
					"parent": "bone",
					"pivot": [-2.15147, 0.85147, 8.75],
					"rotation": [0, 0, -45]
				},
				{
					"name": "peq_box",
					"parent": "bone",
					"pivot": [0, -3, 9.65]
				},
				{
					"name": "an_peq15",
					"parent": "peq_box",
					"pivot": [0, -3, 9.65],
					"cubes": [
						{
							"origin": [-0.79281, 0.57349, -2.5429],
							"size": [0.25, 0.25, 0.1875],
							"pivot": [-0.0054, -0.18613, -5.45571],
							"rotation": [0, 0, 22.5],
							"uv": {
								"north": {"uv": [14, 3], "uv_size": [0.5, 0.5]},
								"east": {"uv": [4, 14], "uv_size": [0.5, 0.5]},
								"south": {"uv": [14, 4], "uv_size": [0.5, 0.5]},
								"west": {"uv": [5, 14], "uv_size": [0.5, 0.5]},
								"up": {"uv": [14, 5], "uv_size": [0.5, 0.5]},
								"down": {"uv": [6, 14.5], "uv_size": [0.5, -0.5]}
							}
						},
						{
							"origin": [-0.31927, 1.26159, -1.4125],
							"size": [1.3125, 0.25, 1],
							"uv": {
								"north": {"uv": [12, 9], "uv_size": [1.5, 0.5]},
								"east": {"uv": [13, 13], "uv_size": [1, 0.5]},
								"south": {"uv": [10, 12], "uv_size": [1.5, 0.5]},
								"west": {"uv": [0, 14], "uv_size": [1, 0.5]},
								"up": {"uv": [10, 9], "uv_size": [1.5, 1]}
							}
						},
						{
							"origin": [-0.68177, -0.19154, -0.9875],
							"size": [1.35, 0.75, 2.75],
							"uv": {
								"north": {"uv": [10, 10], "uv_size": [1.5, 1]},
								"east": {"uv": [6, 1], "uv_size": [3, 1]},
								"south": {"uv": [11, 3], "uv_size": [1.5, 1]},
								"west": {"uv": [6, 2], "uv_size": [3, 1]},
								"down": {"uv": [2, 7], "uv_size": [1.5, -3]}
							}
						}
					]
				},
				{
					"name": "shell",
					"parent": "an_peq15",
					"pivot": [8, -11, 1.65],
					"cubes": [
						{
							"origin": [-0.69427, 1.23034, -2.1],
							"size": [1.75, 0.26562, 2.75],
							"uv": {
								"north": {"uv": [5, 11], "uv_size": [2, 0.5]},
								"south": {"uv": [10, 11], "uv_size": [2, 0.5]},
								"up": {"uv": [0, 4], "uv_size": [2, 3]}
							}
						},
						{
							"origin": [-0.00677, 1.23034, 0.65],
							"size": [1.0625, 0.26562, 1.125],
							"uv": {
								"east": {"uv": [12, 10], "uv_size": [1, 0.5]},
								"south": {"uv": [12, 11], "uv_size": [1, 0.5]},
								"up": {"uv": [5, 12], "uv_size": [1, 1]}
							}
						},
						{
							"origin": [1.8221, 1.23034, 1.22315],
							"size": [0.9375, 0.26562, 0.39063],
							"pivot": [-0.0054, -0.18613, -5.45571],
							"rotation": [0, -22.5, 0],
							"uv": {
								"north": {"uv": [12, 12], "uv_size": [1, 0.5]},
								"south": {"uv": [0, 13], "uv_size": [1, 0.5]},
								"west": {"uv": [14, 6], "uv_size": [0.5, 0.5]},
								"up": {"uv": [13, 0], "uv_size": [1, 0.5]},
								"down": {"uv": [1, 13.5], "uv_size": [1, -0.5]}
							}
						},
						{
							"origin": [-1.02239, 1.23034, -0.2875],
							"size": [0.32812, 0.26562, 2.0625],
							"uv": {
								"up": {"uv": [12, 5], "uv_size": [0.5, 2]}
							}
						},
						{
							"origin": [-4.37899, 1.23034, -2.52036],
							"size": [0.46116, 0.26562, 0.42106],
							"pivot": [-0.0054, -0.18613, -5.45571],
							"rotation": [0, 45, 0],
							"uv": {
								"north": {"uv": [7, 14], "uv_size": [0.5, 0.5]},
								"west": {"uv": [14, 7], "uv_size": [0.5, 0.5]},
								"up": {"uv": [8, 14], "uv_size": [0.5, 0.5]},
								"down": {"uv": [14, 8.5], "uv_size": [0.5, -0.5]}
							}
						},
						{
							"origin": [0.62886, -0.0323, -2.1],
							"size": [0.79687, 0.26563, 3.875],
							"uv": {
								"north": {"uv": [13, 1], "uv_size": [1, 0.5]},
								"south": {"uv": [2, 13], "uv_size": [1, 0.5]},
								"down": {"uv": [4, 8], "uv_size": [1, -4]}
							}
						},
						{
							"origin": [-0.08757, 0.37113, -2.1],
							"size": [0.42187, 0.20313, 3.875],
							"pivot": [-0.0054, -0.18613, -5.45571],
							"rotation": [0, 0, 45],
							"uv": {
								"north": {"uv": [9, 14], "uv_size": [0.5, 0.5]},
								"south": {"uv": [14, 9], "uv_size": [0.5, 0.5]},
								"down": {"uv": [0, 13], "uv_size": [0.5, -4]}
							}
						},
						{
							"origin": [-1.242, 1.23287, -0.56817],
							"size": [0.80208, 0.26309, 0.59416],
							"pivot": [-0.0054, -0.18613, -5.45571],
							"rotation": [0, 22.5, 0],
							"uv": {
								"south": {"uv": [13, 2], "uv_size": [1, 0.5]},
								"up": {"uv": [3, 13], "uv_size": [1, 0.5]},
								"down": {"uv": [13, 3.5], "uv_size": [1, -0.5]}
							}
						},
						{
							"origin": [-0.76375, -0.5238, -2.1],
							"size": [0.20312, 0.42187, 3.875],
							"pivot": [-0.0054, -0.18613, -5.45571],
							"rotation": [0, 0, 45],
							"uv": {
								"north": {"uv": [10, 14], "uv_size": [0.5, 0.5]},
								"south": {"uv": [14, 10], "uv_size": [0.5, 0.5]},
								"west": {"uv": [0, 7], "uv_size": [4, 0.5]}
							}
						},
						{
							"origin": [2.57313, 1.23287, -1.72685],
							"size": [0.80208, 0.26309, 0.59416],
							"pivot": [-0.0054, -0.18613, -5.45571],
							"rotation": [0, -22.5, 0],
							"uv": {
								"north": {"uv": [4, 13], "uv_size": [1, 0.5]},
								"up": {"uv": [13, 4], "uv_size": [1, 0.5]},
								"down": {"uv": [5, 13.5], "uv_size": [1, -0.5]}
							}
						},
						{
							"origin": [-1.05864, -0.0323, -2.1],
							"size": [0.42187, 0.26563, 3.875],
							"uv": {
								"north": {"uv": [11, 14], "uv_size": [0.5, 0.5]},
								"east": {"uv": [8, 5], "uv_size": [4, 0.5]},
								"south": {"uv": [14, 11], "uv_size": [0.5, 0.5]},
								"down": {"uv": [1, 13], "uv_size": [0.5, -4]}
							}
						},
						{
							"origin": [0.33125, 1.399, -2.1],
							"size": [0.6875, 0.375, 3.875],
							"pivot": [-0.0054, -0.18613, -5.45571],
							"rotation": [0, 0, 22.5],
							"uv": {
								"north": {"uv": [12, 14], "uv_size": [0.5, 0.5]},
								"south": {"uv": [14, 12], "uv_size": [0.5, 0.5]},
								"up": {"uv": [2, 9], "uv_size": [0.5, 4]}
							}
						},
						{
							"origin": [1.05566, 1.23287, -0.71698],
							"size": [0.63524, 0.26309, 0.49198],
							"uv": {
								"west": {"uv": [13, 14], "uv_size": [0.5, 0.5]},
								"up": {"uv": [14, 13], "uv_size": [0.5, 0.5]}
							}
						},
						{
							"origin": [-0.43562, 1.25654, -2.1],
							"size": [0.4375, 0.375, 3.875],
							"pivot": [-0.0054, -0.18613, -5.45571],
							"rotation": [0, 0, -22.5],
							"uv": {
								"north": {"uv": [14, 14], "uv_size": [0.5, 0.5]},
								"south": {"uv": [0, 15], "uv_size": [0.5, 0.5]},
								"west": {"uv": [9, 0], "uv_size": [4, 0.5]},
								"up": {"uv": [3, 9], "uv_size": [0.5, 4]}
							}
						},
						{
							"origin": [-1.5949, 0.2012, -2.1],
							"size": [0.375, 0.59375, 3.875],
							"pivot": [-0.0054, -0.18613, -5.45571],
							"rotation": [0, 0, 22.5],
							"uv": {
								"north": {"uv": [15, 0], "uv_size": [0.5, 0.5]},
								"east": {"uv": [9, 1], "uv_size": [4, 0.5]},
								"south": {"uv": [1, 15], "uv_size": [0.5, 0.5]},
								"down": {"uv": [4, 13], "uv_size": [0.5, -4]}
							}
						},
						{
							"origin": [-1.5949, 0.79495, -0.2875],
							"size": [0.1875, 0.18379, 2.0625],
							"pivot": [-0.0054, -0.18613, -5.45571],
							"rotation": [0, 0, 22.5],
							"uv": {
								"north": {"uv": [15, 1], "uv_size": [0.5, 0.5]},
								"east": {"uv": [12, 7], "uv_size": [2, 0.5]},
								"south": {"uv": [2, 15], "uv_size": [0.5, 0.5]},
								"up": {"uv": [6, 12], "uv_size": [0.5, 2]}
							}
						},
						{
							"origin": [-1.32473, 0.23287, -2.1],
							"size": [0.375, 0.54687, 3.875],
							"uv": {
								"north": {"uv": [15, 2], "uv_size": [0.5, 0.5]},
								"east": {"uv": [9, 2], "uv_size": [4, 0.5]},
								"south": {"uv": [3, 15], "uv_size": [0.5, 0.5]}
							}
						},
						{
							"origin": [-1.13723, 0.23287, -2.1],
							"size": [2.82813, 1, 3.875],
							"uv": {
								"north": {"uv": [5, 5], "uv_size": [3, 1]},
								"south": {"uv": [6, 0], "uv_size": [3, 1]},
								"west": {"uv": [5, 4], "uv_size": [4, 1]},
								"up": {"uv": [0, 0], "uv_size": [3, 4]},
								"down": {"uv": [3, 4], "uv_size": [3, -4]}
							}
						},
						{
							"origin": [0.64778, 0.93461, -2.1],
							"size": [0.25, 0.375, 3.875],
							"pivot": [-0.0054, -0.18613, -5.45571],
							"rotation": [0, 0, 45],
							"uv": {
								"north": {"uv": [15, 3], "uv_size": [0.5, 0.5]},
								"south": {"uv": [4, 15], "uv_size": [0.5, 0.5]},
								"west": {"uv": [9, 4], "uv_size": [4, 0.5]}
							}
						},
						{
							"origin": [-1.23459, -0.82276, -2.1],
							"size": [0.375, 0.25, 3.875],
							"pivot": [-0.0054, -0.18613, -5.45571],
							"rotation": [0, 0, 45],
							"uv": {
								"north": {"uv": [15, 4], "uv_size": [0.5, 0.5]},
								"south": {"uv": [5, 15], "uv_size": [0.5, 0.5]},
								"west": {"uv": [9, 8], "uv_size": [4, 0.5]},
								"down": {"uv": [9, 13], "uv_size": [0.5, -4]}
							}
						},
						{
							"origin": [-0.45486, 0.42807, -2.51165],
							"size": [0.65709, 0.9203, 0.625],
							"pivot": [-0.0054, -0.18613, -5.45571],
							"rotation": [0, 0, -22.5],
							"uv": {
								"north": {"uv": [13, 5], "uv_size": [0.5, 1]},
								"south": {"uv": [13, 6], "uv_size": [0.5, 1]},
								"up": {"uv": [15, 5], "uv_size": [0.5, 0.5]},
								"down": {"uv": [6, 15.5], "uv_size": [0.5, -0.5]}
							}
						},
						{
							"origin": [-0.94363, 0.81295, -2.51165],
							"size": [0.40708, 0.2328, 0.625],
							"pivot": [-0.0054, -0.18613, -5.45571],
							"rotation": [0, 0, 22.5],
							"uv": {
								"north": {"uv": [15, 6], "uv_size": [0.5, 0.5]},
								"south": {"uv": [7, 15], "uv_size": [0.5, 0.5]},
								"up": {"uv": [15, 7], "uv_size": [0.5, 0.5]}
							}
						},
						{
							"origin": [-0.74271, 0.71592, -2.51165],
							"size": [1.2328, 0.34459, 0.625],
							"pivot": [-0.0054, -0.18613, -5.45571],
							"rotation": [0, 0, -22.5],
							"uv": {
								"north": {"uv": [7, 13], "uv_size": [1, 0.5]},
								"east": {"uv": [8, 15], "uv_size": [0.5, 0.5]},
								"south": {"uv": [8, 13], "uv_size": [1, 0.5]},
								"west": {"uv": [15, 8], "uv_size": [0.5, 0.5]}
							}
						},
						{
							"origin": [-0.52568, 0.395, -2.51165],
							"size": [0.2328, 0.40709, 0.625],
							"pivot": [-0.0054, -0.18613, -5.45571],
							"rotation": [0, 0, 22.5],
							"uv": {
								"north": {"uv": [9, 15], "uv_size": [0.5, 0.5]},
								"south": {"uv": [15, 9], "uv_size": [0.5, 0.5]},
								"west": {"uv": [10, 15], "uv_size": [0.5, 0.5]}
							}
						},
						{
							"origin": [-1.40827, 0.17403, -2.51165],
							"size": [0.2328, 0.40709, 0.625],
							"pivot": [-0.0054, -0.18613, -5.45571],
							"rotation": [0, 0, 22.5],
							"uv": {
								"north": {"uv": [15, 10], "uv_size": [0.5, 0.5]},
								"east": {"uv": [11, 15], "uv_size": [0.5, 0.5]},
								"south": {"uv": [15, 11], "uv_size": [0.5, 0.5]}
							}
						},
						{
							"origin": [-1.16461, -0.06963, -2.51165],
							"size": [0.40709, 0.2328, 0.625],
							"pivot": [-0.0054, -0.18613, -5.45571],
							"rotation": [0, 0, 22.5],
							"uv": {
								"north": {"uv": [12, 15], "uv_size": [0.5, 0.5]},
								"south": {"uv": [15, 12], "uv_size": [0.5, 0.5]},
								"down": {"uv": [13, 15.5], "uv_size": [0.5, -0.5]}
							}
						}
					]
				},
				{
					"name": "rubber",
					"parent": "an_peq15",
					"pivot": [-1.875, -0.8125, 3.42585],
					"cubes": [
						{
							"origin": [-0.4987, -0.32352, -2.15541],
							"size": [0.28209, 0.41407, 0.7328],
							"pivot": [-0.0054, -0.18613, -5.45571],
							"rotation": [22.5, 0, 0],
							"uv": {
								"north": {"uv": [15, 13], "uv_size": [0.5, 0.5]},
								"east": {"uv": [14, 15], "uv_size": [0.5, 0.5]},
								"south": {"uv": [15, 14], "uv_size": [0.5, 0.5]},
								"west": {"uv": [15, 15], "uv_size": [0.5, 0.5]},
								"up": {"uv": [0, 16], "uv_size": [0.5, 0.5]},
								"down": {"uv": [16, 0.5], "uv_size": [0.5, -0.5]}
							}
						}
					]
				},
				{
					"name": "flashlight",
					"parent": "an_peq15",
					"pivot": [1.5, -3, 9.65],
					"cubes": [
						{
							"origin": [1.1121, -0.94556, -2.82415],
							"size": [0.40709, 0.9828, 4.8125],
							"pivot": [-0.0054, -0.18613, -5.45571],
							"rotation": [0, 0, -45],
							"uv": {
								"north": {"uv": [13, 8], "uv_size": [0.5, 1]},
								"south": {"uv": [9, 13], "uv_size": [0.5, 1]},
								"up": {"uv": [5, 6], "uv_size": [0.5, 5]},
								"down": {"uv": [6, 11], "uv_size": [0.5, -5]}
							}
						},
						{
							"origin": [0.62683, 0.35492, -2.82415],
							"size": [0.9828, 0.40708, 4.8125],
							"uv": {
								"north": {"uv": [10, 13], "uv_size": [1, 0.5]},
								"east": {"uv": [6, 3], "uv_size": [5, 0.5]},
								"south": {"uv": [13, 10], "uv_size": [1, 0.5]},
								"west": {"uv": [7, 6], "uv_size": [5, 0.5]}
							}
						},
						{
							"origin": [0.82424, -0.6577, -2.82415],
							"size": [0.9828, 0.40709, 4.8125],
							"pivot": [-0.0054, -0.18613, -5.45571],
							"rotation": [0, 0, -45],
							"uv": {
								"north": {"uv": [11, 13], "uv_size": [1, 0.5]},
								"east": {"uv": [7, 7], "uv_size": [5, 0.5]},
								"south": {"uv": [13, 11], "uv_size": [1, 0.5]},
								"west": {"uv": [0, 8], "uv_size": [5, 0.5]}
							}
						},
						{
							"origin": [0.91469, 0.06706, -2.82415],
							"size": [0.40708, 0.9828, 4.8125],
							"uv": {
								"north": {"uv": [12, 13], "uv_size": [0.5, 1]},
								"south": {"uv": [13, 12], "uv_size": [0.5, 1]},
								"up": {"uv": [7, 8], "uv_size": [0.5, 5]},
								"down": {"uv": [8, 13], "uv_size": [0.5, -5]}
							}
						}
					]
				},
				{
					"name": "pins",
					"parent": "an_peq15",
					"pivot": [-2.25, -7, 5.9],
					"cubes": [
						{
							"origin": [4.28199, 1.18346, -2.98992],
							"size": [0.3125, 0.375, 0.3125],
							"pivot": [-0.0054, -0.18613, -5.45571],
							"rotation": [0, -45, 0],
							"uv": {
								"north": {"uv": [1, 16], "uv_size": [0.5, 0.5]},
								"east": {"uv": [16, 1], "uv_size": [0.5, 0.5]},
								"south": {"uv": [2, 16], "uv_size": [0.5, 0.5]},
								"west": {"uv": [16, 2], "uv_size": [0.5, 0.5]},
								"up": {"uv": [3, 16], "uv_size": [0.5, 0.5]},
								"down": {"uv": [16, 3.5], "uv_size": [0.5, -0.5]}
							}
						},
						{
							"origin": [1.34517, 3.80535, -2.69402],
							"size": [0.375, 0.3125, 0.3125],
							"pivot": [-0.0054, -0.18613, -5.45571],
							"rotation": [-45, 0, 0],
							"uv": {
								"north": {"uv": [4, 16], "uv_size": [0.5, 0.5]},
								"east": {"uv": [16, 4], "uv_size": [0.5, 0.5]},
								"south": {"uv": [5, 16], "uv_size": [0.5, 0.5]},
								"west": {"uv": [16, 5], "uv_size": [0.5, 0.5]},
								"up": {"uv": [6, 16], "uv_size": [0.5, 0.5]},
								"down": {"uv": [16, 6.5], "uv_size": [0.5, -0.5]}
							}
						},
						{
							"origin": [3.01866, 1.43346, -1.48732],
							"size": [0.3125, 0.125, 0.3125],
							"pivot": [-0.0054, -0.18613, -5.45571],
							"rotation": [0, -45, 0],
							"uv": {
								"north": {"uv": [7, 16], "uv_size": [0.5, 0.5]},
								"east": {"uv": [16, 7], "uv_size": [0.5, 0.5]},
								"south": {"uv": [8, 16], "uv_size": [0.5, 0.5]},
								"west": {"uv": [16, 8], "uv_size": [0.5, 0.5]},
								"up": {"uv": [9, 16], "uv_size": [0.5, 0.5]},
								"down": {"uv": [16, 9.5], "uv_size": [0.5, -0.5]}
							}
						},
						{
							"origin": [2.21591, 1.43346, -2.75411],
							"size": [0.4375, 0.1875, 0.4375],
							"pivot": [-0.0054, -0.18613, -5.45571],
							"rotation": [0, -45, 0],
							"uv": {
								"north": {"uv": [10, 16], "uv_size": [0.5, 0.5]},
								"east": {"uv": [16, 10], "uv_size": [0.5, 0.5]},
								"south": {"uv": [11, 16], "uv_size": [0.5, 0.5]},
								"west": {"uv": [16, 11], "uv_size": [0.5, 0.5]},
								"up": {"uv": [12, 16], "uv_size": [0.5, 0.5]},
								"down": {"uv": [16, 12.5], "uv_size": [0.5, -0.5]}
							}
						}
					]
				},
				{
					"name": "octagon",
					"parent": "an_peq15",
					"pivot": [0, -3, 9.65],
					"cubes": [
						{
							"origin": [4.38424, 1.18346, -0.76864],
							"size": [0.20711, 0.375, 0.5],
							"pivot": [-0.0054, -0.18613, -5.45571],
							"rotation": [0, -45, 0],
							"uv": {
								"north": {"uv": [13, 16], "uv_size": [0.5, 0.5]},
								"south": {"uv": [16, 13], "uv_size": [0.5, 0.5]},
								"up": {"uv": [14, 16], "uv_size": [0.5, 0.5]},
								"down": {"uv": [16, 14.5], "uv_size": [0.5, -0.5]}
							}
						},
						{
							"origin": [-0.42282, 1.18346, 0.9625],
							"size": [0.2071, 0.375, 0.5],
							"uv": {
								"north": {"uv": [15, 16], "uv_size": [0.5, 0.5]},
								"south": {"uv": [16, 15], "uv_size": [0.5, 0.5]},
								"up": {"uv": [16, 16], "uv_size": [0.5, 0.5]}
							}
						},
						{
							"origin": [4.23779, 1.18346, -0.62219],
							"size": [0.5, 0.375, 0.20711],
							"pivot": [-0.0054, -0.18613, -5.45571],
							"rotation": [0, -45, 0],
							"uv": {
								"east": {"uv": [0, 17], "uv_size": [0.5, 0.5]},
								"west": {"uv": [17, 0], "uv_size": [0.5, 0.5]},
								"up": {"uv": [1, 17], "uv_size": [0.5, 0.5]},
								"down": {"uv": [17, 1.5], "uv_size": [0.5, -0.5]}
							}
						},
						{
							"origin": [-0.56927, 1.18346, 1.10895],
							"size": [0.5, 0.375, 0.2071],
							"uv": {
								"east": {"uv": [2, 17], "uv_size": [0.5, 0.5]},
								"west": {"uv": [17, 2], "uv_size": [0.5, 0.5]},
								"up": {"uv": [3, 17], "uv_size": [0.5, 0.5]}
							}
						}
					]
				},
				{
					"name": "hole",
					"parent": "an_peq15",
					"pivot": [-1.88739, -0.37542, 1.1446],
					"cubes": [
						{
							"origin": [-1.19373, 0.18477, -2.5429],
							"size": [0.25, 0.25, 0.1875],
							"pivot": [-0.0054, -0.18613, -5.45571],
							"rotation": [0, 0, 22.5],
							"uv": {
								"north": {"uv": [17, 3], "uv_size": [0.5, 0.5]},
								"east": {"uv": [4, 17], "uv_size": [0.5, 0.5]},
								"south": {"uv": [17, 4], "uv_size": [0.5, 0.5]},
								"west": {"uv": [5, 17], "uv_size": [0.5, 0.5]},
								"up": {"uv": [17, 5], "uv_size": [0.5, 0.5]},
								"down": {"uv": [6, 17.5], "uv_size": [0.5, -0.5]}
							}
						},
						{
							"origin": [1.19911, -0.5701, -2.8554],
							"size": [0.25, 0.25, 0.1875],
							"pivot": [-0.0054, -0.18613, -5.45571],
							"rotation": [0, 0, -45],
							"uv": {
								"north": {"uv": [17, 6], "uv_size": [0.5, 0.5]},
								"east": {"uv": [7, 17], "uv_size": [0.5, 0.5]},
								"west": {"uv": [17, 7], "uv_size": [0.5, 0.5]},
								"up": {"uv": [8, 17], "uv_size": [0.5, 0.5]},
								"down": {"uv": [17, 8.5], "uv_size": [0.5, -0.5]}
							}
						}
					]
				},
				{
					"name": "botton",
					"parent": "an_peq15",
					"pivot": [1.5, -3, 9.65],
					"cubes": [
						{
							"origin": [4.02631, 1.12096, -2.10766],
							"size": [0.40709, 0.4375, 0.9828],
							"pivot": [-0.0054, -0.18613, -5.45571],
							"rotation": [0, -45, 0],
							"uv": {
								"north": {"uv": [9, 17], "uv_size": [0.5, 0.5]},
								"south": {"uv": [17, 9], "uv_size": [0.5, 0.5]},
								"up": {"uv": [14, 0], "uv_size": [0.5, 1]},
								"down": {"uv": [1, 15], "uv_size": [0.5, -1]}
							}
						},
						{
							"origin": [-0.21692, 1.12096, 0.05043],
							"size": [0.9828, 0.4375, 0.40709],
							"uv": {
								"east": {"uv": [10, 17], "uv_size": [0.5, 0.5]},
								"west": {"uv": [17, 10], "uv_size": [0.5, 0.5]},
								"up": {"uv": [14, 1], "uv_size": [1, 0.5]}
							}
						},
						{
							"origin": [3.73846, 1.12096, -1.81981],
							"size": [0.9828, 0.4375, 0.40709],
							"pivot": [-0.0054, -0.18613, -5.45571],
							"rotation": [0, -45, 0],
							"uv": {
								"east": {"uv": [11, 17], "uv_size": [0.5, 0.5]},
								"west": {"uv": [17, 11], "uv_size": [0.5, 0.5]},
								"up": {"uv": [2, 14], "uv_size": [1, 0.5]},
								"down": {"uv": [14, 2.5], "uv_size": [1, -0.5]}
							}
						},
						{
							"origin": [0.07094, 1.12096, -0.23742],
							"size": [0.40708, 0.4375, 0.9828],
							"uv": {
								"north": {"uv": [12, 17], "uv_size": [0.5, 0.5]},
								"south": {"uv": [17, 12], "uv_size": [0.5, 0.5]},
								"up": {"uv": [3, 14], "uv_size": [0.5, 1]}
							}
						}
					]
				},
				{
					"name": "laser_beam",
					"pivot": [-0.79687, 0.67188, -2.51562]
				}
			]
		}
	]
}